codigo_ibge,municipio,uf,regiao,populacao_2025,populacao_censo_2022,rank_populacao_br,rank_populacao_uf,pib_2023_mil_reais,pib_per_capita_2023_reais,area_km2,densidade_hab_km2,idhm_2010
1100015,Alta Floresta D'Oeste,RO,Norte,22787,21494,1561,16,1046343,48681,7067.127,3.04,0.641
1100023,Ariquemes,RO,Norte,109170,96833,307,4,4383815,45272,4426.571,21.88,0.702
1100031,Cabixi,RO,Norte,5664,5351,4088,44,300832,56220,1314.352,4.07,0.65
1100049,Cacoal,RO,Norte,98280,86887,347,5,3848468,44293,3793,22.91,0.718
1100056,Cerejeiras,RO,Norte,16966,15890,2076,21,1006389,63335,2783.3,5.71,0.692
1100064,Colorado do Oeste,RO,Norte,16508,15663,2108,22,580899,37087,1451.06,10.79,0.685
1100072,Corumbiara,RO,Norte,7968,7519,3457,39,509566,67770,3060.321,2.46,0.613
1100080,Costa Marques,RO,Norte,13510,12627,2507,26,413943,32782,4987.177,2.53,0.611
1100098,Espigão D'Oeste,RO,Norte,32842,29414,1073,12,1023973,34812,4518.038,6.51,0.672
1100106,Guajará-Mirim,RO,Norte,43594,39387,786,8,1145034,29071,24856.877,1.58,0.657
1100114,Jaru,RO,Norte,55682,50591,615,7,2515558,49723,2944.128,17.18,0.689
1100122,Ji-Paraná,RO,Norte,140101,124333,224,2,5824472,46846,6896.649,18.03,0.714
1100130,Machadinho D'Oeste,RO,Norte,34149,30707,1018,11,1055806,34383,8509.27,3.61,0.596
1100148,Nova Brasilândia D'Oeste,RO,Norte,16374,15679,2117,23,731952,46684,1703.008,9.21,0.643
1100155,Ouro Preto do Oeste,RO,Norte,38684,35044,892,10,1275479,36397,1969.85,17.79,0.682
1100189,Pimenta Bueno,RO,Norte,39220,35079,875,9,2124340,60559,6241.016,5.62,0.71
1100205,Porto Velho,RO,Norte,517709,460434,44,1,25402193,55170,34090.952,13.51,0.736
1100254,Presidente Médici,RO,Norte,20443,19327,1719,18,776281,40166,1758.465,10.99,0.664
1100262,Rio Crespo,RO,Norte,3767,3471,4782,49,265160,76393,1717.64,2.02,0.643
1100288,Rolim de Moura,RO,Norte,62959,56406,549,6,2287631,40557,1457.811,38.69,0.7
1100296,Santa Luzia D'Oeste,RO,Norte,7837,7419,3481,40,291887,39343,1197.796,6.19,0.67
1100304,Vilhena,RO,Norte,109651,95832,304,3,5115785,53383,11699.15,8.19,0.731
1100320,São Miguel do Guaporé,RO,Norte,22305,21635,1593,17,1549192,71606,7460.117,2.9,0.646
1100338,Nova Mamoré,RO,Norte,28701,25444,1238,14,1060566,41682,10070.49,2.53,0.587
1100346,Alvorada D'Oeste,RO,Norte,13720,13117,2488,25,486626,37099,3029.189,4.33,0.643
1100379,Alto Alegre dos Parecis,RO,Norte,12237,11479,2657,28,575129,50103,3958.273,2.9,0.592
1100403,Alto Paraíso,RO,Norte,17467,16320,2027,20,667923,40927,2651.822,6.15,0.625
1100452,Buritis,RO,Norte,30649,27992,1163,13,1221008,43620,3265.809,8.57,0.616
1100502,Novo Horizonte do Oeste,RO,Norte,7972,7667,3456,38,331958,43297,843.446,9.09,0.634
1100601,Cacaulândia,RO,Norte,4292,4150,4574,48,238989,57588,1961.778,2.12,0.646
1100700,Campo Novo de Rondônia,RO,Norte,9095,8844,3256,34,455251,51476,3442.005,2.57,0.593
1100809,Candeias do Jamari,RO,Norte,24313,22310,1488,15,1001610,44895,6843.868,3.26,0.649
1100908,Castanheiras,RO,Norte,3450,3233,4898,50,138594,42869,892.841,3.62,0.658
1100924,Chupinguaia,RO,Norte,10191,9324,3078,31,673990,72285,5126.723,1.82,0.652
1100940,Cujubim,RO,Norte,15877,14863,2158,24,582148,39168,3863.946,3.85,0.612
1101005,Governador Jorge Teixeira,RO,Norte,8340,8001,3376,36,320123,40010,5067.384,1.58,0.596
1101104,Itapuã do Oeste,RO,Norte,9228,8548,3230,33,340162,39794,4081.58,2.09,0.614
1101203,Ministro Andreazza,RO,Norte,6519,6466,3814,43,440282,68092,798.083,8.1,0.638
1101302,Mirante da Serra,RO,Norte,9657,9235,3150,32,380179,41167,1191.875,7.75,0.643
1101401,Monte Negro,RO,Norte,12168,11548,2663,29,526990,45635,1931.378,5.98,0.607
1101435,Nova União,RO,Norte,6541,6200,3806,42,193557,31219,807.125,7.68,0.587
1101450,Parecis,RO,Norte,4372,4125,4543,47,201510,48851,2548.683,1.62,0.617
1101468,Pimenteiras do Oeste,RO,Norte,2309,2156,5351,52,355185,164743,6014.733,0.36,0.665
1101476,Primavera de Rondônia,RO,Norte,3268,3076,4963,51,131193,42651,605.692,5.08,0.641
1101484,São Felipe D'Oeste,RO,Norte,5588,5258,4114,45,177906,33835,541.647,9.71,0.649
1101492,São Francisco do Guaporé,RO,Norte,17557,16286,2015,19,716411,43989,10948.593,1.49,0.611
1101500,Seringueiras,RO,Norte,12965,11171,2566,27,446997,40014,3773.505,2.96,0.598
1101559,Teixeirópolis,RO,Norte,4521,4256,4466,46,156426,36754,459.978,9.25,0.643
1101609,Theobroma,RO,Norte,8459,8113,3356,35,307754,37933,2197.413,3.69,0.589
1101708,Urupá,RO,Norte,11314,10725,2797,30,370214,34519,831.857,12.89,0.609
1101757,Vale do Anari,RO,Norte,8220,7788,3408,37,257311,33039,3135.106,2.48,0.584
1101807,Vale do Paraíso,RO,Norte,6790,6479,3743,41,225187,34756,965.676,6.71,0.627
1200013,Acrelândia,AC,Norte,14712,14021,2285,15,502663,35851,1811.613,7.74,0.604
1200054,Assis Brasil,AC,Norte,8648,8100,3327,21,187366,23132,4979.073,1.63,0.588
1200104,Brasiléia,AC,Norte,28028,26000,1269,6,929800,35762,3928.174,6.62,0.614
1200138,Bujari,AC,Norte,13928,12917,2459,16,365419,28290,3034.869,4.26,0.589
1200179,Capixaba,AC,Norte,10981,10392,2868,19,530657,51064,1705.824,6.09,0.575
1200203,Cruzeiro do Sul,AC,Norte,98916,91888,340,2,2680143,29167,8783.47,10.46,0.664
1200252,Epitaciolândia,AC,Norte,19874,18757,1760,9,793427,42300,1652.674,11.35,0.653
1200302,Feijó,AC,Norte,37764,35426,916,5,741344,20927,27976.874,1.27,0.539
1200328,Jordão,AC,Norte,9884,9222,3120,20,150648,16336,5357.227,1.72,0.469
1200336,Mâncio Lima,AC,Norte,20479,19294,1715,8,339224,17582,5451.617,3.54,0.625
1200344,Manoel Urbano,AC,Norte,12923,11996,2571,17,262614,21892,10630.6,1.13,0.551
1200351,Marechal Thaumaturgo,AC,Norte,18057,17093,1929,11,288045,16852,8190.953,2.09,0.501
1200385,Plácido de Castro,AC,Norte,17107,16560,2064,13,764818,46185,1952.555,8.48,0.622
1200393,Porto Walter,AC,Norte,11333,10735,2794,18,200512,18678,6446.385,1.67,0.532
1200401,Rio Branco,AC,Norte,389001,364756,69,1,12960966,35533,8835.154,41.28,0.727
1200427,Rodrigues Alves,AC,Norte,15560,14938,2198,14,293645,19658,3076.342,4.86,0.567
1200435,Santa Rosa do Purus,AC,Norte,7217,6723,3641,22,124070,18455,6155.858,1.09,0.517
1200450,Senador Guiomard,AC,Norte,22402,21454,1588,7,1111821,51823,2320.169,9.25,0.64
1200500,Sena Madureira,AC,Norte,44049,41343,774,4,972648,23526,23759.512,1.74,0.603
1200609,Tarauacá,AC,Norte,46816,43467,731,3,932080,21443,20169.485,2.16,0.539
1200708,Xapuri,AC,Norte,19170,18243,1813,10,626026,34316,5350.586,3.41,0.599
1200807,Porto Acre,AC,Norte,17523,16693,2019,12,533386,31953,2604.417,6.41,0.576
1300029,Alvarães,AM,Norte,16806,15866,2087,46,242584,15290,5923.461,2.68,0.527
1300060,Amaturá,AM,Norte,11533,10819,2742,58,134732,12453,4754.109,2.28,0.56
1300086,Anamã,AM,Norte,9981,9962,3105,61,154694,15528,2446.121,4.07,0.594
1300102,Anori,AM,Norte,18056,17194,1931,44,297171,17283,6036.38,2.85,0.561
1300144,Apuí,AM,Norte,21781,20647,1626,35,386133,18702,54240.545,0.38,0.637
1300201,Atalaia do Norte,AM,Norte,15889,15314,2157,49,206769,13502,76507.617,0.2,0.45
1300300,Autazes,AM,Norte,45960,41564,741,14,584990,14074,7652.852,5.43,0.577
1300409,Barcelos,AM,Norte,18210,18834,1910,42,242100,12854,122461.086,0.15,0.5
1300508,Barreirinha,AM,Norte,33722,31051,1037,20,398068,12820,5751.765,5.4,0.574
1300607,Benjamin Constant,AM,Norte,40908,37648,834,15,469445,12469,8705.441,4.32,0.574
1300631,Beruri,AM,Norte,22495,20718,1581,34,262121,12652,17472.779,1.19,0.506
1300680,Boa Vista do Ramos,AM,Norte,26479,23785,1331,28,243779,10249,2589.407,9.19,0.565
1300706,Boca do Acre,AM,Norte,38792,35447,887,16,661735,18668,21938.583,1.62,0.588
1300805,Borba,AM,Norte,34869,33080,991,19,435684,13171,44236.184,0.75,0.56
1300839,Caapiranga,AM,Norte,14806,13469,2274,52,219112,16268,9455.539,1.42,0.569
1300904,Canutama,AM,Norte,18109,16869,1924,43,208247,12345,33642.732,0.5,0.53
1301001,Carauari,AM,Norte,31130,28742,1147,23,433322,15076,25778.658,1.11,0.549
1301100,Careiro,AM,Norte,32336,30792,1095,22,436682,14182,6096.212,5.05,0.557
1301159,Careiro da Várzea,AM,Norte,20324,19637,1731,38,418938,21334,2627.474,7.47,0.568
1301209,Coari,AM,Norte,73576,70616,474,6,3893679,55139,57970.768,1.22,0.586
1301308,Codajás,AM,Norte,24572,23549,1462,33,637713,27080,18700.713,1.26,0.563
1301407,Eirunepé,AM,Norte,35793,33170,966,17,683640,20610,14966.242,2.22,0.563
1301506,Envira,AM,Norte,17985,17186,1941,45,236124,13739,7505.794,2.29,0.509
1301605,Fonte Boa,AM,Norte,28227,25871,1260,25,324329,12536,12155.427,2.13,0.53
1301654,Guajará,AM,Norte,14344,13815,2350,53,184646,13366,7583.534,1.82,0.532
1301704,Humaitá,AM,Norte,63454,57473,543,10,926065,16113,33111.129,1.74,0.605
1301803,Ipixuna,AM,Norte,25629,24311,1371,30,247844,10195,12109.779,2.01,0.481
1301852,Iranduba,AM,Norte,68862,61163,498,8,1263496,20658,2216.817,27.59,0.613
1301902,Itacoatiara,AM,Norte,113917,103598,293,2,3321936,32066,8891.906,11.65,0.644
1301951,Itamarati,AM,Norte,11956,10937,2686,57,161777,14792,25260.429,0.43,0.477
1302009,Itapiranga,AM,Norte,10955,10162,2874,60,196557,19342,4335.075,2.34,0.654
1302108,Japurá,AM,Norte,9420,8858,3192,62,145337,16407,55827.203,0.16,0.522
1302207,Juruá,AM,Norte,11093,10742,2843,59,147950,13773,19442.548,0.55,0.522
1302306,Jutaí,AM,Norte,28202,25172,1261,26,394550,15674,69457.415,0.36,0.516
1302405,Lábrea,AM,Norte,49469,45448,693,13,742982,16348,68262.68,0.67,0.531
1302504,Manacapuru,AM,Norte,111751,101883,297,3,1917413,18820,7336.579,13.89,0.614
1302553,Manaquiri,AM,Norte,16211,17107,2133,48,303947,17767,3973.258,4.31,0.596
1302603,Manaus,AM,Norte,2303732,2063689,7,1,127649795,61855,11401.092,181.01,0.737
1302702,Manicoré,AM,Norte,58018,53914,590,11,926410,17183,48315.038,1.12,0.582
1302801,Maraã,AM,Norte,15815,15529,2165,50,202680,13052,16830.827,0.92,0.498
1302900,Maués,AM,Norte,66336,61204,516,9,695907,11370,39991.066,1.53,0.588
1303007,Nhamundá,AM,Norte,21251,20136,1670,36,239731,11906,14107.04,1.43,0.586
1303106,Nova Olinda do Norte,AM,Norte,28123,27062,1266,27,354693,13107,5578.132,4.85,0.558
1303205,Novo Airão,AM,Norte,16562,15761,2105,47,243316,15438,37776.77,0.42,0.57
1303304,Novo Aripuanã,AM,Norte,25325,23818,1389,32,311737,13088,41179.656,0.58,0.554
1303403,Parintins,AM,Norte,101855,96372,333,4,1656949,17193,5956.047,16.18,0.658
1303502,Pauini,AM,Norte,20229,19373,1737,40,237839,12277,41624.664,0.47,0.496
1303536,Presidente Figueiredo,AM,Norte,33291,30668,1051,21,730303,23813,25459.099,1.2,0.647
1303569,Rio Preto da Eva,AM,Norte,25364,24936,1387,31,495858,19885,5815.622,4.29,0.611
1303601,Santa Isabel do Rio Negro,AM,Norte,13947,14164,2453,54,197857,13969,62800.078,0.23,0.479
1303700,Santo Antônio do Içá,AM,Norte,30679,28211,1161,24,354277,12558,12366.214,2.28,0.49
1303809,São Gabriel da Cachoeira,AM,Norte,57396,51795,595,12,584409,11283,109192.562,0.47,0.609
1303908,São Paulo de Olivença,AM,Norte,35442,32967,973,18,358400,10871,19658.502,1.68,0.521
1303957,São Sebastião do Uatumã,AM,Norte,12338,11670,2643,56,145515,12469,10647.463,1.1,0.577
1304005,Silves,AM,Norte,12619,11559,2605,55,434235,37567,3723.382,3.1,0.632
1304062,Tabatinga,AM,Norte,73348,66764,478,7,849681,12727,3260.103,20.48,0.616
1304104,Tapauá,AM,Norte,20728,19599,1700,37,318010,16226,84946.035,0.23,0.502
1304203,Tefé,AM,Norte,80137,73669,423,5,1619517,21984,23692.223,3.11,0.639
1304237,Tonantins,AM,Norte,20257,19247,1736,39,214602,11150,6446.894,2.99,0.548
1304260,Uarini,AM,Norte,15640,14431,2191,51,265246,18380,10274.677,1.4,0.527
1304302,Urucará,AM,Norte,19617,18631,1778,41,244547,13126,27901.962,0.67,0.62
1304401,Urucurituba,AM,Norte,25965,23945,1356,29,297173,12411,2886.494,8.3,0.588
1400027,Amajari,RR,Norte,16112,13927,2141,10,329100,23630,28473.45,0.49,0.484
1400050,Alto Alegre,RR,Norte,23589,21096,1527,3,802540,38042,25454.297,0.83,0.542
1400100,Boa Vista,RR,Norte,485477,413486,50,1,18234169,44099,5687.037,72.71,0.752
1400159,Bonfim,RR,Norte,15570,13923,2197,11,772903,55513,8079.914,1.72,0.626
1400175,Cantá,RR,Norte,21102,18682,1677,6,498394,26678,7664.831,2.44,0.619
1400209,Caracaraí,RR,Norte,22750,20957,1563,5,637454,30417,47379.903,0.44,0.624
1400233,Caroebe,RR,Norte,12004,10656,2678,12,317377,29784,12065.896,0.88,0.639
1400282,Iracema,RR,Norte,10937,10023,2880,13,279559,27892,14011.695,0.72,0.582
1400308,Mucajaí,RR,Norte,20006,18095,1751,7,552044,30508,12337.851,1.47,0.665
1400407,Normandia,RR,Norte,16323,13986,2124,8,370956,26523,6959.868,2.01,0.594
1400456,Pacaraima,RR,Norte,23112,19305,1547,4,447421,23176,8025.045,2.41,0.65
1400472,Rorainópolis,RR,Norte,37787,32647,915,2,981040,30050,33579.739,0.97,0.619
1400506,São João da Baliza,RR,Norte,9969,8858,3106,14,425809,48071,4284.505,2.07,0.655
1400605,São Luiz do Anauá,RR,Norte,7848,7315,3479,15,221585,30292,1526.898,4.79,0.649
1400704,Uiramutã,RR,Norte,16186,13751,2138,9,254453,18504,8113.598,1.69,0.453
1500107,Abaetetuba,PA,Norte,172344,158188,183,7,2441092,15432,1610.654,98.21,0.628
1500131,Abel Figueiredo,PA,Norte,6275,6136,3905,141,131077,21362,614.131,9.99,0.622
1500206,Acará,PA,Norte,63110,59023,547,32,2111467,35774,4344.384,13.59,0.506
1500305,Afuá,PA,Norte,40473,37765,843,54,665557,17624,8338.438,4.53,0.489
1500347,Água Azul do Norte,PA,Norte,17596,18080,1999,115,1047226,57922,7113.955,2.54,0.564
1500404,Alenquer,PA,Norte,75882,69377,454,21,1578584,22754,23645.452,2.93,0.564
1500503,Almeirim,PA,Norte,36442,34280,948,64,593847,17323,72954.798,0.47,0.642
1500602,Altamira,PA,Norte,138749,126279,229,10,3887894,30788,159533.306,0.79,0.665
1500701,Anajás,PA,Norte,30247,28011,1179,74,370838,13239,6913.64,4.05,0.484
1500800,Ananindeua,PA,Norte,509227,478778,46,2,11473897,23965,190.581,2512.2,0.718
1500859,Anapu,PA,Norte,35638,31850,969,65,715999,22480,11895.27,2.68,0.548
1500909,Augusto Corrêa,PA,Norte,47912,44573,711,46,490157,10997,1099.619,40.53,0.52
1500958,Aurora do Pará,PA,Norte,24193,23774,1496,98,390415,16422,1811.84,13.12,0.519
1501006,Aveiro,PA,Norte,19380,18290,1800,107,228317,12483,17074.053,1.07,0.541
1501105,Bagre,PA,Norte,35147,31892,986,67,329848,10343,4397.321,7.25,0.471
1501204,Baião,PA,Norte,56850,51641,602,38,799363,15479,3759.834,13.73,0.578
1501253,Bannach,PA,Norte,4290,4031,4576,144,153995,38203,2956.649,1.36,0.594
1501303,Barcarena,PA,Norte,139076,126650,225,9,9190033,72562,1310.338,96.65,0.662
1501402,Belém,PA,Norte,1397315,1303403,11,1,40536062,31100,1059.466,1230.25,0.746
1501451,Belterra,PA,Norte,19075,18099,1824,111,352844,19495,4398.418,4.11,0.588
1501501,Benevides,PA,Norte,68962,63567,495,27,3338145,52514,187.826,338.44,0.665
1501576,Bom Jesus do Tocantins,PA,Norte,19129,18005,1819,110,336974,18716,2816.604,6.39,0.589
1501600,Bonito,PA,Norte,12961,12622,2570,128,147258,11667,586.976,21.5,0.546
1501709,Bragança,PA,Norte,132489,123082,243,12,1977330,16065,2124.734,57.93,0.6
1501725,Brasil Novo,PA,Norte,27130,24718,1300,84,517482,20935,6362.575,3.88,0.613
1501758,Brejo Grande do Araguaia,PA,Norte,6966,6783,3707,139,143221,21115,1288.477,5.26,0.591
1501782,Breu Branco,PA,Norte,47066,45712,727,48,802221,17549,3941.904,11.6,0.568
1501808,Breves,PA,Norte,116058,106968,289,14,1515250,14165,9566.572,11.18,0.503
1501907,Bujaru,PA,Norte,25065,24383,1413,95,688320,28230,994.691,24.51,0.552
1501956,Cachoeira do Piriá,PA,Norte,19223,19630,1807,108,237908,12120,2419.6,8.11,0.473
1502004,Cachoeira do Arari,PA,Norte,25467,23981,1380,93,354702,14791,3100.261,7.74,0.546
1502103,Cametá,PA,Norte,144859,134184,215,8,1901553,14171,3081.367,43.55,0.577
1502152,Canaã dos Carajás,PA,Norte,89524,77079,380,19,16621560,215643,3146.821,24.49,0.673
1502202,Capanema,PA,Norte,75309,70394,459,22,1883282,26753,621.483,113.27,0.655
1502301,Capitão Poço,PA,Norte,60318,56506,570,35,900134,15930,2901.026,19.48,0.548
1502400,Castanhal,PA,Norte,209126,192256,155,6,6318091,32863,1029.3,186.78,0.673
1502509,Chaves,PA,Norte,21501,20757,1650,101,331190,15956,12534.995,1.66,0.453
1502608,Colares,PA,Norte,13625,12868,2497,125,136194,10584,384.068,33.5,0.602
1502707,Conceição do Araguaia,PA,Norte,47144,44617,724,47,985296,22083,5829.482,7.65,0.64
1502756,Concórdia do Pará,PA,Norte,28270,26881,1258,81,520832,19375,700.59,38.37,0.566
1502764,Cumaru do Norte,PA,Norte,15150,14036,2229,121,479032,34129,17085.001,0.82,0.55
1502772,Curionópolis,PA,Norte,20975,19950,1686,105,737806,36983,2369.096,8.42,0.636
1502806,Curralinho,PA,Norte,36814,33903,942,62,396832,11705,3617.252,9.37,0.502
1502855,Curuá,PA,Norte,14954,14117,2252,122,192168,13613,1431.134,9.86,0.578
1502905,Curuçá,PA,Norte,44880,41262,761,50,485458,11765,676.322,61.01,0.582
1502939,Dom Eliseu,PA,Norte,62823,58484,550,33,1332437,22783,5268.809,11.1,0.615
1502954,Eldorado do Carajás,PA,Norte,29287,28192,1213,76,736064,26109,2956.691,9.53,0.56
1503002,Faro,PA,Norte,9167,8728,3242,133,102052,11692,11771.669,0.74,0.563
1503044,Floresta do Araguaia,PA,Norte,18595,17898,1875,113,657025,36709,3444.285,5.2,0.583
1503077,Garrafão do Norte,PA,Norte,25558,24703,1374,92,426847,17279,1608.014,15.36,0.526
1503093,Goianésia do Pará,PA,Norte,26703,26362,1318,86,595811,22601,7023.948,3.75,0.56
1503101,Gurupá,PA,Norte,34137,31786,1020,68,489497,15400,8570.286,3.71,0.509
1503200,Igarapé-Açu,PA,Norte,37925,35797,913,57,599286,16741,785.983,45.54,0.595
1503309,Igarapé-Miri,PA,Norte,69446,64831,492,26,1021946,15763,1996.79,32.47,0.547
1503408,Inhangapi,PA,Norte,10784,10325,2922,132,230530,22327,472.605,21.85,0.572
1503457,Ipixuna do Pará,PA,Norte,29264,30329,1214,77,612707,20202,5215.555,5.82,0.489
1503507,Irituia,PA,Norte,32740,30955,1078,69,377735,12203,1385.209,22.35,0.559
1503606,Itaituba,PA,Norte,135369,123314,238,11,3806020,30864,62042.472,1.99,0.64
1503705,Itupiranga,PA,Norte,52201,49754,656,43,979792,19693,7880.109,6.31,0.528
1503754,Jacareacanga,PA,Norte,26579,24042,1325,87,732418,30464,53304.563,0.45,0.505
1503804,Jacundá,PA,Norte,37726,37707,917,58,800237,21223,2008.315,18.78,0.622
1503903,Juruti,PA,Norte,54255,50881,629,41,1184842,23287,8305.454,6.13,0.592
1504000,Limoeiro do Ajuru,PA,Norte,32088,29569,1113,71,601991,20359,1490.186,19.84,0.541
1504059,Mãe do Rio,PA,Norte,37473,34353,922,59,488400,14217,469.341,73.19,0.599
1504109,Magalhães Barata,PA,Norte,8439,8115,3360,135,121851,15016,323.984,25.05,0.597
1504208,Marabá,PA,Norte,290975,266533,103,5,9748965,36577,15128.058,17.62,0.668
1504307,Maracanã,PA,Norte,27129,25971,1301,85,361786,13930,807.628,32.16,0.57
1504406,Marapanim,PA,Norte,28159,26573,1263,82,333941,12567,804.625,33.03,0.609
1504422,Marituba,PA,Norte,119437,111785,274,13,2780522,24874,103.214,1083.04,0.676
1504455,Medicilândia,PA,Norte,28677,27094,1239,80,1140469,42093,8272.629,3.28,0.582
1504505,Melgaço,PA,Norte,30080,27881,1185,75,347499,12464,6774.065,4.12,0.418
1504604,Mocajuba,PA,Norte,28903,27198,1227,79,480360,17662,871.171,31.22,0.575
1504703,Moju,PA,Norte,91760,84094,373,18,2156273,25641,9094.139,9.25,0.547
1504752,Mojuí dos Campos,PA,Norte,25818,23501,1363,88,457251,19457,4988.236,4.71,
1504802,Monte Alegre,PA,Norte,64002,60012,536,30,1227319,20451,18152.559,3.31,0.589
1504901,Muaná,PA,Norte,49648,45368,689,44,464374,10236,3763.337,12.06,0.547
1504950,Nova Esperança do Piriá,PA,Norte,21304,20478,1666,103,334512,16335,2808.195,7.29,0.502
1504976,Nova Ipixuna,PA,Norte,14400,13955,2337,123,231145,16564,1564.184,8.92,0.581
1505007,Nova Timboteua,PA,Norte,13175,12806,2541,127,185077,14452,489.853,26.14,0.609
1505031,Novo Progresso,PA,Norte,37054,33638,933,61,1541048,45813,38162.002,0.88,0.673
1505064,Novo Repartimento,PA,Norte,63796,60732,539,31,1406400,23157,15398.723,3.94,0.537
1505106,Óbidos,PA,Norte,55527,52229,616,40,921982,17653,28011.041,1.86,0.594
1505205,Oeiras do Pará,PA,Norte,36734,33844,944,63,535992,15837,3852.291,8.79,0.507
1505304,Oriximiná,PA,Norte,72889,68294,480,25,1739412,25469,107613.838,0.63,0.623
1505403,Ourém,PA,Norte,18783,17855,1849,112,279081,15630,561.71,31.79,0.568
1505437,Ourilândia do Norte,PA,Norte,35252,32467,981,66,1053014,32433,14410.567,2.25,0.624
1505486,Pacajá,PA,Norte,43741,41097,779,52,1114328,27115,11832.323,3.47,0.515
1505494,Palestina do Pará,PA,Norte,7063,6885,3682,138,127592,18532,984.362,6.99,0.589
1505502,Paragominas,PA,Norte,113498,105550,294,15,5308605,50295,19342.565,5.46,0.645
1505536,Parauapebas,PA,Norte,305771,267836,94,4,26421067,98646,6885.794,38.9,0.715
1505551,Pau D'Arco,PA,Norte,7354,6931,3605,137,153521,22150,1671.419,4.15,0.574
1505601,Peixe-Boi,PA,Norte,8686,8285,3318,134,100657,12149,450.224,18.4,0.581
1505635,Piçarra,PA,Norte,13366,12832,2527,126,361690,28187,3312.708,3.87,0.563
1505650,Placas,PA,Norte,18510,18668,1883,114,491402,26323,7173.194,2.6,0.552
1505700,Ponta de Pedras,PA,Norte,25736,24984,1367,90,313392,12544,3363.749,7.43,0.562
1505809,Portel,PA,Norte,67580,62503,509,28,1153540,18456,25384.96,2.46,0.483
1505908,Porto de Moz,PA,Norte,44121,40597,772,51,507177,12493,17423.017,2.33,0.503
1506005,Prainha,PA,Norte,38733,35577,889,56,548886,15428,14786.953,2.41,0.523
1506104,Primavera,PA,Norte,11379,10851,2783,130,564056,51982,258.6,41.96,0.577
1506112,Quatipuru,PA,Norte,11838,11524,2702,129,147129,12767,302.939,38.04,0.543
1506138,Redenção,PA,Norte,92694,85597,369,17,3681706,43012,3823.809,22.39,0.672
1506161,Rio Maria,PA,Norte,19190,18384,1812,109,1007363,54796,4114.627,4.47,0.638
1506187,Rondon do Pará,PA,Norte,57031,53143,599,37,1083239,20383,8246.394,6.44,0.602
1506195,Rurópolis,PA,Norte,37198,35769,930,60,605554,16930,7021.321,5.09,0.548
1506203,Salinópolis,PA,Norte,48663,44772,704,45,802287,17919,226.12,198,0.647
1506302,Salvaterra,PA,Norte,25687,24129,1369,91,270698,11219,918.563,26.27,0.608
1506351,Santa Bárbara do Pará,PA,Norte,22530,21087,1578,99,300184,14236,278.154,75.81,0.627
1506401,Santa Cruz do Arari,PA,Norte,7626,7445,3531,136,115245,15480,1076.652,6.91,0.557
1506500,Santa Izabel do Pará,PA,Norte,79195,73019,429,20,1828145,25037,717.662,101.75,0.659
1506559,Santa Luzia do Pará,PA,Norte,21295,20370,1667,104,258360,12683,1346.502,15.13,0.546
1506583,Santa Maria das Barreiras,PA,Norte,17065,16548,2067,117,943386,57009,10330.214,1.6,0.544
1506609,Santa Maria do Pará,PA,Norte,25815,24624,1364,89,570081,23151,457.724,53.8,0.598
1506708,Santana do Araguaia,PA,Norte,30455,32413,1172,73,1978254,61033,11591.441,2.8,0.602
1506807,Santarém,PA,Norte,360871,331942,80,3,8681869,26155,17898.389,18.55,0.691
1506906,Santarém Novo,PA,Norte,6355,6116,3873,140,81217,13279,229.51,26.65,0.587
1507003,Santo Antônio do Tauá,PA,Norte,29234,27461,1217,78,687291,25028,537.618,51.08,0.632
1507102,São Caetano de Odivelas,PA,Norte,17258,16666,2048,116,241829,14510,464.166,35.91,0.585
1507151,São Domingos do Araguaia,PA,Norte,21555,21092,1642,100,490029,23233,1392.464,15.15,0.594
1507201,São Domingos do Capim,PA,Norte,32554,30599,1086,70,654079,21376,1686.765,18.14,0.532
1507300,São Félix do Xingu,PA,Norte,64651,65418,532,29,2352014,35954,84212.903,0.78,0.594
1507409,São Francisco do Pará,PA,Norte,15429,14894,2206,120,359790,24157,479.441,31.07,0.608
1507458,São Geraldo do Araguaia,PA,Norte,24929,24255,1426,97,1028625,42409,3168.384,7.66,0.595
1507466,São João da Ponta,PA,Norte,4470,4430,4501,143,79287,17898,195.918,22.61,0.583
1507474,São João de Pirabas,PA,Norte,21477,20689,1653,102,232878,11256,668.434,30.95,0.539
1507508,São João do Araguaia,PA,Norte,14293,13664,2368,124,235495,17235,1279.889,10.68,0.55
1507607,São Miguel do Guamá,PA,Norte,55970,52894,611,39,1132578,21412,1094.564,48.32,0.591
1507706,São Sebastião da Boa Vista,PA,Norte,27651,25643,1282,83,309743,12079,1632.251,15.71,0.558
1507755,Sapucaia,PA,Norte,6212,5847,3925,142,172700,29537,1298.19,4.5,0.59
1507805,Senador José Porfírio,PA,Norte,24989,22576,1421,96,341244,15115,14419.916,1.57,0.514
1507904,Soure,PA,Norte,25315,24204,1390,94,338748,13996,2857.349,8.47,0.615
1507953,Tailândia,PA,Norte,75290,72493,461,23,2023568,27914,4430.477,16.36,0.588
1507961,Terra Alta,PA,Norte,10837,10400,2905,131,114731,11032,204.97,50.74,0.605
1507979,Terra Santa,PA,Norte,19792,18782,1766,106,590339,31431,1895.883,9.91,0.635
1508001,Tomé-Açu,PA,Norte,73058,67585,479,24,1746483,25841,5145.361,13.14,0.586
1508035,Tracuateua,PA,Norte,30494,28595,1171,72,391638,13696,868.025,32.94,0.531
1508050,Trairão,PA,Norte,15550,15242,2200,119,454558,29823,11991.085,1.27,0.562
1508084,Tucumã,PA,Norte,42883,39550,796,53,1347919,34081,2512.594,15.74,0.659
1508100,Tucuruí,PA,Norte,96119,91306,357,16,5457108,59767,2084.289,43.81,0.666
1508126,Ulianópolis,PA,Norte,39360,37972,872,55,2344285,61737,5088.468,7.46,0.604
1508159,Uruará,PA,Norte,45962,43558,740,49,1057794,24285,10791.406,4.04,0.589
1508209,Vigia,PA,Norte,54062,50832,632,42,602141,11846,401.589,126.58,0.617
1508308,Viseu,PA,Norte,62189,58692,555,34,869709,14818,4972.897,11.8,0.515
1508357,Vitória do Xingu,PA,Norte,16552,15607,2106,118,3987037,255465,3089.537,5.05,0.596
1508407,Xinguara,PA,Norte,57768,52893,592,36,2321585,43892,3779.348,14,0.646
1600055,Serra do Navio,AP,Norte,5003,4673,4283,14,126544,27080,7713.046,0.61,0.709
1600105,Amapá,AP,Norte,8440,7943,3359,11,219045,27577,8454.847,0.94,0.642
1600154,Pedra Branca do Amapari,AP,Norte,13888,12847,2467,7,375827,29254,9622.29,1.34,0.626
1600204,Calçoene,AP,Norte,11461,10612,2758,10,295401,27837,14117.297,0.75,0.643
1600212,Cutias,AP,Norte,4723,4461,4392,15,115359,25859,2179.114,2.05,0.628
1600238,Ferreira Gomes,AP,Norte,7184,6666,3647,12,557990,83707,4973.855,1.34,0.656
1600253,Itaubal,AP,Norte,6097,5599,3964,13,132723,23705,1622.867,3.45,0.576
1600279,Laranjal do Jari,AP,Norte,37872,35114,914,3,1335225,38025,30782.998,1.14,0.665
1600303,Macapá,AP,Norte,489676,442933,49,1,18470858,41701,6563.849,67.48,0.733
1600402,Mazagão,AP,Norte,23773,21924,1520,5,583553,26617,13294.778,1.65,0.592
1600501,Oiapoque,AP,Norte,30786,27482,1156,4,820364,29851,23034.392,1.19,0.658
1600535,Porto Grande,AP,Norte,19048,17848,1827,6,527655,29564,4428.013,4.03,0.64
1600550,Pracuúba,AP,Norte,4048,3803,4681,16,101033,26567,4948.508,0.77,0.614
1600600,Santana,AP,Norte,118803,107618,278,2,3725688,34620,1541.224,69.83,0.692
1600709,Tartarugalzinho,AP,Norte,13816,12945,2476,8,329305,25439,6684.705,1.94,0.592
1600808,Vitória do Jari,AP,Norte,11899,11291,2694,9,303549,26884,2508.979,4.5,0.619
1700251,Abreulândia,TO,Norte,2682,2576,5233,113,141930,55097,1906.295,1.35,0.665
1700301,Aguiarnópolis,TO,Norte,4502,4497,4479,76,226238,50309,236.792,18.99,0.657
1700350,Aliança do Tocantins,TO,Norte,5196,5147,4217,58,423070,82197,1580.999,3.26,0.663
1700400,Almas,TO,Norte,6483,6499,3830,46,336120,51719,4007.152,1.62,0.636
1700707,Alvorada,TO,Norte,9128,8802,3249,32,886077,100668,1207.201,7.29,0.708
1701002,Ananás,TO,Norte,10700,10325,2945,24,199526,19325,1581.058,6.53,0.671
1701051,Angico,TO,Norte,2903,2876,5132,109,54433,18927,447.549,6.43,0.648
1701101,Aparecida do Rio Negro,TO,Norte,5110,4856,4249,60,283247,58329,1159.034,4.19,0.651
1701309,Aragominas,TO,Norte,5330,5290,4183,56,113908,21533,1168.213,4.53,0.593
1701903,Araguacema,TO,Norte,6022,5927,3981,50,411911,69497,2774.505,2.14,0.639
1702000,Araguaçu,TO,Norte,8242,8133,3399,35,474483,58340,5155.223,1.58,0.675
1702109,Araguaína,TO,Norte,183024,171301,170,2,7357638,42952,4004.646,42.78,0.752
1702158,Araguanã,TO,Norte,4300,4310,4569,80,107609,24967,834.834,5.16,0.604
1702208,Araguatins,TO,Norte,33286,31918,1052,7,641440,20096,2633.278,12.12,0.631
1702307,Arapoema,TO,Norte,5488,5550,4137,54,158572,28572,1558.138,3.56,0.68
1702406,Arraias,TO,Norte,10511,10287,3014,28,239090,23242,5803.085,1.77,0.651
1702554,Augustinópolis,TO,Norte,18237,17484,1905,12,396227,22662,388.81,44.97,0.67
1702703,Aurora do Tocantins,TO,Norte,3418,3342,4906,98,69896,20914,696.194,4.8,0.677
1702901,Axixá do Tocantins,TO,Norte,10732,10262,2934,23,173373,16895,153.539,66.84,0.627
1703008,Babaçulândia,TO,Norte,7636,7880,3526,39,169441,21503,1790.297,4.4,0.642
1703057,Bandeirantes do Tocantins,TO,Norte,3555,3407,4855,94,249696,73289,1540.541,2.21,0.638
1703073,Barra do Ouro,TO,Norte,4667,4476,4416,73,100382,22427,1105.84,4.05,0.603
1703107,Barrolândia,TO,Norte,4890,4846,4328,65,140103,28911,697.759,6.95,0.642
1703206,Bernardo Sayão,TO,Norte,4307,4229,4564,78,128560,30400,924.045,4.58,0.638
1703305,Bom Jesus do Tocantins,TO,Norte,4201,4038,4619,82,143623,35568,1326.947,3.04,0.66
1703602,Brasilândia do Tocantins,TO,Norte,2013,1974,5451,128,75010,37999,645.908,3.06,0.684
1703701,Brejinho de Nazaré,TO,Norte,4774,4725,4377,70,267584,56632,1722.59,2.74,0.686
1703800,Buriti do Tocantins,TO,Norte,10696,10307,2948,25,149973,14551,252.73,40.78,0.627
1703826,Cachoeirinha,TO,Norte,1982,1961,5459,129,62095,31665,351.535,5.58,0.627
1703842,Campos Lindos,TO,Norte,8990,8653,3270,33,665857,76951,3234.445,2.68,0.544
1703867,Cariri do Tocantins,TO,Norte,4166,4007,4632,84,997800,249014,1126.291,3.56,0.662
1703883,Carmolândia,TO,Norte,2242,2201,5372,122,73172,33245,339.366,6.49,0.64
1703891,Carrasco Bonito,TO,Norte,3344,3318,4934,101,56192,16936,190.352,17.43,0.594
1703909,Caseara,TO,Norte,5028,4847,4276,62,474488,97893,1680.014,2.89,0.658
1704105,Centenário,TO,Norte,2111,2131,5417,125,109325,51302,1953.134,1.09,0.569
1704600,Chapada de Areia,TO,Norte,1574,1501,5541,137,51576,34361,658.564,2.28,0.619
1705102,Chapada da Natividade,TO,Norte,3176,3117,5013,102,155377,49848,1640.833,1.9,0.62
1705508,Colinas do Tocantins,TO,Norte,36209,34233,953,6,1161301,33923,842.488,40.63,0.701
1705557,Combinado,TO,Norte,4906,4756,4322,63,95001,19975,208.791,22.78,0.697
1705607,Conceição do Tocantins,TO,Norte,3942,3887,4725,88,88973,22890,2530.647,1.54,0.592
1706001,Couto Magalhães,TO,Norte,5540,5331,4122,53,249462,46795,1584.196,3.37,0.605
1706100,Cristalândia,TO,Norte,6392,6371,3864,47,214100,33605,1850.75,3.44,0.673
1706258,Crixás do Tocantins,TO,Norte,1494,1470,5548,138,77387,52644,983.766,1.49,0.644
1706506,Darcinópolis,TO,Norte,6093,5827,3965,49,252543,43340,1641.77,3.55,0.581
1707009,Dianópolis,TO,Norte,17966,17739,1943,13,781673,44065,3318.094,5.35,0.701
1707108,Divinópolis do Tocantins,TO,Norte,7343,7024,3608,43,323159,46008,2358.282,2.98,0.683
1707207,Dois Irmãos do Tocantins,TO,Norte,6352,6327,3874,48,289149,45701,3747.645,1.69,0.583
1707306,Dueré,TO,Norte,4304,4248,4566,79,290818,68460,3420.657,1.24,0.679
1707405,Esperantina,TO,Norte,7385,7530,3596,42,119197,15830,506.175,14.88,0.57
1707553,Fátima,TO,Norte,3503,3467,4870,95,127672,36825,380.373,9.11,0.697
1707652,Figueirópolis,TO,Norte,5334,5211,4181,55,350090,67183,1935.709,2.69,0.689
1707702,Filadélfia,TO,Norte,7784,7712,3494,38,161707,20968,1991.258,3.87,0.621
1708205,Formoso do Araguaia,TO,Norte,19473,18881,1790,10,988169,52337,13431.861,1.41,0.67
1708254,Tabocão,TO,Norte,3741,3455,4791,90,173517,50222,624.463,5.53,0.659
1708304,Goianorte,TO,Norte,4832,4738,4347,67,178252,37622,1797.229,2.64,0.621
1709005,Goiatins,TO,Norte,12851,12433,2580,19,309167,24867,6414.846,1.94,0.576
1709302,Guaraí,TO,Norte,25831,24775,1362,8,1130106,45615,2106.753,11.76,0.741
1709500,Gurupi,TO,Norte,90209,85125,378,3,3695017,43407,1844.164,46.16,0.759
1709807,Ipueiras,TO,Norte,1626,1590,5534,135,71887,45212,821.152,1.94,0.62
1710508,Itacajá,TO,Norte,6959,6819,3709,45,199694,29285,3047.204,2.24,0.612
1710706,Itaguatins,TO,Norte,5160,5172,4233,59,100220,19377,730.163,7.08,0.616
1710904,Itapiratins,TO,Norte,3685,3577,4812,91,153090,42798,1246.349,2.87,0.601
1711100,Itaporã do Tocantins,TO,Norte,2464,2404,5300,116,76489,31817,969.794,2.48,0.65
1711506,Jaú do Tocantins,TO,Norte,3396,3334,4912,99,110816,33238,2167.201,1.54,0.662
1711803,Juarina,TO,Norte,2308,2243,5353,119,55560,24770,483.452,4.64,0.584
1711902,Lagoa da Confusão,TO,Norte,16629,15288,2098,14,1089844,71288,10563.181,1.45,0.627
1711951,Lagoa do Tocantins,TO,Norte,3613,3516,4833,92,85970,24451,917.632,3.83,0.579
1712009,Lajeado,TO,Norte,3559,3357,4852,93,79405,23654,318.292,10.55,0.675
1712157,Lavandeira,TO,Norte,1676,1626,5527,134,41517,25533,468.006,3.47,0.66
1712405,Lizarda,TO,Norte,2950,2999,5114,106,78341,26122,5716.641,0.52,0.57
1712454,Luzinópolis,TO,Norte,2811,2717,5169,111,58820,21649,281.543,9.65,0.639
1712504,Marianópolis do Tocantins,TO,Norte,4793,4615,4369,69,373197,80866,2089.575,2.21,0.631
1712702,Mateiros,TO,Norte,2922,2748,5122,107,467179,170007,9589.273,0.29,0.607
1712801,Maurilândia do Tocantins,TO,Norte,3171,3095,5016,103,63313,20457,736.303,4.2,0.58
1713205,Miracema do Tocantins,TO,Norte,18679,18566,1862,11,860438,46345,2663.745,6.97,0.684
1713304,Miranorte,TO,Norte,13073,12701,2561,18,483394,38060,1033.301,12.29,0.662
1713601,Monte do Carmo,TO,Norte,5667,5694,4087,52,398705,70022,3601.205,1.58,0.622
1713700,Monte Santo do Tocantins,TO,Norte,2521,2396,5285,114,86604,36145,1072.92,2.23,0.62
1713809,Palmeiras do Tocantins,TO,Norte,4850,4872,4336,66,108235,22216,743.407,6.55,0.628
1713957,Muricilândia,TO,Norte,3501,3367,4871,96,79966,23750,1194.368,2.82,0.596
1714203,Natividade,TO,Norte,8956,8754,3280,34,352748,40296,3241.672,2.7,0.673
1714302,Nazaré,TO,Norte,4672,4521,4412,72,78447,17352,395.997,11.42,0.643
1714880,Nova Olinda,TO,Norte,10600,10367,2987,27,442504,42684,1567.834,6.61,0.631
1715002,Nova Rosalândia,TO,Norte,3382,3362,4914,100,110147,32762,514.791,6.53,0.661
1715101,Novo Acordo,TO,Norte,4118,3969,4650,85,176373,44438,2678.262,1.48,0.639
1715150,Novo Alegre,TO,Norte,1817,1846,5495,133,38612,20917,200.412,9.21,0.699
1715259,Novo Jardim,TO,Norte,2251,2230,5369,121,49097,22017,1213.893,1.84,0.596
1715507,Oliveira de Fátima,TO,Norte,1220,1164,5563,139,50178,43108,209.292,5.56,0.675
1715705,Palmeirante,TO,Norte,4905,4798,4323,64,247597,51604,2638.465,1.82,0.571
1715754,Palmeirópolis,TO,Norte,7104,6975,3668,44,218426,31316,1708.981,4.08,0.673
1716109,Paraíso do Tocantins,TO,Norte,55704,52360,614,5,2288330,43704,1292.267,40.52,0.764
1716208,Paranã,TO,Norte,10877,10542,2895,21,353206,33505,11217.373,0.94,0.595
1716307,Pau D'Arco,TO,Norte,4057,4043,4674,86,110802,27406,1375.551,2.94,0.661
1716505,Pedro Afonso,TO,Norte,14895,14055,2260,15,1090443,77584,2019.556,6.96,0.732
1716604,Peixe,TO,Norte,9384,9317,3198,30,897174,96294,5303.612,1.76,0.674
1716653,Pequizeiro,TO,Norte,5035,4921,4275,61,129256,26266,1206.118,4.08,0.627
1716703,Colméia,TO,Norte,9155,8941,3244,31,228040,25505,1161.03,7.7,0.671
1717008,Pindorama do Tocantins,TO,Norte,4599,4478,4436,74,110783,24739,1560.551,2.87,0.605
1717206,Piraquê,TO,Norte,2229,2282,5374,123,98238,43049,1363.412,1.67,0.621
1717503,Pium,TO,Norte,7408,7128,3590,41,458625,64341,10003.549,0.71,0.65
1717800,Ponte Alta do Bom Jesus,TO,Norte,4280,4220,4578,81,82503,19550,1718.791,2.46,0.603
1717909,Ponte Alta do Tocantins,TO,Norte,7874,7586,3474,36,141531,18657,6542.838,1.16,0.624
1718006,Porto Alegre do Tocantins,TO,Norte,2960,2866,5109,105,59927,20910,506.717,5.66,0.645
1718204,Porto Nacional,TO,Norte,69551,64418,491,4,3195894,49612,4434.68,14.53,0.74
1718303,Praia Norte,TO,Norte,9552,9044,3167,29,114473,12657,300.999,30.05,0.583
1718402,Presidente Kennedy,TO,Norte,3016,3047,5086,104,88843,29158,771.716,3.95,0.669
1718451,Pugmil,TO,Norte,2223,2193,5376,124,127927,58334,401.174,5.47,0.669
1718501,Recursolândia,TO,Norte,3454,3421,4896,97,101805,29759,2215.669,1.54,0.5
1718550,Riachinho,TO,Norte,4029,3960,4689,87,75295,19014,512.156,7.73,0.572
1718659,Rio da Conceição,TO,Norte,1827,1768,5493,132,45739,25870,845.823,2.09,0.608
1718709,Rio dos Bois,TO,Norte,2845,2738,5155,110,88775,32423,847.255,3.23,0.616
1718758,Rio Sono,TO,Norte,4718,4841,4396,71,150795,31150,6346.279,0.76,0.6
1718808,Sampaio,TO,Norte,4397,4215,4532,77,70136,16640,222.435,18.95,0.606
1718840,Sandolândia,TO,Norte,3900,3723,4736,89,134402,36100,3535.135,1.05,0.659
1718865,Santa Fé do Araguaia,TO,Norte,7533,7216,3561,40,202707,28091,1671.239,4.32,0.616
1718881,Santa Maria do Tocantins,TO,Norte,2716,2680,5213,112,118353,44162,1412.318,1.9,0.634
1718899,Santa Rita do Tocantins,TO,Norte,2299,2219,5356,120,275185,124013,3281.219,0.68,0.651
1718907,Santa Rosa do Tocantins,TO,Norte,4799,4653,4366,68,419882,90239,1804.687,2.58,0.595
1719004,Santa Tereza do Tocantins,TO,Norte,2907,2781,5128,108,57246,20585,539.511,5.15,0.662
1720002,Santa Terezinha do Tocantins,TO,Norte,2461,2406,5301,117,46686,19404,274.104,8.78,0.637
1720101,São Bento do Tocantins,TO,Norte,6004,5654,3985,51,90982,16092,1099.58,5.14,0.605
1720150,São Félix do Tocantins,TO,Norte,1897,1783,5471,130,42355,23755,1913.11,0.93,0.574
1720200,São Miguel do Tocantins,TO,Norte,14116,13241,2412,17,239634,18098,406.957,32.54,0.623
1720259,São Salvador do Tocantins,TO,Norte,2356,2385,5331,118,59857,25097,1424.753,1.67,0.605
1720309,São Sebastião do Tocantins,TO,Norte,4182,4100,4626,83,68702,16757,289.597,14.16,0.573
1720499,São Valério,TO,Norte,4554,4422,4455,75,229618,51926,2520.465,1.75,0.643
1720655,Silvanópolis,TO,Norte,5259,5108,4199,57,284767,55749,1258.771,4.06,0.675
1720804,Sítio Novo do Tocantins,TO,Norte,11446,10830,2762,20,179637,16587,307.095,35.27,0.604
1720853,Sucupira,TO,Norte,1591,1577,5538,136,310361,196805,1018.222,1.55,0.667
1720903,Taguatinga,TO,Norte,14199,14011,2388,16,386846,27610,2341.919,5.98,0.634
1720937,Taipas do Tocantins,TO,Norte,2092,2021,5423,126,41627,20597,1105.303,1.83,0.601
1720978,Talismã,TO,Norte,2505,2456,5289,115,173125,70491,2155.503,1.14,0.654
1721000,Palmas,TO,Norte,328499,302692,89,1,14168469,46808,2227.329,135.9,0.788
1721109,Tocantínia,TO,Norte,7802,7459,3489,37,327560,43915,2609.775,2.86,0.589
1721208,Tocantinópolis,TO,Norte,23225,22615,1540,9,529093,23396,1083.6,20.87,0.681
1721257,Tupirama,TO,Norte,2024,1909,5448,127,96851,50734,706.883,2.7,0.67
1721307,Tupiratins,TO,Norte,1886,1874,5474,131,48417,25836,889.126,2.11,0.587
1722081,Wanderlândia,TO,Norte,10734,10522,2932,22,245767,23357,1365.431,7.71,0.638
1722107,Xambioá,TO,Norte,10636,10517,2972,26,722713,68719,1190.489,8.83,0.671
2100055,Açailândia,MA,Nordeste,110611,106550,302,8,4274162,40114,5805.159,18.35,0.672
2100105,Afonso Cunha,MA,Nordeste,6303,6144,3894,201,105581,17184,371.338,16.55,0.529
2100154,Água Doce do Maranhão,MA,Nordeste,12461,12142,2626,146,130746,10768,442.292,27.45,0.5
2100204,Alcântara,MA,Nordeste,18721,18467,1859,100,170261,9220,1167.964,15.81,0.573
2100303,Aldeias Altas,MA,Nordeste,23776,23286,1519,75,335246,14397,1942.121,11.99,0.513
2100402,Altamira do Maranhão,MA,Nordeste,6549,6447,3804,200,88343,13703,524.374,12.29,0.549
2100436,Alto Alegre do Maranhão,MA,Nordeste,24528,24048,1467,72,378314,15732,392.75,61.23,0.554
2100477,Alto Alegre do Pindaré,MA,Nordeste,26321,25710,1336,60,310142,12063,1875.901,13.71,0.558
2100501,Alto Parnaíba,MA,Nordeste,11392,11109,2779,157,573769,51649,11127.384,1,0.633
2100550,Amapá do Maranhão,MA,Nordeste,7380,7170,3597,192,95026,13253,502.402,14.27,0.52
2100600,Amarante do Maranhão,MA,Nordeste,38335,37085,902,36,500782,13504,7439.615,4.98,0.555
2100709,Anajatuba,MA,Nordeste,26250,25322,1340,61,255439,10088,940.489,26.92,0.581
2100808,Anapurus,MA,Nordeste,14113,13793,2414,136,192813,13979,608.903,22.65,0.581
2100832,Apicum-Açu,MA,Nordeste,18033,17519,1936,106,170117,9710,341.12,51.36,0.568
2100873,Araguanã,MA,Nordeste,11297,11181,2804,158,127935,11442,805.194,13.89,0.533
2100907,Araioses,MA,Nordeste,40231,39052,850,31,351324,8996,1789.73,21.82,0.521
2100956,Arame,MA,Nordeste,26089,25517,1350,62,320623,12565,2976.039,8.57,0.512
2101004,Arari,MA,Nordeste,30555,29472,1169,54,422713,14343,1100.275,26.79,0.626
2101103,Axixá,MA,Nordeste,12091,11790,2672,151,118131,10020,160.462,73.48,0.641
2101202,Bacabal,MA,Nordeste,107755,103711,312,9,1912868,18444,1656.736,62.6,0.651
2101251,Bacabeira,MA,Nordeste,17459,16966,2030,115,466226,27480,542.962,31.25,0.629
2101301,Bacuri,MA,Nordeste,16591,16290,2103,120,156363,9599,850.491,19.15,0.578
2101350,Bacurituba,MA,Nordeste,5375,5252,4172,210,52138,9927,413.651,12.7,0.537
2101400,Balsas,MA,Nordeste,105974,101767,321,10,7529798,73991,13141.162,7.74,0.687
2101509,Barão de Grajaú,MA,Nordeste,19493,18984,1788,92,309910,16325,2209.414,8.59,0.592
2101608,Barra do Corda,MA,Nordeste,87757,84532,385,13,1157930,13698,5187.673,16.29,0.606
2101707,Barreirinhas,MA,Nordeste,68234,65589,504,16,816789,12453,3046.308,21.53,0.57
2101731,Belágua,MA,Nordeste,8751,8460,3308,186,100863,11922,569.606,14.85,0.512
2101772,Bela Vista do Maranhão,MA,Nordeste,12104,11750,2670,150,133414,11354,147.954,79.42,0.554
2101806,Benedito Leite,MA,Nordeste,5599,5469,4112,209,94454,17271,1784.64,3.06,0.546
2101905,Bequimão,MA,Nordeste,19968,19584,1757,90,166173,8485,790.222,24.78,0.601
2101939,Bernardo do Mearim,MA,Nordeste,5989,5840,3991,206,276118,47280,247.186,23.63,0.604
2101970,Boa Vista do Gurupi,MA,Nordeste,7781,7574,3495,189,93312,12320,400.35,18.92,0.545
2102002,Bom Jardim,MA,Nordeste,33936,33100,1027,43,571101,17254,6588.38,5.02,0.538
2102036,Bom Jesus das Selvas,MA,Nordeste,29606,28599,1200,55,456766,15971,2676.98,10.68,0.558
2102077,Bom Lugar,MA,Nordeste,12371,12212,2633,147,149056,12206,445.171,27.43,0.562
2102101,Brejo,MA,Nordeste,35354,34120,976,39,426439,12498,1073.258,31.79,0.562
2102150,Brejo de Areia,MA,Nordeste,9363,9218,3203,179,90089,9773,986.036,9.35,0.519
2102200,Buriti,MA,Nordeste,30866,29685,1153,53,332530,11202,1475.779,20.11,0.548
2102309,Buriti Bravo,MA,Nordeste,22938,22455,1554,79,309327,13775,1582.552,14.19,0.59
2102325,Buriticupu,MA,Nordeste,56733,55499,603,20,1008378,18169,2544.857,21.81,0.556
2102358,Buritirana,MA,Nordeste,13125,12918,2550,142,156524,12117,820.968,15.74,0.583
2102374,Cachoeira Grande,MA,Nordeste,10032,9732,3097,177,85043,8738,707.236,13.76,0.537
2102408,Cajapió,MA,Nordeste,10336,10121,3056,175,81775,8080,545.244,18.56,0.553
2102507,Cajari,MA,Nordeste,16680,16412,2095,119,155103,9451,662.066,24.79,0.523
2102556,Campestre do Maranhão,MA,Nordeste,12536,12301,2616,145,303257,24653,613.529,20.05,0.652
2102606,Cândido Mendes,MA,Nordeste,20440,19932,1720,89,204526,10261,1634.861,12.19,0.561
2102705,Cantanhede,MA,Nordeste,25059,24303,1414,66,233273,9599,773.01,31.44,0.565
2102754,Capinzal do Norte,MA,Nordeste,11681,11374,2719,154,215754,18969,590.267,19.27,0.537
2102804,Carolina,MA,Nordeste,24619,24062,1457,70,595614,24753,6267.675,3.84,0.634
2102903,Carutapera,MA,Nordeste,24906,24238,1429,68,246447,10168,1260.977,19.22,0.574
2103000,Caxias,MA,Nordeste,163546,156973,195,5,2696021,17175,5201.927,30.18,0.624
2103109,Cedral,MA,Nordeste,10446,10208,3037,171,86165,8441,285.211,35.79,0.605
2103125,Central do Maranhão,MA,Nordeste,7220,7094,3639,195,69154,9748,319.538,22.2,0.585
2103158,Centro do Guilherme,MA,Nordeste,12693,12342,2595,144,137520,11142,1167.848,10.57,0.542
2103174,Centro Novo do Maranhão,MA,Nordeste,16477,16267,2110,121,236610,14545,8401.003,1.94,0.518
2103208,Chapadinha,MA,Nordeste,84395,81386,401,14,1130462,13890,3247.385,25.06,0.604
2103257,Cidelândia,MA,Nordeste,13141,12878,2547,141,242330,18817,1462.809,8.8,0.6
2103307,Codó,MA,Nordeste,118283,114275,282,7,1808033,15822,4361.606,26.2,0.595
2103406,Coelho Neto,MA,Nordeste,42841,41658,798,28,486211,11671,977.079,42.64,0.564
2103505,Colinas,MA,Nordeste,41788,40316,818,30,729810,18102,1978.695,20.38,0.596
2103554,Conceição do Lago-Açu,MA,Nordeste,15278,14915,2218,122,159750,10711,725.664,20.55,0.512
2103604,Coroatá,MA,Nordeste,61337,59566,563,18,637484,10702,2263.692,26.31,0.576
2103703,Cururupu,MA,Nordeste,32602,31558,1083,47,343104,10872,1257.608,25.09,0.612
2103752,Davinópolis,MA,Nordeste,14828,14404,2268,126,218072,15140,332.249,43.35,0.607
2103802,Dom Pedro,MA,Nordeste,23594,23053,1526,76,314608,13647,358.493,64.31,0.622
2103901,Duque Bacelar,MA,Nordeste,10443,10223,3039,172,108748,10638,317.494,32.2,0.533
2104008,Esperantinópolis,MA,Nordeste,18734,18311,1857,99,202856,11078,452.411,40.47,0.586
2104057,Estreito,MA,Nordeste,34321,33294,1009,41,1195399,35904,2720.266,12.24,0.659
2104073,Feira Nova do Maranhão,MA,Nordeste,8237,8048,3401,187,132983,16524,1625.822,4.95,0.532
2104081,Fernando Falcão,MA,Nordeste,11219,10873,2821,160,159761,14693,5086.589,2.14,0.443
2104099,Formosa da Serra Negra,MA,Nordeste,18150,17719,1918,103,257048,14507,3690.61,4.8,0.556
2104107,Fortaleza dos Nogueiras,MA,Nordeste,12963,12640,2568,143,354448,28042,1853.406,6.82,0.616
2104206,Fortuna,MA,Nordeste,17347,16976,2040,117,214307,12624,834.83,20.33,0.58
2104305,Godofredo Viana,MA,Nordeste,10424,10186,3050,174,855186,83957,720.129,14.14,0.604
2104404,Gonçalves Dias,MA,Nordeste,17580,17206,2009,111,187080,10873,883.588,19.47,0.568
2104503,Governador Archer,MA,Nordeste,10476,10231,3026,166,123047,12027,445.856,22.95,0.565
2104552,Governador Edison Lobão,MA,Nordeste,18963,18411,1830,96,448007,24334,615.957,29.89,0.629
2104602,Governador Eugênio Barros,MA,Nordeste,14264,13930,2376,134,195174,14011,647.989,21.5,0.572
2104628,Governador Luiz Rocha,MA,Nordeste,7216,7063,3643,196,108305,15334,401.587,17.59,0.544
2104651,Governador Newton Bello,MA,Nordeste,10993,10713,2864,161,120254,11225,1144.146,9.36,0.521
2104677,Governador Nunes Freire,MA,Nordeste,23526,23128,1530,77,324762,14042,1037.13,22.3,0.569
2104701,Graça Aranha,MA,Nordeste,6160,6023,3940,203,66886,11105,271.445,22.19,0.57
2104800,Grajaú,MA,Nordeste,76837,73872,449,15,1415488,19161,8861.717,8.34,0.609
2104909,Guimarães,MA,Nordeste,10439,10290,3042,173,104271,10133,478.857,21.49,0.625
2105005,Humberto de Campos,MA,Nordeste,26550,25680,1328,59,241228,9394,1714.625,14.98,0.535
2105104,Icatu,MA,Nordeste,25332,24794,1388,64,211921,8547,1124.445,22.05,0.546
2105153,Igarapé do Meio,MA,Nordeste,14383,13974,2340,130,464887,33268,368.685,37.9,0.569
2105203,Igarapé Grande,MA,Nordeste,10461,10231,3033,169,138144,13502,346.218,29.55,0.614
2105302,Imperatriz,MA,Nordeste,285806,273110,105,2,9475802,34696,1369.039,199.49,0.731
2105351,Itaipava do Grajaú,MA,Nordeste,14142,13828,2403,135,136089,9842,1244.398,11.11,0.518
2105401,Itapecuru Mirim,MA,Nordeste,62264,60440,554,17,889928,14724,1480.641,40.82,0.599
2105427,Itinga do Maranhão,MA,Nordeste,22896,22513,1557,80,687514,30539,3583.423,6.28,0.63
2105450,Jatobá,MA,Nordeste,7593,7471,3544,191,83460,11171,591.616,12.63,0.561
2105476,Jenipapo dos Vieiras,MA,Nordeste,17529,17076,2018,113,174125,10197,1962.362,8.7,0.49
2105500,João Lisboa,MA,Nordeste,25311,24709,1392,65,362692,14679,1137.104,21.73,0.641
2105609,Joselândia,MA,Nordeste,15227,14924,2222,123,139774,9366,703.081,21.23,0.561
2105658,Junco do Maranhão,MA,Nordeste,5282,5146,4195,211,71491,13893,568.499,9.05,0.552
2105708,Lago da Pedra,MA,Nordeste,45865,44403,745,25,621148,13989,1240.444,35.8,0.589
2105807,Lago do Junco,MA,Nordeste,9687,9506,3148,178,108264,11389,328.525,28.94,0.581
2105906,Lago Verde,MA,Nordeste,15069,14769,2236,124,169405,11470,631.455,23.39,0.557
2105922,Lagoa do Mato,MA,Nordeste,10806,10572,2914,162,211547,20010,1512.985,6.99,0.566
2105948,Lago dos Rodrigues,MA,Nordeste,8962,8758,3278,184,104301,11909,220.776,39.67,0.602
2105963,Lagoa Grande do Maranhão,MA,Nordeste,11731,11411,2710,153,128791,11287,744.199,15.33,0.502
2105989,Lajeado Novo,MA,Nordeste,7232,7057,3636,194,122752,17394,1063.619,6.63,0.589
2106003,Lima Campos,MA,Nordeste,11559,11297,2736,156,237817,21051,321.932,35.09,0.581
2106102,Loreto,MA,Nordeste,11884,11597,2696,152,390947,33711,3597.231,3.22,0.582
2106201,Luís Domingues,MA,Nordeste,7366,7161,3600,193,72747,10159,472.296,15.16,0.588
2106300,Magalhães de Almeida,MA,Nordeste,13933,13807,2458,138,181567,13150,434.433,31.78,0.567
2106326,Maracaçumé,MA,Nordeste,21730,21149,1631,84,275246,13015,635.758,33.27,0.582
2106359,Marajá do Sena,MA,Nordeste,7153,7027,3654,197,116023,16511,1402.593,5.01,0.452
2106375,Maranhãozinho,MA,Nordeste,14092,13761,2418,137,146664,10658,760.947,18.08,0.55
2106409,Mata Roma,MA,Nordeste,17581,17090,2008,110,226303,13242,548.548,31.15,0.57
2106508,Matinha,MA,Nordeste,22540,22034,1577,82,232534,10553,410.632,53.66,0.619
2106607,Matões,MA,Nordeste,33327,32174,1048,45,334401,10394,2108.671,15.26,0.55
2106631,Matões do Norte,MA,Nordeste,18021,17432,1937,107,134625,7723,794.454,21.94,0.533
2106672,Milagres do Maranhão,MA,Nordeste,9065,8818,3259,183,94017,10662,634.818,13.89,0.527
2106706,Mirador,MA,Nordeste,21536,21030,1645,86,389857,18538,8522.351,2.47,0.545
2106755,Miranda do Norte,MA,Nordeste,24373,23864,1484,74,578366,24236,341.107,69.96,0.61
2106805,Mirinzal,MA,Nordeste,14298,13978,2364,132,133235,9532,686.942,20.35,0.622
2106904,Monção,MA,Nordeste,28563,27751,1242,56,280367,10103,1245.548,22.28,0.546
2107001,Montes Altos,MA,Nordeste,9306,9106,3216,180,119453,13118,1488.513,6.12,0.575
2107100,Morros,MA,Nordeste,19015,18554,1828,95,190452,10265,1712.121,10.84,0.548
2107209,Nina Rodrigues,MA,Nordeste,14589,14176,2301,129,109174,7701,570.938,24.83,0.585
2107258,Nova Colinas,MA,Nordeste,5148,5021,4235,212,95718,19064,743.085,6.76,0.566
2107308,Nova Iorque,MA,Nordeste,4409,4320,4526,217,53436,12369,978.34,4.42,0.584
2107357,Nova Olinda do Maranhão,MA,Nordeste,14379,14314,2342,131,171963,12014,2452.615,5.84,0.581
2107407,Olho d'Água das Cunhãs,MA,Nordeste,18288,17919,1899,102,225755,12599,695.333,25.77,0.589
2107456,Olinda Nova do Maranhão,MA,Nordeste,13921,13577,2462,139,132761,9778,199.879,67.93,0.575
2107506,Paço do Lumiar,MA,Nordeste,153158,145643,208,6,1643537,11285,127.193,1145.06,0.724
2107605,Palmeirândia,MA,Nordeste,21657,21059,1636,85,188190,8936,532.161,39.57,0.556
2107704,Paraibano,MA,Nordeste,18589,18274,1876,101,210302,11508,530.517,34.45,0.58
2107803,Parnarama,MA,Nordeste,32232,31250,1102,49,381793,12217,3245.525,9.63,0.542
2107902,Passagem Franca,MA,Nordeste,17591,17220,2003,109,207014,12022,1358.327,12.68,0.532
2108009,Pastos Bons,MA,Nordeste,19266,18802,1802,93,322652,17161,1635.181,11.5,0.61
2108058,Paulino Neves,MA,Nordeste,17578,17056,2010,112,157984,9263,979.482,17.41,0.561
2108108,Paulo Ramos,MA,Nordeste,20798,20341,1696,88,261075,12835,1168.609,17.41,0.549
2108207,Pedreiras,MA,Nordeste,38252,37050,907,37,830171,22407,262.066,141.38,0.682
2108256,Pedro do Rosário,MA,Nordeste,24955,24320,1423,67,225795,9284,1753.867,13.87,0.516
2108306,Penalva,MA,Nordeste,33496,32511,1045,44,313292,9636,800.916,40.59,0.554
2108405,Peri Mirim,MA,Nordeste,11229,11108,2819,159,110020,9905,397.994,27.91,0.599
2108454,Peritoró,MA,Nordeste,20903,20479,1691,87,277935,13572,824.725,24.83,0.564
2108504,Pindaré-Mirim,MA,Nordeste,32542,31429,1087,48,356584,11346,268.285,117.15,0.633
2108603,Pinheiro,MA,Nordeste,88091,84621,383,12,1333000,15753,1512.969,55.93,0.637
2108702,Pio XII,MA,Nordeste,22374,21886,1590,83,269345,12307,545.14,40.15,0.541
2108801,Pirapemas,MA,Nordeste,18132,17714,1920,104,185469,10470,688.761,25.72,0.576
2108900,Poção de Pedras,MA,Nordeste,17394,17161,2034,116,221327,12897,990.415,17.33,0.576
2109007,Porto Franco,MA,Nordeste,24571,23903,1463,71,1252850,52414,1420.51,16.83,0.684
2109056,Porto Rico do Maranhão,MA,Nordeste,6092,5954,3966,204,63769,10710,244.979,24.3,0.615
2109106,Presidente Dutra,MA,Nordeste,46606,45155,735,24,990073,21926,771.574,58.52,0.653
2109205,Presidente Juscelino,MA,Nordeste,11616,11356,2729,155,102458,9022,355.568,31.94,0.563
2109239,Presidente Médici,MA,Nordeste,4717,4696,4397,214,74488,15862,437.687,10.73,0.591
2109270,Presidente Sarney,MA,Nordeste,17925,17511,1950,108,186043,10624,726.172,24.11,0.557
2109304,Presidente Vargas,MA,Nordeste,10791,10549,2921,163,108884,10322,460.004,22.93,0.587
2109403,Primeira Cruz,MA,Nordeste,13920,13614,2464,140,120508,8852,1337.161,10.18,0.512
2109452,Raposa,MA,Nordeste,32156,30839,1106,50,381071,12357,79.213,389.32,0.626
2109502,Riachão,MA,Nordeste,22740,22145,1564,81,687701,31054,6402.83,3.46,0.576
2109551,Ribamar Fiquene,MA,Nordeste,7601,7420,3537,190,149001,20081,733.458,10.12,0.615
2109601,Rosário,MA,Nordeste,39761,38475,862,33,522395,13578,647.998,59.38,0.632
2109700,Sambaíba,MA,Nordeste,6234,5568,3913,202,433340,77827,2476.132,2.25,0.565
2109759,Santa Filomena do Maranhão,MA,Nordeste,6833,6697,3734,199,71886,10734,623.213,10.75,0.525
2109809,Santa Helena,MA,Nordeste,43200,41561,791,27,483903,11643,2191.168,18.97,0.571
2109908,Santa Inês,MA,Nordeste,88249,85014,382,11,1837615,21615,786.689,108.07,0.674
2110005,Santa Luzia,MA,Nordeste,58839,57635,584,19,985809,17104,4837.169,11.92,0.55
2110039,Santa Luzia do Paruá,MA,Nordeste,24890,24307,1434,69,382764,15747,1010.483,24.05,0.599
2110104,Santa Quitéria do Maranhão,MA,Nordeste,24495,23957,1473,73,391678,16349,1430.33,16.75,0.555
2110203,Santa Rita,MA,Nordeste,38542,37035,896,35,364746,9849,756.797,48.94,0.609
2110237,Santana do Maranhão,MA,Nordeste,10759,10567,2927,164,115748,10954,932.03,11.34,0.51
2110278,Santo Amaro do Maranhão,MA,Nordeste,14287,13949,2369,133,131658,9439,1582.806,8.81,0.518
2110302,Santo Antônio dos Lopes,MA,Nordeste,14628,14304,2296,128,5184564,362456,770.923,18.55,0.566
2110401,São Benedito do Rio Preto,MA,Nordeste,18810,18364,1845,98,186474,10154,931.485,19.71,0.541
2110500,São Bento,MA,Nordeste,48166,46395,708,23,404149,8711,456.997,101.52,0.602
2110609,São Bernardo,MA,Nordeste,27910,26943,1273,57,384189,14259,1005.824,26.79,0.572
2110658,São Domingos do Azeitão,MA,Nordeste,8236,7992,3404,188,339609,42494,961.249,8.31,0.59
2110708,São Domingos do Maranhão,MA,Nordeste,35247,34034,982,40,479852,14099,1151.978,29.54,0.582
2110807,São Félix de Balsas,MA,Nordeste,4491,4402,4488,216,92001,20900,2032.599,2.17,0.557
2110856,São Francisco do Brejão,MA,Nordeste,9202,9051,3235,181,138737,15328,745.357,12.14,0.584
2110906,São Francisco do Maranhão,MA,Nordeste,12360,12064,2636,148,127389,10559,2284.217,5.28,0.528
2111003,São João Batista,MA,Nordeste,18889,18544,1837,97,152916,8246,649.956,28.53,0.598
2111029,São João do Carú,MA,Nordeste,12360,12251,2637,149,143797,11738,910.065,13.46,0.509
2111052,São João do Paraíso,MA,Nordeste,10091,9904,3089,176,226525,22872,2052.328,4.83,0.609
2111078,São João do Soter,MA,Nordeste,17253,16889,2050,118,208559,12349,1438.067,11.74,0.517
2111102,São João dos Patos,MA,Nordeste,25910,25020,1360,63,444285,17757,1483.255,16.87,0.615
2111201,São José de Ribamar,MA,Nordeste,259164,244579,120,3,3135579,12820,180.363,1356.04,0.708
2111250,São José dos Basílios,MA,Nordeste,7094,6957,3674,198,75930,10914,353.72,19.67,0.557
2111300,São Luís,MA,Nordeste,1089215,1037775,15,1,42389051,40846,583.063,1779.87,0.768
2111409,São Luís Gonzaga do Maranhão,MA,Nordeste,18123,17818,1922,105,198315,11130,909.164,19.6,0.54
2111508,São Mateus do Maranhão,MA,Nordeste,40177,38829,851,32,586548,15106,800.045,48.53,0.616
2111532,São Pedro da Água Branca,MA,Nordeste,14786,14338,2277,127,149359,10417,720.461,19.9,0.605
2111573,São Pedro dos Crentes,MA,Nordeste,5993,5783,3990,205,103928,17971,979.915,5.9,0.6
2111607,São Raimundo das Mangabeiras,MA,Nordeste,19158,18672,1815,94,1090033,58378,3524.501,5.3,0.61
2111631,São Raimundo do Doca Bezerra,MA,Nordeste,5761,5650,4053,207,62616,11082,419.55,13.47,0.516
2111672,São Roberto,MA,Nordeste,4577,4544,4442,215,58526,12880,226.811,20.03,0.516
2111706,São Vicente Ferrer,MA,Nordeste,19865,19498,1761,91,183735,9423,393.928,49.5,0.592
2111722,Satubinha,MA,Nordeste,8821,8784,3300,185,107921,12286,441.811,19.88,0.493
2111748,Senador Alexandre Costa,MA,Nordeste,10447,10207,3035,170,145324,14238,426.437,23.94,0.538
2111763,Senador La Rocque,MA,Nordeste,15044,14700,2241,125,225141,15316,738.187,19.91,0.602
2111789,Serrano do Maranhão,MA,Nordeste,10475,10202,3027,167,118312,11597,1165.318,8.75,0.519
2111805,Sítio Novo,MA,Nordeste,17464,17074,2028,114,292191,17113,3114.683,5.48,0.564
2111904,Sucupira do Norte,MA,Nordeste,10471,10238,3028,168,193909,18940,1074.435,9.53,0.579
2111953,Sucupira do Riachão,MA,Nordeste,5081,4985,4258,213,63214,12681,862.226,5.78,0.568
2112001,Tasso Fragoso,MA,Nordeste,9130,8862,3248,182,2616708,295273,4369.159,2.03,0.599
2112100,Timbiras,MA,Nordeste,27328,26484,1293,58,248536,9384,1486.584,17.82,0.537
2112209,Timon,MA,Nordeste,182711,174465,171,4,2840126,16279,1763.22,98.95,0.649
2112233,Trizidela do Vale,MA,Nordeste,23097,22484,1548,78,436529,19415,291.61,77.1,0.606
2112274,Tufilândia,MA,Nordeste,5633,5507,4097,208,75760,13757,270.934,20.33,0.555
2112308,Tuntum,MA,Nordeste,37364,36251,924,38,410127,11314,3369.121,10.76,0.572
2112407,Turiaçu,MA,Nordeste,38993,37491,884,34,414975,11069,2622.281,14.3,0.561
2112456,Turilândia,MA,Nordeste,33219,31638,1059,46,280000,8850,1507.622,20.99,0.536
2112506,Tutóia,MA,Nordeste,55076,53356,619,21,642713,12046,1566.08,34.07,0.561
2112605,Urbano Santos,MA,Nordeste,34143,32812,1019,42,315151,9605,1707.621,19.22,0.588
2112704,Vargem Grande,MA,Nordeste,44444,43261,769,26,467351,10803,1958.702,22.09,0.542
2112803,Viana,MA,Nordeste,53176,51442,647,22,608731,11833,1166.745,44.09,0.618
2112852,Vila Nova dos Martírios,MA,Nordeste,10561,10362,2996,165,191495,18481,1190.008,8.71,0.581
2112902,Vitória do Mearim,MA,Nordeste,31859,30805,1126,52,410267,13318,716.719,42.98,0.596
2113009,Vitorino Freire,MA,Nordeste,31920,30845,1121,51,411453,13339,1193.385,25.85,0.57
2114007,Zé Doca,MA,Nordeste,41815,40801,817,29,685858,16810,2140.109,19.06,0.595
2200053,Acauã,PI,Nordeste,6323,6420,3885,104,84924,13228,1280.838,5.01,0.528
2200103,Agricolândia,PI,Nordeste,5016,4940,4281,147,57335,11606,112.392,43.95,0.599
2200202,Água Branca,PI,Nordeste,18095,17573,1926,30,303532,17273,96.843,181.46,0.639
2200251,Alagoinha do Piauí,PI,Nordeste,6876,6819,3726,91,80787,11847,535.89,12.72,0.531
2200277,Alegrete do Piauí,PI,Nordeste,4707,4634,4399,152,56359,12162,243.732,19.01,0.585
2200301,Alto Longá,PI,Nordeste,13729,13479,2485,44,146913,10899,1743.331,7.73,0.585
2200400,Altos,PI,Nordeste,50094,47453,679,6,764914,16119,957.232,49.57,0.614
2200459,Alvorada do Gurguéia,PI,Nordeste,5474,5322,4146,127,109088,20498,2131.506,2.5,0.578
2200509,Amarante,PI,Nordeste,17594,17234,2000,34,243954,14155,1152.127,14.96,0.598
2200608,Angical do Piauí,PI,Nordeste,6991,6827,3698,90,84772,12417,222.008,30.75,0.63
2200707,Anísio de Abreu,PI,Nordeste,9649,9407,3151,66,124990,13287,337.877,27.84,0.594
2200806,Antônio Almeida,PI,Nordeste,3234,3152,4983,201,197619,62696,644.8,4.89,0.62
2200905,Aroazes,PI,Nordeste,5413,5369,4166,132,69489,12943,821.212,6.54,0.583
2200954,Aroeiras do Itaim,PI,Nordeste,2777,2690,5187,215,31540,11725,316.235,8.51,0.519
2201002,Arraial,PI,Nordeste,4517,4520,4468,162,60133,13304,682.727,6.62,0.56
2201051,Assunção do Piauí,PI,Nordeste,7596,7452,3542,84,81045,10876,1690.703,4.41,0.499
2201101,Avelino Lopes,PI,Nordeste,11118,10866,2839,51,127137,11700,1220.371,8.9,0.554
2201150,Baixa Grande do Ribeiro,PI,Nordeste,13983,13272,2445,42,2657264,200216,7808.915,1.7,0.564
2201176,Barra D'Alcântara,PI,Nordeste,4099,3995,4660,187,47271,11833,263.943,15.14,0.577
2201200,Barras,PI,Nordeste,49703,47938,688,7,673463,14049,1722.507,27.83,0.595
2201309,Barreiras do Piauí,PI,Nordeste,3336,3264,4939,198,137542,42139,2168.713,1.51,0.557
2201408,Barro Duro,PI,Nordeste,6731,6640,3761,94,104885,15796,159.436,41.65,0.612
2201507,Batalha,PI,Nordeste,27129,26300,1302,21,306176,11642,1589.01,16.55,0.545
2201556,Bela Vista do Piauí,PI,Nordeste,4225,4091,4609,177,63283,15469,499.092,8.2,0.576
2201572,Belém do Piauí,PI,Nordeste,3515,3423,4867,195,47523,13883,243.234,14.07,0.551
2201606,Beneditinos,PI,Nordeste,10093,9929,3088,65,118265,11911,937.098,10.6,0.557
2201705,Bertolínia,PI,Nordeste,5715,5562,4067,117,90844,16333,1216.116,4.57,0.612
2201739,Betânia do Piauí,PI,Nordeste,6596,6220,3793,97,120127,19313,579.576,10.73,0.489
2201770,Boa Hora,PI,Nordeste,7140,6902,3657,88,77969,11297,336.954,20.48,0.575
2201804,Bocaina,PI,Nordeste,4118,4078,4651,185,53637,13153,261.651,15.59,0.632
2201903,Bom Jesus,PI,Nordeste,30658,28796,1162,17,1661674,57705,5471.024,5.26,0.668
2201919,Bom Princípio do Piauí,PI,Nordeste,5805,5636,4042,116,82659,14666,523.142,10.77,0.532
2201929,Bonfim do Piauí,PI,Nordeste,6117,5913,3960,112,68106,11518,289.149,20.45,0.542
2201945,Boqueirão do Piauí,PI,Nordeste,6751,6545,3756,92,67424,10302,269.786,24.26,0.56
2201960,Brasileira,PI,Nordeste,8684,8436,3320,74,101117,11986,880.836,9.58,0.577
2201988,Brejo do Piauí,PI,Nordeste,3964,3904,4719,190,57956,14845,2267.327,1.72,0.515
2202000,Buriti dos Lopes,PI,Nordeste,20130,19654,1746,27,276426,14065,690.54,28.46,0.565
2202026,Buriti dos Montes,PI,Nordeste,7517,7434,3565,85,98669,13273,2437.326,3.05,0.574
2202059,Cabeceiras do Piauí,PI,Nordeste,10466,10212,3029,61,107817,10558,608.747,16.78,0.583
2202075,Cajazeiras do Piauí,PI,Nordeste,3135,3108,5034,203,45637,14684,514.106,6.05,0.562
2202083,Cajueiro da Praia,PI,Nordeste,8246,7957,3396,79,152471,19162,271.165,29.34,0.546
2202091,Caldeirão Grande do Piauí,PI,Nordeste,5602,5503,4109,123,243767,44297,467.083,11.78,0.588
2202109,Campinas do Piauí,PI,Nordeste,4964,4938,4301,150,75221,15233,783.842,6.3,0.544
2202117,Campo Alegre do Fidalgo,PI,Nordeste,4698,4616,4402,153,62191,13473,657.796,7.02,0.537
2202133,Campo Grande do Piauí,PI,Nordeste,6211,6020,3926,107,77243,12831,311.682,19.31,0.56
2202174,Campo Largo do Piauí,PI,Nordeste,7669,7419,3518,83,80881,10902,478.078,15.52,0.528
2202208,Campo Maior,PI,Nordeste,47119,45793,726,9,940802,20545,1680.861,27.24,0.656
2202251,Canavieira,PI,Nordeste,3404,3414,4909,197,52032,15241,2165.277,1.58,0.583
2202307,Canto do Buriti,PI,Nordeste,19639,19365,1776,29,342972,17711,4325.643,4.48,0.576
2202406,Capitão de Campos,PI,Nordeste,11362,11100,2785,49,133031,11985,571.658,19.42,0.583
2202455,Capitão Gervásio Oliveira,PI,Nordeste,4071,3974,4669,188,58704,14772,1132.995,3.51,0.553
2202505,Caracol,PI,Nordeste,10546,10318,3004,57,127543,12361,1610.959,6.4,0.552
2202539,Caraúbas do Piauí,PI,Nordeste,5581,5630,4117,124,67977,12074,471.217,11.95,0.505
2202554,Caridade do Piauí,PI,Nordeste,5176,5033,4226,140,72564,14418,498.793,10.09,0.541
2202604,Castelo do Piauí,PI,Nordeste,19669,19288,1774,28,234521,12159,2378.847,8.11,0.587
2202653,Caxingó,PI,Nordeste,5682,5496,4083,120,68616,12485,491.093,11.19,0.488
2202703,Cocal,PI,Nordeste,29302,28212,1212,19,351832,12471,1294.133,21.8,0.497
2202711,Cocal de Telha,PI,Nordeste,5046,4911,4272,145,60324,12283,310.291,15.83,0.555
2202729,Cocal dos Alves,PI,Nordeste,6596,6386,3794,98,73414,11496,324.856,19.66,0.498
2202737,Coivaras,PI,Nordeste,4249,4117,4595,174,50029,12152,484.46,8.5,0.565
2202752,Colônia do Gurguéia,PI,Nordeste,6294,6150,3896,105,92949,15114,429.591,14.32,0.628
2202778,Colônia do Piauí,PI,Nordeste,7067,6994,3679,89,82383,11779,950.193,7.36,0.588
2202802,Conceição do Canindé,PI,Nordeste,5078,4932,4260,143,88408,17925,824.729,5.98,0.589
2202851,Coronel José Dias,PI,Nordeste,4291,4250,4575,173,55718,13110,1926.103,2.21,0.546
2202901,Corrente,PI,Nordeste,28381,27278,1255,20,764222,28016,3048.747,8.95,0.642
2203008,Cristalândia do Piauí,PI,Nordeste,7431,7356,3588,86,89547,12173,1202.896,6.12,0.573
2203107,Cristino Castro,PI,Nordeste,10801,10503,2917,56,155696,14824,1845.698,5.69,0.566
2203206,Curimatá,PI,Nordeste,11581,11270,2733,47,186259,16527,2344.949,4.81,0.607
2203230,Currais,PI,Nordeste,4977,4854,4293,149,569946,117418,3156.657,1.54,0.542
2203255,Curralinhos,PI,Nordeste,4555,4413,4453,159,53723,12174,345.811,12.76,0.555
2203271,Curral Novo do Piauí,PI,Nordeste,5191,5073,4220,138,98620,19440,755.251,6.72,0.527
2203305,Demerval Lobão,PI,Nordeste,17139,16352,2062,36,343573,21011,216.807,75.42,0.618
2203354,Dirceu Arcoverde,PI,Nordeste,7259,7054,3625,87,89611,12704,1005.571,7.01,0.561
2203404,Dom Expedito Lopes,PI,Nordeste,6410,6320,3856,102,93969,14869,218.808,28.88,0.601
2203420,Domingos Mourão,PI,Nordeste,4129,4075,4643,184,55943,13728,848.705,4.8,0.55
2203453,Dom Inocêncio,PI,Nordeste,9332,9159,3212,70,212410,23191,3871.824,2.37,0.549
2203503,Elesbão Veloso,PI,Nordeste,13743,13607,2484,43,208873,15350,1383.976,9.83,0.58
2203602,Eliseu Martins,PI,Nordeste,4421,4377,4521,170,65844,15043,1097.79,3.99,0.595
2203701,Esperantina,PI,Nordeste,42710,40970,800,11,630893,15399,908.748,45.08,0.605
2203750,Fartura do Piauí,PI,Nordeste,5426,5284,4159,130,63132,11948,713.046,7.41,0.548
2203800,Flores do Piauí,PI,Nordeste,4512,4414,4472,163,55149,12494,946.719,4.66,0.547
2203859,Floresta do Piauí,PI,Nordeste,2354,2333,5333,219,31642,13563,223.199,10.45,0.538
2203909,Floriano,PI,Nordeste,64393,62036,535,5,1693508,27299,3407.979,18.2,0.7
2204006,Francinópolis,PI,Nordeste,4481,4505,4498,166,57191,12695,268.704,16.77,0.564
2204105,Francisco Ayres,PI,Nordeste,4548,4412,4456,160,66833,15148,656.475,6.72,0.577
2204154,Francisco Macedo,PI,Nordeste,2985,2929,5100,210,37456,12788,179.245,16.34,0.553
2204204,Francisco Santos,PI,Nordeste,8349,8237,3372,78,111541,13541,492.191,16.74,0.608
2204303,Fronteiras,PI,Nordeste,10344,10259,3054,62,140145,13661,777.179,13.2,0.619
2204352,Geminiano,PI,Nordeste,5604,5445,4108,122,70886,13019,440.606,12.36,0.561
2204402,Gilbués,PI,Nordeste,11193,10892,2831,50,490465,45030,3495.692,3.12,0.548
2204501,Guadalupe,PI,Nordeste,10480,10270,3024,59,584966,56959,1026.538,10,0.65
2204550,Guaribas,PI,Nordeste,4344,4276,4557,172,60294,14101,3118.231,1.37,0.508
2204600,Hugo Napoleão,PI,Nordeste,3550,3518,4856,194,41161,11700,224.573,15.67,0.599
2204659,Ilha Grande,PI,Nordeste,9522,9274,3176,69,132842,14324,129.696,71.51,0.563
2204709,Inhuma,PI,Nordeste,15268,14958,2220,37,190110,12710,978.222,15.29,0.624
2204808,Ipiranga do Piauí,PI,Nordeste,9627,9420,3156,67,101790,10806,529.417,17.79,0.63
2204907,Isaías Coelho,PI,Nordeste,7867,7774,3475,81,93919,12081,800.688,9.71,0.582
2205003,Itainópolis,PI,Nordeste,10969,10790,2871,52,126851,11756,827.62,13.04,0.541
2205102,Itaueira,PI,Nordeste,10477,10323,3025,60,164342,15920,2554.179,4.04,0.583
2205151,Jacobina do Piauí,PI,Nordeste,5711,5613,4071,119,91192,16247,1333.796,4.21,0.535
2205201,Jaicós,PI,Nordeste,17789,17527,1970,33,214290,12226,866.788,20.22,0.524
2205250,Jardim do Mulato,PI,Nordeste,4235,4180,4605,176,51476,12315,510.226,8.19,0.593
2205276,Jatobá do Piauí,PI,Nordeste,4560,4494,4450,157,70003,15577,650.393,6.91,0.566
2205300,Jerumenha,PI,Nordeste,4606,4497,4434,155,68875,15316,1865.94,2.41,0.591
2205359,João Costa,PI,Nordeste,3033,2970,5077,207,82059,27629,1800.23,1.65,0.561
2205409,Joaquim Pires,PI,Nordeste,14265,13886,2375,40,145543,10481,740.561,18.75,0.522
2205458,Joca Marques,PI,Nordeste,5552,5394,4119,125,58125,10776,169.005,31.92,0.504
2205508,José de Freitas,PI,Nordeste,44689,42559,763,10,553848,13014,1538.172,27.67,0.618
2205516,Juazeiro do Piauí,PI,Nordeste,5308,5214,4190,137,67355,12918,935.404,5.57,0.57
2205524,Júlio Borges,PI,Nordeste,5501,5388,4134,126,107847,20016,1283.916,4.2,0.582
2205532,Jurema,PI,Nordeste,4501,4425,4481,164,58058,13120,1271.881,3.48,0.555
2205540,Lagoinha do Piauí,PI,Nordeste,3044,2939,5070,205,46590,15852,67.649,43.44,0.597
2205557,Lagoa Alegre,PI,Nordeste,8464,8256,3354,77,96065,11636,394.205,20.94,0.55
2205565,Lagoa do Barro do Piauí,PI,Nordeste,5171,4995,4228,141,368693,73812,1331.025,3.75,0.502
2205573,Lagoa de São Francisco,PI,Nordeste,6446,6331,3841,101,68299,10788,155.86,40.62,0.529
2205581,Lagoa do Piauí,PI,Nordeste,5017,4810,4280,146,100849,20967,427.841,11.24,0.583
2205599,Lagoa do Sítio,PI,Nordeste,4559,4520,4451,158,53534,11844,805.018,5.61,0.541
2205607,Landri Sales,PI,Nordeste,5309,5213,4189,136,129242,24792,1088.583,4.79,0.584
2205706,Luís Correia,PI,Nordeste,31901,30641,1123,16,461806,15072,1074.132,28.53,0.541
2205805,Luzilândia,PI,Nordeste,26143,25375,1347,23,318552,12554,705.599,35.96,0.545
2205854,Madeiro,PI,Nordeste,8231,8032,3405,80,87322,10872,178.842,44.91,0.563
2205904,Manoel Emídio,PI,Nordeste,5315,5209,4187,135,69457,13334,1620.413,3.21,0.573
2205953,Marcolândia,PI,Nordeste,8822,8533,3299,72,194855,22835,136.785,62.38,0.562
2206001,Marcos Parente,PI,Nordeste,4863,4724,4334,151,68705,14544,677.416,6.97,0.59
2206050,Massapê do Piauí,PI,Nordeste,5165,5218,4231,142,60923,11676,530.169,9.84,0.525
2206100,Matias Olímpio,PI,Nordeste,10886,10641,2891,54,132516,12453,226.785,46.92,0.562
2206209,Miguel Alves,PI,Nordeste,33074,32150,1066,15,421897,13123,1392.123,23.09,0.539
2206308,Miguel Leão,PI,Nordeste,1355,1318,5557,224,34693,26322,93.412,14.11,0.623
2206357,Milton Brandão,PI,Nordeste,6681,6542,3774,96,67925,10383,1309.128,5,0.508
2206407,Monsenhor Gil,PI,Nordeste,10513,10255,3013,58,161627,15761,567.86,18.06,0.615
2206506,Monsenhor Hipólito,PI,Nordeste,7762,7577,3499,82,91424,12066,401.568,18.87,0.561
2206605,Monte Alegre do Piauí,PI,Nordeste,10928,10660,2884,53,391314,36709,2417.382,4.41,0.578
2206654,Morro Cabeça no Tempo,PI,Nordeste,4456,4377,4507,167,53314,12180,2207.658,1.98,0.542
2206670,Morro do Chapéu do Piauí,PI,Nordeste,6548,6425,3805,99,75684,11780,328.408,19.56,0.55
2206696,Murici dos Portelas,PI,Nordeste,10210,9797,3076,64,103630,10578,475.72,20.59,0.53
2206704,Nazaré do Piauí,PI,Nordeste,6697,6665,3766,95,78812,11825,1315.841,5.07,0.576
2206720,Nazária,PI,Nordeste,10821,10262,2909,55,134076,13065,362.376,28.32,0.602
2206753,Nossa Senhora de Nazaré,PI,Nordeste,5442,5228,4155,128,69230,13242,356.872,14.65,0.586
2206803,Nossa Senhora dos Remédios,PI,Nordeste,8751,8525,3309,73,117751,13812,357.896,23.82,0.533
2206902,Novo Oriente do Piauí,PI,Nordeste,6158,6097,3941,110,66803,10957,525.906,11.59,0.562
2206951,Novo Santo Antônio,PI,Nordeste,2888,2827,5138,212,38563,13641,443.872,6.37,0.528
2207009,Oeiras,PI,Nordeste,39687,38161,864,13,740096,19394,2703.138,14.12,0.634
2207108,Olho D'Água do Piauí,PI,Nordeste,2730,2637,5206,216,38346,14542,183.603,14.36,0.576
2207207,Padre Marcos,PI,Nordeste,6468,6382,3836,100,88445,13859,278.696,22.9,0.541
2207306,Paes Landim,PI,Nordeste,4176,4088,4630,180,58224,14243,401.378,10.18,0.575
2207355,Pajeú do Piauí,PI,Nordeste,3032,3000,5078,208,61084,20361,986.961,3.04,0.559
2207405,Palmeira do Piauí,PI,Nordeste,5047,4952,4270,144,180249,36399,2024.02,2.45,0.557
2207504,Palmeirais,PI,Nordeste,13458,13264,2519,45,167663,12640,1493.764,8.88,0.562
2207553,Paquetá,PI,Nordeste,3873,3813,4744,191,53217,13957,432.572,8.81,0.509
2207603,Parnaguá,PI,Nordeste,10282,10103,3064,63,133949,13258,3428.811,2.95,0.575
2207702,Parnaíba,PI,Nordeste,170491,162159,187,2,3682146,22707,436.907,371.15,0.687
2207751,Passagem Franca do Piauí,PI,Nordeste,4222,4135,4610,178,62728,15170,643.226,6.43,0.561
2207777,Patos do Piauí,PI,Nordeste,5427,5425,4157,129,65641,12100,801.403,6.77,0.563
2207793,Pau D'Arco do Piauí,PI,Nordeste,3979,3880,4715,189,43954,11328,430.023,9.02,0.514
2207801,Paulistana,PI,Nordeste,21633,21055,1638,26,359215,17061,1941.111,10.85,0.6
2207850,Pavussu,PI,Nordeste,3697,3628,4808,192,45823,12630,1090.697,3.33,0.526
2207900,Pedro II,PI,Nordeste,39072,37894,881,14,499936,13193,1544.413,24.54,0.571
2207934,Pedro Laurentino,PI,Nordeste,2517,2458,5287,217,38185,15535,870.614,2.82,0.562
2207959,Nova Santa Rita,PI,Nordeste,4142,4076,4642,183,51654,12673,909.734,4.48,0.554
2208007,Picos,PI,Nordeste,86701,83090,393,3,2456682,29567,577.284,143.93,0.698
2208106,Pimenteiras,PI,Nordeste,11487,11341,2750,48,120257,10604,4562.58,2.49,0.566
2208205,Pio IX,PI,Nordeste,17948,17613,1947,31,234055,13289,1948.142,9.04,0.564
2208304,Piracuruca,PI,Nordeste,29721,28846,1197,18,464676,16109,2368.935,12.18,0.596
2208403,Piripiri,PI,Nordeste,67887,65538,505,4,1242361,18956,1407.192,46.57,0.635
2208502,Porto,PI,Nordeste,12323,12052,2646,46,143077,11872,253.113,47.62,0.549
2208551,Porto Alegre do Piauí,PI,Nordeste,2382,2364,5325,218,47843,20238,1168.044,2.02,0.563
2208601,Prata do Piauí,PI,Nordeste,3096,3042,5048,204,43355,14252,196.787,15.46,0.565
2208650,Queimada Nova,PI,Nordeste,8948,8738,3281,71,188828,21610,1283.369,6.81,0.515
2208700,Redenção do Gurguéia,PI,Nordeste,8565,8394,3340,75,125613,14965,2470.531,3.4,0.589
2208809,Regeneração,PI,Nordeste,17400,17133,2033,35,337226,19683,1251.321,13.69,0.591
2208858,Riacho Frio,PI,Nordeste,4238,4165,4603,175,61503,14767,2220.598,1.88,0.541
2208874,Ribeira do Piauí,PI,Nordeste,4105,4055,4658,186,278046,68569,1012.479,4.01,0.52
2208908,Ribeiro Gonçalves,PI,Nordeste,6182,6164,3933,109,927445,150462,3987.147,1.55,0.601
2209005,Rio Grande do Piauí,PI,Nordeste,5845,5801,4027,115,75898,13084,635.953,9.12,0.572
2209104,Santa Cruz do Piauí,PI,Nordeste,5872,5831,4021,114,78053,13386,582.658,10.01,0.601
2209153,Santa Cruz dos Milagres,PI,Nordeste,3448,3435,4899,196,51690,15048,978.547,3.51,0.577
2209203,Santa Filomena,PI,Nordeste,6210,6087,3927,108,789358,129679,5293.693,1.15,0.544
2209302,Santa Luz,PI,Nordeste,5418,5336,4164,131,87685,16433,1185.398,4.5,0.588
2209351,Santana do Piauí,PI,Nordeste,4159,4125,4636,182,52380,12698,112.189,36.77,0.574
2209377,Santa Rosa do Piauí,PI,Nordeste,4666,4650,4417,154,63445,13644,338.336,13.74,0.567
2209401,Santo Antônio de Lisboa,PI,Nordeste,5930,5839,4009,113,97849,16758,385.286,15.15,0.584
2209450,Santo Antônio dos Milagres,PI,Nordeste,2169,2138,5399,223,25284,11826,33.64,63.56,0.619
2209500,Santo Inácio do Piauí,PI,Nordeste,3682,3646,4814,193,49248,13507,852.106,4.28,0.613
2209559,São Braz do Piauí,PI,Nordeste,4454,4358,4508,168,53740,12331,656.042,6.64,0.596
2209609,São Félix do Piauí,PI,Nordeste,2879,2842,5140,213,38023,13379,627.033,4.53,0.61
2209658,São Francisco de Assis do Piauí,PI,Nordeste,5713,5572,4068,118,68222,12244,1072.311,5.2,0.485
2209708,São Francisco do Piauí,PI,Nordeste,5358,5392,4174,133,67264,12475,1341.451,4.02,0.57
2209757,São Gonçalo do Gurguéia,PI,Nordeste,3026,2947,5082,209,64213,21789,1385.255,2.13,0.56
2209807,São Gonçalo do Piauí,PI,Nordeste,4985,4837,4290,148,80523,16647,150.495,32.14,0.616
2209856,São João da Canabrava,PI,Nordeste,4359,4242,4547,171,54282,12796,480.537,8.83,0.559
2209872,São João da Fronteira,PI,Nordeste,5608,5522,4106,121,74940,13571,817.111,6.76,0.515
2209906,São João da Serra,PI,Nordeste,6232,6114,3916,106,72738,11897,994.224,6.15,0.582
2209955,São João da Varjota,PI,Nordeste,4430,4383,4519,169,45940,10481,394.456,11.11,0.559
2209971,São João do Arraial,PI,Nordeste,8494,8186,3350,76,95904,11716,213.377,38.36,0.523
2210003,São João do Piauí,PI,Nordeste,22137,21421,1603,25,418479,19536,1527.497,14.02,0.645
2210052,São José do Divino,PI,Nordeste,5317,4841,4186,134,83009,17147,319.367,15.16,0.565
2210102,São José do Peixe,PI,Nordeste,3300,3297,4954,199,50039,15177,1287.174,2.56,0.573
2210201,São José do Piauí,PI,Nordeste,6733,6597,3760,93,81017,12281,373.347,17.67,0.552
2210300,São Julião,PI,Nordeste,6131,6025,3952,111,67832,11258,291.089,20.7,0.594
2210359,São Lourenço do Piauí,PI,Nordeste,4497,4410,4484,165,54907,12451,673.822,6.54,0.595
2210375,São Luis do Piauí,PI,Nordeste,2277,2309,5361,222,28433,12314,217.924,10.6,0.554
2210383,São Miguel da Baixa Grande,PI,Nordeste,2299,2269,5357,221,32909,14504,444.528,5.1,0.563
2210391,São Miguel do Fidalgo,PI,Nordeste,2864,2829,5147,214,36836,13021,813.444,3.48,0.535
2210409,São Miguel do Tapuio,PI,Nordeste,17911,17554,1951,32,206592,11769,4988.973,3.52,0.556
2210508,São Pedro do Piauí,PI,Nordeste,14055,13755,2427,41,159452,11592,518.288,26.54,0.595
2210607,São Raimundo Nonato,PI,Nordeste,41139,38934,830,12,761785,19566,2415.287,16.12,0.661
2210623,Sebastião Barros,PI,Nordeste,3210,3202,4998,202,57577,17982,893.488,3.58,0.536
2210631,Sebastião Leal,PI,Nordeste,4590,4446,4439,156,724911,163048,3148.857,1.41,0.562
2210656,Sigefredo Pacheco,PI,Nordeste,9623,9460,3157,68,97006,10254,1031.101,9.17,0.581
2210706,Simões,PI,Nordeste,14664,14350,2291,38,543068,37844,1076.055,13.34,0.575
2210805,Simplício Mendes,PI,Nordeste,14437,13870,2329,39,236711,17066,1360.028,10.2,0.627
2210904,Socorro do Piauí,PI,Nordeste,4165,4141,4633,181,52907,12776,761.854,5.44,0.561
2210938,Sussuapara,PI,Nordeste,6346,6220,3877,103,85293,13713,205.194,30.31,0.586
2210953,Tamboril do Piauí,PI,Nordeste,3040,2949,5071,206,39134,13270,1587.296,1.86,0.501
2210979,Tanque do Piauí,PI,Nordeste,2319,2316,5347,220,44035,19013,398.007,5.82,0.579
2211001,Teresina,PI,Nordeste,905692,866300,19,1,29449063,33994,1391.293,622.66,0.751
2211100,União,PI,Nordeste,47896,46119,712,8,609122,13208,1170.742,39.39,0.577
2211209,Uruçuí,PI,Nordeste,26779,25203,1314,22,4226266,167689,8413.016,3,0.631
2211308,Valença do Piauí,PI,Nordeste,23025,22279,1552,24,385864,17320,1333.722,16.7,0.647
2211357,Várzea Branca,PI,Nordeste,5181,5055,4224,139,60846,12037,450.429,11.22,0.553
2211407,Várzea Grande,PI,Nordeste,4520,4417,4467,161,54664,12376,236.453,18.68,0.571
2211506,Vera Mendes,PI,Nordeste,3282,3185,4961,200,38796,12181,341.974,9.31,0.503
2211605,Vila Nova do Piauí,PI,Nordeste,2972,2935,5105,211,41921,14283,221.627,13.24,0.565
2211704,Wall Ferraz,PI,Nordeste,4195,4059,4622,179,58144,14325,270.427,15.01,0.544
2300101,Abaiara,CE,Nordeste,10269,10038,3068,161,143730,14319,180.833,55.51,0.628
2300150,Acarape,CE,Nordeste,14340,14027,2352,135,220474,15718,130.002,107.9,0.606
2300200,Acaraú,CE,Nordeste,69317,65264,494,25,1250251,19157,842.471,77.47,0.601
2300309,Acopiara,CE,Nordeste,45937,44962,743,41,693535,15425,2254.279,19.95,0.595
2300408,Aiuaba,CE,Nordeste,14115,14076,2413,138,169076,12012,2438.563,5.77,0.569
2300507,Alcântaras,CE,Nordeste,11795,11369,2704,149,115643,10172,135.76,83.74,0.6
2300606,Altaneira,CE,Nordeste,6974,6782,3704,175,92128,13584,72.675,93.32,0.602
2300705,Alto Santo,CE,Nordeste,14372,14155,2345,134,273863,19347,1147.208,12.34,0.601
2300754,Amontada,CE,Nordeste,44584,42156,764,43,808126,19170,1175.044,35.88,0.606
2300804,Antonina do Norte,CE,Nordeste,7507,7245,3568,174,101191,13967,259.706,27.9,0.599
2300903,Apuiarés,CE,Nordeste,13193,12928,2538,141,166864,12907,543.98,23.77,0.618
2301000,Aquiraz,CE,Nordeste,85316,80645,398,14,4851008,60153,480.236,167.93,0.641
2301109,Aracati,CE,Nordeste,79205,75113,428,19,1966473,26180,1227.197,61.21,0.655
2301208,Aracoiaba,CE,Nordeste,26752,25553,1315,74,336284,13160,643.988,39.68,0.615
2301257,Ararendá,CE,Nordeste,11532,11096,2744,150,143424,12926,342.301,32.42,0.59
2301307,Araripe,CE,Nordeste,20194,19783,1740,98,259168,13101,1097.339,18.03,0.564
2301406,Aratuba,CE,Nordeste,11427,11224,2769,151,191055,17022,119.758,93.72,0.622
2301505,Arneiroz,CE,Nordeste,7615,7429,3535,171,88078,11856,1068.437,6.95,0.618
2301604,Assaré,CE,Nordeste,22195,21697,1599,91,309804,14279,1155.124,18.78,0.6
2301703,Aurora,CE,Nordeste,24244,23714,1491,86,291950,12311,885.87,26.77,0.605
2301802,Baixio,CE,Nordeste,5821,5704,4034,182,72488,12708,145.556,39.19,0.627
2301851,Banabuiú,CE,Nordeste,17667,17195,1990,115,318579,18527,1080.986,15.91,0.606
2301901,Barbalha,CE,Nordeste,81441,75033,418,16,1646404,21942,608.158,123.38,0.683
2301950,Barreira,CE,Nordeste,23474,22392,1532,88,289445,12926,260.003,86.12,0.616
2302008,Barro,CE,Nordeste,19569,19381,1782,100,286557,14785,711.346,27.25,0.599
2302057,Barroquinha,CE,Nordeste,14998,14567,2245,130,169758,11654,385.583,37.78,0.571
2302107,Baturité,CE,Nordeste,37147,35218,932,55,578203,16418,314.075,112.13,0.619
2302206,Beberibe,CE,Nordeste,55977,53114,610,34,1445505,27215,1596.751,33.26,0.638
2302305,Bela Cruz,CE,Nordeste,34613,32775,996,57,381568,11642,842.106,38.92,0.623
2302404,Boa Viagem,CE,Nordeste,52133,50411,657,37,717721,14237,2835.037,17.78,0.598
2302503,Brejo Santo,CE,Nordeste,54192,51090,631,36,1263863,24738,654.658,78.04,0.647
2302602,Camocim,CE,Nordeste,65251,62326,524,27,982887,15770,1120.452,55.63,0.62
2302701,Campos Sales,CE,Nordeste,26049,25135,1353,75,370107,14725,1082.582,23.22,0.63
2302800,Canindé,CE,Nordeste,77376,74174,446,20,1194867,16109,3032.39,24.46,0.612
2302909,Capistrano,CE,Nordeste,17795,17254,1969,112,226541,13130,226.549,76.16,0.611
2303006,Caridade,CE,Nordeste,16234,16377,2129,125,209728,12806,926.271,17.68,0.592
2303105,Cariré,CE,Nordeste,18074,17632,1928,108,244538,13869,755.597,23.34,0.596
2303204,Caririaçu,CE,Nordeste,27532,26320,1286,71,295136,11213,634.179,41.5,0.578
2303303,Cariús,CE,Nordeste,17277,17015,2045,121,229771,13504,1036.417,16.42,0.597
2303402,Carnaubal,CE,Nordeste,17815,17210,1966,111,210865,12252,363.22,47.38,0.593
2303501,Cascavel,CE,Nordeste,76866,72720,447,21,1334364,18349,838.115,86.77,0.646
2303600,Catarina,CE,Nordeste,9110,10243,3253,166,151959,14835,488.153,20.98,0.618
2303659,Catunda,CE,Nordeste,10864,10444,2896,158,137704,13185,784.022,13.32,0.609
2303709,Caucaia,CE,Nordeste,378406,355679,72,2,9873557,27760,1223.246,290.77,0.682
2303808,Cedro,CE,Nordeste,22564,22344,1574,89,304070,13609,729.97,30.61,0.627
2303907,Chaval,CE,Nordeste,12811,12462,2583,142,141211,11331,237.248,52.53,0.586
2303931,Choró,CE,Nordeste,12352,12113,2639,145,211479,17459,815.268,14.86,0.585
2303956,Chorozinho,CE,Nordeste,20808,20163,1694,96,268766,13330,296.431,68.02,0.604
2304004,Coreaú,CE,Nordeste,21417,20953,1658,93,265519,12672,750.332,27.92,0.61
2304103,Crateús,CE,Nordeste,80130,76390,424,18,1258625,16476,2981.459,25.62,0.644
2304202,Crato,CE,Nordeste,139027,131050,226,6,2445567,18661,1138.15,115.14,0.713
2304236,Croatá,CE,Nordeste,18050,17481,1933,109,282767,16176,696.348,25.1,0.59
2304251,Cruz,CE,Nordeste,32288,29761,1098,62,565663,19007,335.921,88.6,0.632
2304269,Deputado Irapuan Pinheiro,CE,Nordeste,9173,8932,3239,165,124422,13930,471.134,18.96,0.609
2304277,Ereré,CE,Nordeste,6381,6474,3866,178,102445,15824,362.906,17.84,0.61
2304285,Eusébio,CE,Nordeste,82016,74170,416,15,4940352,66608,78.818,941.03,0.701
2304301,Farias Brito,CE,Nordeste,18498,18217,1886,104,242210,13296,530.54,34.34,0.633
2304350,Forquilha,CE,Nordeste,25298,24173,1394,76,346304,14326,568.778,42.5,0.644
2304400,Fortaleza,CE,Nordeste,2578483,2428708,4,1,86939832,35797,312.353,7775.52,0.754
2304459,Fortim,CE,Nordeste,18213,17294,1909,105,391326,22628,285.024,60.68,0.624
2304509,Frecheirinha,CE,Nordeste,16516,15657,2107,124,423490,27048,210.284,74.46,0.604
2304608,General Sampaio,CE,Nordeste,6929,6734,3714,177,97406,14465,230.371,29.23,0.568
2304657,Graça,CE,Nordeste,14176,13801,2396,137,159506,11558,258.942,53.3,0.57
2304707,Granja,CE,Nordeste,55809,53344,612,35,561374,10524,2663.174,20.03,0.559
2304806,Granjeiro,CE,Nordeste,4955,4841,4304,184,67463,13936,111.528,43.41,0.585
2304905,Groaíras,CE,Nordeste,11369,10910,2784,153,135967,12463,155.681,70.08,0.633
2304954,Guaiúba,CE,Nordeste,25158,24325,1403,79,315522,12971,256.053,95,0.617
2305001,Guaraciaba do Norte,CE,Nordeste,44565,42053,765,44,878354,20887,624.606,67.33,0.609
2305100,Guaramiranga,CE,Nordeste,5826,5654,4033,181,104816,18538,90.817,62.26,0.637
2305209,Hidrolândia,CE,Nordeste,18186,17855,1914,107,239627,13421,926.592,19.27,0.597
2305233,Horizonte,CE,Nordeste,81161,74755,421,17,2964814,39660,160.557,465.6,0.658
2305266,Ibaretama,CE,Nordeste,12149,11956,2666,146,163765,13697,879.255,13.6,0.577
2305308,Ibiapina,CE,Nordeste,24689,23965,1451,83,431905,18022,414.092,57.87,0.608
2305332,Ibicuitinga,CE,Nordeste,12008,11611,2676,147,150877,12994,423.856,27.39,0.606
2305357,Icapuí,CE,Nordeste,22562,21433,1575,90,453185,21144,421.44,50.86,0.616
2305407,Icó,CE,Nordeste,64745,62642,529,28,923966,14750,1865.862,33.57,0.606
2305506,Iguatu,CE,Nordeste,102588,98064,330,9,2342034,23883,992.208,98.83,0.677
2305605,Independência,CE,Nordeste,24463,24024,1475,85,408128,16988,3222.381,7.46,0.632
2305654,Ipaporanga,CE,Nordeste,11963,11575,2684,148,134150,11590,704.773,16.42,0.579
2305704,Ipaumirim,CE,Nordeste,12459,12083,2627,143,186861,15465,276.508,43.7,0.606
2305803,Ipu,CE,Nordeste,43084,41081,792,45,676519,16468,626.049,65.62,0.618
2305902,Ipueiras,CE,Nordeste,38287,36798,904,54,406831,11056,1483.258,24.81,0.573
2306009,Iracema,CE,Nordeste,14440,14001,2326,133,253154,18081,839.174,16.68,0.652
2306108,Irauçuba,CE,Nordeste,24867,23915,1436,82,271622,11358,1466.412,16.31,0.605
2306207,Itaiçaba,CE,Nordeste,7801,7536,3490,170,103646,13753,213.604,35.28,0.656
2306256,Itaitinga,CE,Nordeste,72512,64650,482,24,2352737,36392,153.686,420.66,0.626
2306306,Itapajé,CE,Nordeste,49073,46426,695,39,741513,15972,432.188,107.42,0.623
2306405,Itapipoca,CE,Nordeste,138978,131123,227,7,2550371,19450,1600.358,81.93,0.64
2306504,Itapiúna,CE,Nordeste,18197,17841,1912,106,213999,11995,593.231,30.07,0.604
2306553,Itarema,CE,Nordeste,45852,42957,746,42,711165,16555,714.833,60.09,0.606
2306603,Itatira,CE,Nordeste,21160,20424,1673,95,236128,11561,829.626,24.62,0.562
2306702,Jaguaretama,CE,Nordeste,17604,17232,1997,117,316967,18394,1826.826,9.43,0.612
2306801,Jaguaribara,CE,Nordeste,10668,10356,2954,159,196533,18978,622.963,16.62,0.618
2306900,Jaguaribe,CE,Nordeste,35143,33726,987,56,740827,21966,1877.062,17.97,0.621
2307007,Jaguaruana,CE,Nordeste,33115,31701,1064,60,665090,20980,854.362,37.1,0.624
2307106,Jardim,CE,Nordeste,28801,27411,1232,68,369628,13485,544.98,50.3,0.614
2307205,Jati,CE,Nordeste,8114,7861,3428,169,129952,16531,368.359,21.34,0.651
2307254,Jijoca de Jericoacoara,CE,Nordeste,28198,25555,1262,70,711193,27830,209.029,122.26,0.652
2307304,Juazeiro do Norte,CE,Nordeste,305531,286120,95,3,6457543,22569,258.788,1105.62,0.694
2307403,Jucás,CE,Nordeste,24624,23922,1456,84,390390,16319,940.336,25.44,0.598
2307502,Lavras da Mangabeira,CE,Nordeste,32163,30802,1105,63,445000,14447,945.263,32.59,0.613
2307601,Limoeiro do Norte,CE,Nordeste,62623,59560,551,31,1854065,31129,744.525,80,0.682
2307635,Madalena,CE,Nordeste,17235,16896,2051,122,215696,12766,997.781,16.93,0.61
2307650,Maracanaú,CE,Nordeste,251613,234509,124,4,13540094,57738,105.071,2231.91,0.686
2307700,Maranguape,CE,Nordeste,108622,105093,309,8,2011194,19137,583.505,180.11,0.659
2307809,Marco,CE,Nordeste,27177,25799,1297,72,453537,17580,573.61,44.98,0.612
2307908,Martinópole,CE,Nordeste,11280,10846,2809,154,125472,11569,303.445,35.74,0.599
2308005,Massapê,CE,Nordeste,39840,37697,860,51,483230,12819,567.78,66.39,0.616
2308104,Mauriti,CE,Nordeste,47501,45561,719,40,707667,15532,1079.011,42.22,0.605
2308203,Meruoca,CE,Nordeste,15853,15157,2161,128,166664,10996,151.651,99.95,0.618
2308302,Milagres,CE,Nordeste,26819,25900,1312,73,335239,12944,579.097,44.72,0.628
2308351,Milhã,CE,Nordeste,14713,14123,2284,132,250241,17719,502.137,28.13,0.626
2308377,Miraíma,CE,Nordeste,14826,14196,2269,131,141462,9965,708.678,20.03,0.592
2308401,Missão Velha,CE,Nordeste,38997,36822,883,52,598261,16247,613.317,60.04,0.622
2308500,Mombaça,CE,Nordeste,38451,37735,899,53,551794,14623,2115.748,17.84,0.582
2308609,Monsenhor Tabosa,CE,Nordeste,17705,17149,1984,114,210938,12300,892.538,19.21,0.61
2308708,Morada Nova,CE,Nordeste,65390,61443,523,26,1877982,30565,2763.971,22.23,0.61
2308807,Moraújo,CE,Nordeste,8537,8254,3343,168,86070,10428,414.446,19.92,0.581
2308906,Morrinhos,CE,Nordeste,23747,22753,1522,87,239995,10548,411.586,55.28,0.588
2309003,Mucambo,CE,Nordeste,13999,13666,2443,139,172104,12594,192.19,71.11,0.607
2309102,Mulungu,CE,Nordeste,11064,10569,2847,155,146503,13862,97.951,107.9,0.607
2309201,Nova Olinda,CE,Nordeste,16045,15399,2146,126,206839,13432,282.584,54.49,0.625
2309300,Nova Russas,CE,Nordeste,32053,30699,1116,66,432948,14103,736.911,41.66,0.614
2309409,Novo Oriente,CE,Nordeste,29097,27545,1223,67,343682,12477,947.44,29.07,0.605
2309458,Ocara,CE,Nordeste,25272,24493,1397,78,322686,13175,763.075,32.1,0.594
2309508,Orós,CE,Nordeste,19943,19675,1758,99,267791,13611,577.526,34.07,0.636
2309607,Pacajus,CE,Nordeste,75454,70983,458,22,1808068,25472,250.304,283.59,0.659
2309706,Pacatuba,CE,Nordeste,86564,81524,394,12,1714352,21029,133.236,611.88,0.675
2309805,Pacoti,CE,Nordeste,11421,11186,2774,152,175379,15678,112.433,99.49,0.635
2309904,Pacujá,CE,Nordeste,6348,6175,3875,179,81237,13156,88.355,69.89,0.621
2310001,Palhano,CE,Nordeste,9709,9346,3143,163,125162,13392,436.98,21.39,0.638
2310100,Palmácia,CE,Nordeste,10252,10242,3072,162,141264,13793,128.896,79.46,0.622
2310209,Paracuru,CE,Nordeste,41894,38980,815,47,679587,17434,304.734,127.91,0.637
2310258,Paraipaba,CE,Nordeste,34086,32216,1021,59,614090,19062,289.231,111.39,0.634
2310308,Parambu,CE,Nordeste,32867,31445,1071,61,349488,11114,2313.868,13.59,0.57
2310407,Paramoti,CE,Nordeste,10462,10384,3031,160,137553,13247,539.238,19.26,0.583
2310506,Pedra Branca,CE,Nordeste,42227,40187,808,46,481197,11974,1302.081,30.86,0.603
2310605,Penaforte,CE,Nordeste,9357,8972,3205,164,149293,16640,150.536,59.6,0.646
2310704,Pentecoste,CE,Nordeste,39903,37813,857,50,522218,13811,1379.836,27.4,0.629
2310803,Pereiro,CE,Nordeste,15858,15274,2160,127,663694,43453,435.868,35.04,0.601
2310852,Pindoretama,CE,Nordeste,24919,23391,1428,81,363294,15531,74.033,315.95,0.636
2310902,Piquet Carneiro,CE,Nordeste,17285,16616,2044,120,203533,12249,589.601,28.18,0.6
2310951,Pires Ferreira,CE,Nordeste,10984,10606,2866,156,103591,9767,244.464,43.38,0.591
2311009,Poranga,CE,Nordeste,12441,12065,2628,144,138933,11515,1310.771,9.2,0.581
2311108,Porteiras,CE,Nordeste,17877,17050,1956,110,232418,13632,224.86,75.82,0.622
2311207,Potengi,CE,Nordeste,8854,8833,3291,167,120981,13696,343.264,25.73,0.562
2311231,Potiretama,CE,Nordeste,6128,5974,3953,180,104345,17467,409.137,14.6,0.604
2311264,Quiterianópolis,CE,Nordeste,20545,20213,1709,97,249898,12363,1041.832,19.4,0.594
2311306,Quixadá,CE,Nordeste,88846,84168,381,10,1424438,16924,2020.586,41.66,0.659
2311355,Quixelô,CE,Nordeste,16998,15910,2072,123,241297,15166,605.345,26.28,0.591
2311405,Quixeramobim,CE,Nordeste,86431,82177,395,13,1928559,23468,3324.987,24.71,0.642
2311504,Quixeré,CE,Nordeste,21659,20874,1635,92,805778,38602,613.099,34.05,0.622
2311603,Redenção,CE,Nordeste,28382,27214,1254,69,520806,19137,247.989,109.74,0.626
2311702,Reriutaba,CE,Nordeste,19051,18606,1826,101,238538,12820,372.949,49.89,0.601
2311801,Russas,CE,Nordeste,74834,72928,468,23,1517580,20809,1611.091,45.27,0.674
2311900,Saboeiro,CE,Nordeste,13943,13854,2454,140,190822,13774,1381.274,10.03,0.575
2311959,Salitre,CE,Nordeste,17303,16633,2042,119,222379,13370,806.253,20.63,0.54
2312007,Santana do Acaraú,CE,Nordeste,32133,30628,1108,64,352192,11499,972.573,31.49,0.587
2312106,Santana do Cariri,CE,Nordeste,17391,16954,2035,118,191197,11277,855.165,19.83,0.612
2312205,Santa Quitéria,CE,Nordeste,41569,40183,824,48,859225,21383,4262.293,9.43,0.616
2312304,São Benedito,CE,Nordeste,50058,47640,681,38,883024,18535,350.847,135.79,0.611
2312403,São Gonçalo do Amarante,CE,Nordeste,58191,54143,589,33,6908373,127595,842.635,64.25,0.665
2312502,São João do Jaguaribe,CE,Nordeste,5683,5855,4082,183,137068,23410,279.451,20.95,0.654
2312601,São Luís do Curu,CE,Nordeste,10888,10822,2890,157,160997,14877,122.865,88.08,0.62
2312700,Senador Pompeu,CE,Nordeste,25108,24266,1405,80,473900,19529,956.882,25.36,0.619
2312809,Senador Sá,CE,Nordeste,7551,7262,3554,173,82270,11329,424.642,17.1,0.603
2312908,Sobral,CE,Nordeste,216519,203023,151,5,6588929,32454,2068.474,98.15,0.714
2313005,Solonópole,CE,Nordeste,18785,18179,1848,102,370693,20391,1535.855,11.84,0.625
2313104,Tabuleiro do Norte,CE,Nordeste,32122,30652,1110,65,584614,19073,1047.637,29.26,0.645
2313203,Tamboril,CE,Nordeste,25287,24815,1395,77,319202,12863,2014.543,12.32,0.58
2313252,Tarrafas,CE,Nordeste,7574,7529,3548,172,116827,15517,412.719,18.24,0.576
2313302,Tauá,CE,Nordeste,64655,61227,531,29,934349,15260,4010.618,15.27,0.633
2313351,Tejuçuoca,CE,Nordeste,17646,17154,1993,116,174349,10164,758.707,22.61,0.584
2313401,Tianguá,CE,Nordeste,86968,81506,391,11,2265253,27792,909.853,89.58,0.657
2313500,Trairi,CE,Nordeste,62004,58415,559,32,1039083,17788,928.725,62.9,0.606
2313559,Tururu,CE,Nordeste,15524,15412,2201,129,164401,10667,201.27,76.57,0.606
2313609,Ubajara,CE,Nordeste,34424,32767,1004,58,839887,25632,423.673,77.34,0.648
2313708,Umari,CE,Nordeste,6963,6871,3708,176,85633,12463,263.183,26.11,0.591
2313757,Umirim,CE,Nordeste,17751,17470,1977,113,210672,12059,315.648,55.35,0.587
2313807,Uruburetama,CE,Nordeste,21331,20189,1664,94,445294,22056,99.4,203.11,0.639
2313906,Uruoca,CE,Nordeste,14308,13746,2363,136,254534,18517,697.683,19.7,0.566
2313955,Varjota,CE,Nordeste,18708,18105,1861,103,488084,26959,179.239,101.01,0.611
2314003,Várzea Alegre,CE,Nordeste,40878,38984,835,49,575214,14755,829.976,46.97,0.629
2314102,Viçosa do Ceará,CE,Nordeste,62972,59712,548,30,723250,12112,1310.91,45.55,0.571
2400109,Acari,RN,Nordeste,10855,10597,2898,61,195828,18480,608.466,17.42,0.679
2400208,Assú,RN,Nordeste,59099,56496,582,9,2170177,38413,1303.442,43.34,0.661
2400307,Afonso Bezerra,RN,Nordeste,11158,10839,2834,58,160921,14846,576.179,18.81,0.585
2400406,Água Nova,RN,Nordeste,3029,2946,5080,150,42554,14445,50.684,58.12,0.616
2400505,Alexandria,RN,Nordeste,14058,13640,2426,37,209117,15331,381.205,35.78,0.606
2400604,Almino Afonso,RN,Nordeste,4802,4687,4364,123,68329,14578,128.038,36.61,0.624
2400703,Alto do Rodrigues,RN,Nordeste,12874,12484,2577,42,902783,72315,191.334,65.25,0.672
2400802,Angicos,RN,Nordeste,11985,11632,2681,48,257919,22173,741.582,15.69,0.624
2400901,Antônio Martins,RN,Nordeste,6730,6577,3762,94,79464,12082,244.897,26.86,0.578
2401008,Apodi,RN,Nordeste,37486,36093,921,13,941920,26097,1602.477,22.52,0.639
2401107,Areia Branca,RN,Nordeste,24607,24093,1459,23,1089647,45227,342.749,70.29,0.682
2401206,Arez,RN,Nordeste,13681,13251,2490,40,471284,35566,115.407,114.82,0.606
2401305,Campo Grande,RN,Nordeste,10071,9730,3091,73,136391,14018,890.89,10.92,0.621
2401404,Baía Formosa,RN,Nordeste,9115,8825,3252,77,335923,38065,247.484,35.66,0.609
2401453,Baraúna,RN,Nordeste,28415,26913,1251,21,991164,36828,825.681,32.59,0.574
2401503,Barcelona,RN,Nordeste,4108,3986,4657,133,63583,15952,152.626,26.12,0.566
2401602,Bento Fernandes,RN,Nordeste,4911,4807,4320,120,128584,26749,301.069,15.97,0.582
2401651,Bodó,RN,Nordeste,2360,2306,5330,162,240166,104148,253.519,9.1,0.629
2401701,Bom Jesus,RN,Nordeste,10308,9952,3060,69,140519,14120,122.035,81.55,0.584
2401800,Brejinho,RN,Nordeste,12638,12202,2602,44,168163,13782,61.559,198.22,0.592
2401859,Caiçara do Norte,RN,Nordeste,6479,6293,3831,97,119611,19007,225.633,27.89,0.574
2401909,Caiçara do Rio do Vento,RN,Nordeste,3360,3268,4925,145,474184,145099,261.194,12.51,0.587
2402006,Caicó,RN,Nordeste,63338,61146,545,8,1735797,28388,1228.584,49.77,0.71
2402105,Campo Redondo,RN,Nordeste,10510,10215,3016,68,131975,12920,213.727,47.79,0.626
2402204,Canguaretama,RN,Nordeste,30789,29668,1155,19,615957,20762,245.485,120.85,0.579
2402303,Caraúbas,RN,Nordeste,20182,19727,1742,28,540233,27385,1095.803,18,0.638
2402402,Carnaúba dos Dantas,RN,Nordeste,8296,7992,3385,81,150902,18882,246.308,32.45,0.659
2402501,Carnaubais,RN,Nordeste,10026,9714,3100,74,231816,23864,517.737,18.76,0.589
2402600,Ceará-Mirim,RN,Nordeste,83543,79115,409,6,1260346,15931,724.838,109.15,0.616
2402709,Cerro Corá,RN,Nordeste,11334,11000,2793,54,225342,20486,393.573,27.95,0.607
2402808,Coronel Ezequiel,RN,Nordeste,5233,5117,4208,114,65460,12793,185.748,27.55,0.587
2402907,Coronel João Pessoa,RN,Nordeste,4297,4237,4570,129,54170,12785,117.139,36.17,0.578
2403004,Cruzeta,RN,Nordeste,8245,8005,3398,82,154742,19331,295.83,27.06,0.654
2403103,Currais Novos,RN,Nordeste,42922,41313,795,11,955847,23137,864.349,47.8,0.691
2403202,Doutor Severiano,RN,Nordeste,7262,7044,3623,91,106164,15072,113.737,61.93,0.621
2403251,Parnamirim,RN,Nordeste,271713,252716,112,3,7608526,30107,124.006,2037.93,0.766
2403301,Encanto,RN,Nordeste,6289,6016,3898,100,75044,12474,125.749,47.84,0.629
2403400,Equador,RN,Nordeste,5461,5360,4149,110,90161,16821,264.985,20.23,0.623
2403509,Espírito Santo,RN,Nordeste,10951,10620,2876,60,126682,11929,135.838,78.18,0.558
2403608,Extremoz,RN,Nordeste,68584,61635,500,7,986508,16006,140.639,438.25,0.66
2403707,Felipe Guerra,RN,Nordeste,6472,5944,3833,98,302413,50877,268.591,22.13,0.636
2403756,Fernando Pedroza,RN,Nordeste,3035,2938,5076,149,61994,21101,322.628,9.11,0.597
2403806,Florânia,RN,Nordeste,10556,10196,2999,66,152502,14957,507.892,20.08,0.642
2403905,Francisco Dantas,RN,Nordeste,2758,2700,5192,155,42580,15770,181.558,14.87,0.606
2404002,Frutuoso Gomes,RN,Nordeste,4230,4122,4606,131,58994,14312,63.279,65.14,0.597
2404101,Galinhos,RN,Nordeste,2159,2104,5402,164,165672,78741,340.769,6.17,0.564
2404200,Goianinha,RN,Nordeste,28422,26741,1249,20,646383,24172,192.279,139.07,0.638
2404309,Governador Dix-Sept Rosado,RN,Nordeste,12231,11938,2658,47,595842,49911,1129.55,10.57,0.592
2404408,Grossos,RN,Nordeste,10281,9924,3065,70,185921,18734,124.538,79.69,0.664
2404507,Guamaré,RN,Nordeste,16076,15295,2144,33,2581922,168808,258.307,59.21,0.626
2404606,Ielmo Marinho,RN,Nordeste,11889,11615,2695,50,168954,14546,312.028,37.22,0.55
2404705,Ipanguaçu,RN,Nordeste,14560,14131,2305,34,263825,18670,374.245,37.76,0.603
2404804,Ipueira,RN,Nordeste,2090,2035,5424,165,42669,20968,127.348,15.98,0.679
2404853,Itajá,RN,Nordeste,7551,7292,3555,90,179988,24683,203.624,35.81,0.624
2404903,Itaú,RN,Nordeste,5447,5320,4153,111,90976,17101,133.031,39.99,0.614
2405009,Jaçanã,RN,Nordeste,8053,7834,3444,84,100644,12847,54.561,143.58,0.604
2405108,Jandaíra,RN,Nordeste,6752,6562,3755,93,363648,55417,442.754,14.82,0.569
2405207,Janduís,RN,Nordeste,4813,4746,4357,121,104812,22084,303.448,15.64,0.615
2405306,Januário Cicco,RN,Nordeste,8843,9051,3294,78,102924,11372,170.737,53.01,0.574
2405405,Japi,RN,Nordeste,5219,5117,4211,115,69177,13519,188.99,27.08,0.569
2405504,Jardim de Angicos,RN,Nordeste,2488,2437,5293,159,69280,28428,254.022,9.59,0.565
2405603,Jardim de Piranhas,RN,Nordeste,14446,13977,2324,35,276161,19758,330.53,42.29,0.603
2405702,Jardim do Seridó,RN,Nordeste,11942,11655,2689,49,244663,20992,367.645,31.7,0.663
2405801,João Câmara,RN,Nordeste,34849,33290,992,15,1527022,45870,714.961,46.56,0.595
2405900,João Dias,RN,Nordeste,2073,2076,5429,166,33800,16281,88.173,23.54,0.53
2406007,José da Penha,RN,Nordeste,5966,5803,3998,104,88302,15217,117.635,49.33,0.608
2406106,Jucurutu,RN,Nordeste,18304,17793,1897,29,442765,24884,933.73,19.06,0.601
2406155,Jundiá,RN,Nordeste,3868,3739,4746,137,47291,12648,44.641,83.76,0.595
2406205,Lagoa d'Anta,RN,Nordeste,6756,6654,3752,92,89996,13525,105.652,62.98,0.601
2406304,Lagoa de Pedras,RN,Nordeste,7597,7338,3541,89,101030,13768,117.971,62.2,0.553
2406403,Lagoa de Velhos,RN,Nordeste,2631,2567,5248,157,48944,19067,111.607,23,0.589
2406502,Lagoa Nova,RN,Nordeste,16203,15573,2136,32,326107,20941,176.302,88.33,0.585
2406601,Lagoa Salgada,RN,Nordeste,8657,8319,3323,79,124483,14964,79.128,105.13,0.582
2406700,Lajes,RN,Nordeste,10094,9866,3087,72,632670,64126,676.625,14.58,0.624
2406809,Lajes Pintadas,RN,Nordeste,4950,4787,4306,118,68290,14266,130.211,36.76,0.625
2406908,Lucrécia,RN,Nordeste,3576,3490,4844,142,61082,17502,30.931,112.83,0.646
2407005,Luís Gomes,RN,Nordeste,9271,9070,3224,76,112399,12392,166.638,54.43,0.608
2407104,Macaíba,RN,Nordeste,87056,82249,390,5,2455739,29857,510.092,161.24,0.64
2407203,Macau,RN,Nordeste,28350,27369,1256,22,1315680,48072,775.302,35.3,0.665
2407252,Major Sales,RN,Nordeste,4086,3924,4664,134,65725,16749,31.971,122.74,0.617
2407302,Marcelino Vieira,RN,Nordeste,8083,7896,3433,83,101177,12814,345.711,22.84,0.609
2407401,Martins,RN,Nordeste,8415,8179,3364,80,130557,15962,169.464,48.26,0.622
2407500,Maxaranguape,RN,Nordeste,10534,10255,3008,67,165454,16134,132.129,77.61,0.608
2407609,Messias Targino,RN,Nordeste,4410,4274,4525,126,65325,15284,142.608,29.97,0.644
2407708,Montanhas,RN,Nordeste,11785,11444,2705,51,158962,13890,82.214,139.2,0.557
2407807,Monte Alegre,RN,Nordeste,23953,23031,1509,25,348751,15143,211.259,109.02,0.609
2407906,Monte das Gameleiras,RN,Nordeste,2345,2276,5339,163,45922,20177,71.946,31.63,0.598
2408003,Mossoró,RN,Nordeste,278587,264577,110,2,10323666,39020,2099.334,126.03,0.72
2408102,Natal,RN,Nordeste,784249,751300,24,1,31162043,41477,167.401,4488.03,0.763
2408201,Nísia Floresta,RN,Nordeste,34325,31942,1008,17,573358,17950,307.719,103.8,0.622
2408300,Nova Cruz,RN,Nordeste,35523,34269,971,14,629221,18361,277.658,123.42,0.629
2408409,Olho d'Água do Borges,RN,Nordeste,3736,3905,4794,138,58972,15102,141.17,27.66,0.585
2408508,Ouro Branco,RN,Nordeste,5084,4913,4256,116,80889,16464,253.21,19.4,0.645
2408607,Paraná,RN,Nordeste,4048,3934,4682,135,56062,14251,81.39,48.34,0.589
2408706,Paraú,RN,Nordeste,3650,3579,4822,140,62150,17365,383.214,9.34,0.603
2408805,Parazinho,RN,Nordeste,4945,4801,4308,119,524974,109347,231.007,20.78,0.549
2408904,Parelhas,RN,Nordeste,22242,21499,1594,27,473775,22037,513.507,41.87,0.676
2408953,Rio do Fogo,RN,Nordeste,10692,10351,2949,62,207249,20022,151.097,68.51,0.569
2409100,Passa e Fica,RN,Nordeste,11407,10896,2777,53,179582,16481,42.137,258.59,0.606
2409209,Passagem,RN,Nordeste,3233,3115,4984,148,46583,14954,41.215,75.58,0.589
2409308,Patu,RN,Nordeste,11215,11007,2824,56,198146,18002,319.135,34.49,0.618
2409332,Santa Maria,RN,Nordeste,5000,4847,4286,117,89729,18512,219.57,22.07,0.59
2409407,Pau dos Ferros,RN,Nordeste,32123,30479,1109,18,827724,27157,259.959,117.25,0.678
2409506,Pedra Grande,RN,Nordeste,3736,3618,4795,139,325405,89941,221.167,16.36,0.559
2409605,Pedra Preta,RN,Nordeste,2495,2441,5292,158,65240,26727,294.985,8.27,0.558
2409704,Pedro Avelino,RN,Nordeste,6312,6242,3890,99,282103,45194,952.755,6.55,0.583
2409803,Pedro Velho,RN,Nordeste,14197,13824,2390,36,200896,14532,192.708,71.74,0.568
2409902,Pendências,RN,Nordeste,12499,12278,2619,46,668530,54449,419.137,29.29,0.631
2410009,Pilões,RN,Nordeste,2992,2965,5098,153,50550,17049,82.69,35.86,0.614
2410108,Poço Branco,RN,Nordeste,12565,12390,2612,45,161103,13003,230.401,53.78,0.587
2410207,Portalegre,RN,Nordeste,7859,7601,3476,86,99832,13134,110.054,69.07,0.621
2410256,Porto do Mangue,RN,Nordeste,5351,5228,4178,113,170409,32595,361.237,14.47,0.59
2410306,Serra Caiada,RN,Nordeste,11203,10125,2829,57,150413,14856,217.539,46.54,0.563
2410405,Pureza,RN,Nordeste,9752,9362,3136,75,182889,19535,504.294,18.56,0.567
2410504,Rafael Fernandes,RN,Nordeste,5682,5432,4084,108,61865,11389,78.231,69.44,0.608
2410603,Rafael Godeiro,RN,Nordeste,3005,2934,5088,151,48290,16459,100.073,29.32,0.654
2410702,Riacho da Cruz,RN,Nordeste,2724,2701,5210,156,42857,15867,127.223,21.23,0.584
2410801,Riacho de Santana,RN,Nordeste,4245,4127,4599,130,53836,13045,128.106,32.22,0.591
2410900,Riachuelo,RN,Nordeste,7646,7389,3525,88,319931,43298,262.887,28.11,0.592
2411007,Rodolfo Fernandes,RN,Nordeste,4345,4242,4555,127,67765,15975,154.84,27.4,0.604
2411056,Tibau,RN,Nordeste,5748,5382,4056,107,155095,28817,169.365,31.78,0.635
2411106,Ruy Barbosa,RN,Nordeste,3253,3206,4970,147,218239,68072,125.809,25.48,0.605
2411205,Santa Cruz,RN,Nordeste,39101,37313,880,12,716309,19197,624.356,59.76,0.635
2411403,Santana do Matos,RN,Nordeste,12722,12456,2591,43,207088,16626,1422.268,8.76,0.591
2411429,Santana do Seridó,RN,Nordeste,2796,2696,5178,154,51449,19083,188.403,14.31,0.642
2411502,Santo Antônio,RN,Nordeste,22793,22177,1560,26,339515,15309,301.082,73.66,0.62
2411601,São Bento do Norte,RN,Nordeste,3442,3304,4900,144,394853,119508,288.761,11.44,0.555
2411700,São Bento do Trairí,RN,Nordeste,3890,3792,4740,136,58251,15362,190.818,19.87,0.595
2411809,São Fernando,RN,Nordeste,3606,3492,4837,141,77560,22211,404.427,8.63,0.608
2411908,São Francisco do Oeste,RN,Nordeste,4319,4161,4561,128,74357,17870,75.588,55.05,0.628
2412005,São Gonçalo do Amarante,RN,Nordeste,124495,115838,258,4,2588564,22346,249.8,463.72,0.661
2412104,São João do Sabugi,RN,Nordeste,6136,5956,3951,102,100073,16802,277.011,21.5,0.655
2412203,São José de Mipibu,RN,Nordeste,50053,47286,682,10,1457800,30829,289.987,163.06,0.611
2412302,São José do Campestre,RN,Nordeste,11298,11121,2803,55,165230,14857,341.115,32.6,0.615
2412401,São José do Seridó,RN,Nordeste,4733,4558,4389,125,106548,23376,174.505,26.12,0.694
2412500,São Miguel,RN,Nordeste,24422,23537,1479,24,420064,17847,166.233,141.59,0.606
2412559,São Miguel do Gostoso,RN,Nordeste,10636,10221,2973,64,712098,69670,431.444,23.69,0.591
2412609,São Paulo do Potengi,RN,Nordeste,17371,16786,2036,31,290640,17314,240.425,69.82,0.622
2412708,São Pedro,RN,Nordeste,5890,5776,4018,105,72504,12553,195.237,29.58,0.589
2412807,São Rafael,RN,Nordeste,7889,7711,3471,85,108235,14036,469.101,16.44,0.611
2412906,São Tomé,RN,Nordeste,10161,9972,3079,71,184856,18538,862.585,11.56,0.585
2413003,São Vicente,RN,Nordeste,6530,6310,3812,96,100458,15920,197.817,31.9,0.642
2413102,Senador Elói de Souza,RN,Nordeste,6027,5965,3978,103,79950,13403,152.376,39.15,0.583
2413201,Senador Georgino Avelino,RN,Nordeste,4202,4065,4618,132,114536,28176,26.1,155.75,0.57
2413300,Serra de São Bento,RN,Nordeste,5866,5703,4023,106,84833,14875,96.628,59.02,0.582
2413359,Serra do Mel,RN,Nordeste,13819,13091,2475,39,685341,52352,620.241,21.11,0.614
2413409,Serra Negra do Norte,RN,Nordeste,7800,7597,3491,87,162339,21369,562.396,13.51,0.597
2413508,Serrinha,RN,Nordeste,6608,6436,3791,95,92368,14352,193.351,33.29,0.592
2413557,Serrinha dos Pintos,RN,Nordeste,4810,4659,4359,122,64722,13892,122.375,38.07,0.598
2413607,Severiano Melo,RN,Nordeste,5616,5487,4102,109,96870,17654,157.85,34.76,0.604
2413706,Sítio Novo,RN,Nordeste,4746,4654,4383,124,64195,13794,213.456,21.8,0.572
2413805,Taboleiro Grande,RN,Nordeste,2409,2338,5317,161,43556,18630,124.093,18.84,0.612
2413904,Taipu,RN,Nordeste,11708,11422,2713,52,184091,16117,352.818,32.37,0.569
2414001,Tangará,RN,Nordeste,13583,13281,2501,41,225000,16941,339.484,39.12,0.608
2414100,Tenente Ananias,RN,Nordeste,10610,10262,2983,65,142795,13915,223.671,45.88,0.592
2414159,Tenente Laurentino Cruz,RN,Nordeste,6152,5891,3945,101,120493,20454,68.556,85.93,0.623
2414209,Tibau do Sul,RN,Nordeste,18080,16929,1927,30,576215,34037,102.68,164.87,0.645
2414308,Timbaúba dos Batistas,RN,Nordeste,2424,2348,5311,160,47341,20162,135.456,17.33,0.64
2414407,Touros,RN,Nordeste,34767,33035,995,16,1015670,30745,753.961,43.82,0.572
2414456,Triunfo Potiguar,RN,Nordeste,3477,3376,4882,143,55944,16571,268.725,12.56,0.602
2414506,Umarizal,RN,Nordeste,10655,10078,2959,63,167072,16578,213.584,47.19,0.618
2414605,Upanema,RN,Nordeste,14048,13577,2430,38,370220,27268,873.14,15.55,0.596
2414704,Várzea,RN,Nordeste,5387,5233,4169,112,72803,13912,72.684,72,0.626
2414753,Venha-Ver,RN,Nordeste,3005,3014,5089,152,47870,15883,71.621,42.08,0.555
2414803,Vera Cruz,RN,Nordeste,11053,10735,2852,59,167326,15587,84.127,127.6,0.587
2414902,Viçosa,RN,Nordeste,1900,1822,5470,167,29717,16310,37.905,48.07,0.592
2415008,Vila Flor,RN,Nordeste,3304,3174,4952,146,49863,15710,47.656,66.6,0.576
2500106,Água Branca,PB,Nordeste,9580,9335,3165,86,107368,11502,241.662,38.63,0.572
2500205,Aguiar,PB,Nordeste,5026,5003,4278,155,68585,13709,351.607,14.23,0.597
2500304,Alagoa Grande,PB,Nordeste,26655,26062,1320,22,367232,14091,322.071,80.92,0.582
2500403,Alagoa Nova,PB,Nordeste,21823,21013,1623,31,376825,17933,128.23,163.87,0.576
2500502,Alagoinha,PB,Nordeste,14140,13725,2405,65,166686,12145,111.361,123.25,0.595
2500536,Alcantil,PB,Nordeste,5806,5578,4040,142,70348,12612,309.896,18,0.578
2500577,Algodão de Jandaíra,PB,Nordeste,3143,2953,5028,198,38483,13032,222.74,13.26,0.548
2500601,Alhandra,PB,Nordeste,23065,21730,1549,27,3148252,144880,183.974,118.11,0.582
2500700,São João do Rio do Peixe,PB,Nordeste,18500,17964,1885,39,286060,15924,476.238,37.72,0.608
2500734,Amparo,PB,Nordeste,2328,2234,5343,214,37039,16580,122.094,18.3,0.606
2500775,Aparecida,PB,Nordeste,8257,7960,3391,99,147637,18547,291.478,27.31,0.578
2500809,Araçagi,PB,Nordeste,16991,16646,2073,50,233113,14004,232.177,71.7,0.549
2500908,Arara,PB,Nordeste,12482,12212,2621,71,133977,10971,91.306,133.75,0.548
2501005,Araruna,PB,Nordeste,17360,17189,2038,47,244109,14201,246.717,69.67,0.567
2501104,Areia,PB,Nordeste,23031,22633,1551,28,355512,15708,269.13,84.1,0.594
2501153,Areia de Baraúnas,PB,Nordeste,2027,2005,5445,219,27916,13923,114.078,17.58,0.562
2501203,Areial,PB,Nordeste,7434,7128,3586,110,81463,11429,35.81,199.05,0.608
2501302,Aroeiras,PB,Nordeste,19142,18705,1817,36,327699,17519,376.118,49.73,0.548
2501351,Assunção,PB,Nordeste,4383,4152,4538,169,56279,13555,132.139,31.42,0.609
2501401,Baía da Traição,PB,Nordeste,9741,9224,3139,85,130462,14144,102.756,89.77,0.581
2501500,Bananeiras,PB,Nordeste,24134,23134,1499,25,370980,16036,255.641,90.49,0.568
2501534,Baraúna,PB,Nordeste,5010,4762,4282,156,62002,13020,50.03,95.18,0.558
2501575,Barra de Santana,PB,Nordeste,8247,8059,3395,100,115121,14285,375.177,21.48,0.567
2501609,Barra de Santa Rosa,PB,Nordeste,13024,12904,2564,69,187975,14567,781.187,16.52,0.562
2501708,Barra de São Miguel,PB,Nordeste,6123,5906,3957,134,101524,17190,609.697,9.69,0.572
2501807,Bayeux,PB,Nordeste,83862,82742,406,5,1899000,22951,27.705,2986.54,0.649
2501906,Belém,PB,Nordeste,16710,16401,2092,51,268655,16380,99.609,164.65,0.592
2502003,Belém do Brejo do Cruz,PB,Nordeste,6272,6268,3907,131,93160,14863,601.549,10.42,0.578
2502052,Bernardino Batista,PB,Nordeste,3677,3504,4815,182,53721,15331,57.453,60.99,0.558
2502102,Boa Ventura,PB,Nordeste,5246,5207,4203,150,63601,12215,168.664,30.87,0.599
2502151,Boa Vista,PB,Nordeste,6592,6377,3795,126,319446,50093,468.933,13.6,0.649
2502201,Bom Jesus,PB,Nordeste,2328,2286,5344,215,40310,17633,47.367,48.26,0.597
2502300,Bom Sucesso,PB,Nordeste,4720,4661,4394,163,66561,14280,186.059,25.05,0.592
2502409,Bonito de Santa Fé,PB,Nordeste,10433,10252,3044,81,119586,11665,226.798,45.2,0.574
2502508,Boqueirão,PB,Nordeste,18216,17598,1908,42,302850,17209,373.077,47.17,0.607
2502607,Igaracy,PB,Nordeste,5719,5648,4065,143,73095,12942,197.058,28.66,0.61
2502706,Borborema,PB,Nordeste,4185,4214,4625,174,80671,19144,26.107,161.41,0.558
2502805,Brejo do Cruz,PB,Nordeste,14095,13613,2417,67,207305,15228,401.315,33.92,0.597
2502904,Brejo dos Santos,PB,Nordeste,5816,5742,4036,141,79111,13778,93.857,61.18,0.619
2503001,Caaporã,PB,Nordeste,21942,21193,1614,30,545157,25723,151.018,140.33,0.602
2503100,Cabaceiras,PB,Nordeste,5537,5335,4124,147,171069,32065,469.171,11.37,0.611
2503209,Cabedelo,PB,Nordeste,70734,66519,487,6,4092777,61528,29.873,2226.73,0.748
2503308,Cachoeira dos Índios,PB,Nordeste,9335,9151,3208,90,153125,16733,193.215,47.36,0.587
2503407,Cacimba de Areia,PB,Nordeste,3344,3291,4935,191,45669,13877,213.018,15.45,0.596
2503506,Cacimba de Dentro,PB,Nordeste,16332,16064,2121,52,179299,11162,165.072,97.32,0.564
2503555,Cacimbas,PB,Nordeste,7513,7223,3567,108,84005,11630,124.068,58.22,0.523
2503605,Caiçara,PB,Nordeste,6684,6602,3773,123,83428,12637,123.677,53.38,0.592
2503704,Cajazeiras,PB,Nordeste,66585,63239,514,8,1808447,28597,562.703,112.38,0.679
2503753,Cajazeirinhas,PB,Nordeste,2760,2740,5191,206,51075,18641,282.693,9.69,0.55
2503803,Caldas Brandão,PB,Nordeste,5942,5753,4004,138,92129,16014,55.963,102.8,0.568
2503902,Camalaú,PB,Nordeste,6327,6085,3884,129,87713,14415,541.841,11.23,0.567
2504009,Campina Grande,PB,Nordeste,443911,419379,55,2,12908743,30781,591.658,708.82,0.72
2504033,Capim,PB,Nordeste,7446,6970,3581,109,101592,14576,79.876,87.26,0.533
2504074,Caraúbas,PB,Nordeste,4067,3944,4672,176,55068,13962,486.622,8.1,0.585
2504108,Carrapateira,PB,Nordeste,2365,2312,5329,213,39802,17215,59.07,39.14,0.603
2504157,Casserengue,PB,Nordeste,7052,6889,3687,114,83914,12181,202.761,33.98,0.514
2504207,Catingueira,PB,Nordeste,4556,4491,4452,164,63519,14144,527.424,8.51,0.574
2504306,Catolé do Rocha,PB,Nordeste,32288,30661,1099,17,622714,20310,551.765,55.57,0.64
2504355,Caturité,PB,Nordeste,5544,5254,4121,145,87217,16600,117.823,44.59,0.623
2504405,Conceição,PB,Nordeste,18731,18260,1858,38,257651,14110,580.65,31.45,0.592
2504504,Condado,PB,Nordeste,6629,6451,3783,124,89037,13802,265.473,24.3,0.594
2504603,Conde,PB,Nordeste,30007,27605,1186,19,1648300,59710,171.267,161.18,0.618
2504702,Congo,PB,Nordeste,5124,4933,4244,152,85465,17325,324.686,15.19,0.581
2504801,Coremas,PB,Nordeste,14987,14683,2247,56,255021,17368,372.012,39.47,0.592
2504850,Coxixola,PB,Nordeste,1888,1824,5473,220,30936,16961,173.942,10.49,0.641
2504900,Cruz do Espírito Santo,PB,Nordeste,17821,17095,1965,45,253013,14800,192.512,88.8,0.552
2505006,Cubati,PB,Nordeste,7842,7580,3480,104,102129,13473,163.57,46.34,0.566
2505105,Cuité,PB,Nordeste,20208,19719,1739,33,273447,13867,733.818,26.87,0.591
2505204,Cuitegi,PB,Nordeste,6890,6730,3723,121,87664,13026,42.091,159.89,0.57
2505238,Cuité de Mamanguape,PB,Nordeste,6441,6251,3843,127,85105,13615,107.68,58.05,0.524
2505279,Curral de Cima,PB,Nordeste,5415,5254,4165,148,74436,14167,86.428,60.79,0.529
2505303,Curral Velho,PB,Nordeste,2316,2292,5348,217,33783,14740,217.624,10.53,0.606
2505352,Damião,PB,Nordeste,5141,4982,4237,151,62654,12576,186.198,26.76,0.521
2505402,Desterro,PB,Nordeste,8314,8067,3381,98,94774,11748,182.018,44.32,0.58
2505501,Vista Serrana,PB,Nordeste,3772,3641,4778,181,50452,13857,60.39,60.29,0.566
2505600,Diamante,PB,Nordeste,6416,6299,3850,128,75548,11994,271.791,23.18,0.593
2505709,Dona Inês,PB,Nordeste,10638,10380,2971,79,117418,11312,173.648,59.78,0.545
2505808,Duas Estradas,PB,Nordeste,3360,3327,4926,189,51973,15622,27.012,123.17,0.603
2505907,Emas,PB,Nordeste,3036,3011,5075,201,46042,15291,248.226,12.13,0.595
2506004,Esperança,PB,Nordeste,32599,31231,1084,16,851650,27269,157.851,197.85,0.623
2506103,Fagundes,PB,Nordeste,11307,11049,2799,75,135441,12258,185.061,59.7,0.56
2506202,Frei Martinho,PB,Nordeste,2911,2846,5125,204,38774,13624,238.658,11.93,0.641
2506251,Gado Bravo,PB,Nordeste,8398,8179,3367,97,101801,12447,192.42,42.51,0.513
2506301,Guarabira,PB,Nordeste,60057,57484,573,9,1489288,25908,162.387,353.99,0.673
2506400,Gurinhém,PB,Nordeste,14141,13766,2404,64,201227,14618,340.408,40.44,0.556
2506509,Gurjão,PB,Nordeste,3352,3242,4931,190,50413,15550,344.502,9.41,0.625
2506608,Ibiara,PB,Nordeste,5713,5631,4069,144,63597,11294,240.357,23.43,0.586
2506707,Imaculada,PB,Nordeste,10497,10392,3018,80,105988,10199,317.804,32.7,0.557
2506806,Ingá,PB,Nordeste,18234,17692,1906,41,270159,15270,262.179,67.48,0.592
2506905,Itabaiana,PB,Nordeste,23558,23182,1529,26,417387,18005,210.572,110.09,0.613
2507002,Itaporanga,PB,Nordeste,24766,23940,1448,24,445867,18624,460.21,52.02,0.615
2507101,Itapororoca,PB,Nordeste,19165,18382,1814,35,261025,14200,145.806,126.07,0.564
2507200,Itatuba,PB,Nordeste,10840,10499,2902,76,211522,20147,251.749,41.7,0.562
2507309,Jacaraú,PB,Nordeste,14969,14477,2250,57,217258,15007,256.845,56.36,0.558
2507408,Jericó,PB,Nordeste,7728,7516,3510,106,95979,12770,177.356,42.38,0.603
2507507,João Pessoa,PB,Nordeste,897633,833932,20,1,28442131,34106,210.044,3970.27,0.763
2507606,Juarez Távora,PB,Nordeste,8088,7796,3431,103,93223,11958,75.678,103.02,0.579
2507705,Juazeirinho,PB,Nordeste,17520,17007,2020,46,259622,15266,474.606,35.83,0.567
2507804,Junco do Seridó,PB,Nordeste,7019,6793,3694,116,128192,18871,180.425,37.65,0.617
2507903,Juripiranga,PB,Nordeste,10255,10012,3071,83,150461,15028,78.706,127.21,0.548
2508000,Juru,PB,Nordeste,9380,9234,3199,89,111022,12023,395.075,23.37,0.57
2508109,Lagoa,PB,Nordeste,4489,4415,4493,167,65991,14947,176.649,24.99,0.563
2508208,Lagoa de Dentro,PB,Nordeste,8123,7819,3424,101,104437,13357,83.508,93.63,0.57
2508307,Lagoa Seca,PB,Nordeste,29209,27730,1218,20,416794,15030,108.219,256.24,0.627
2508406,Lastro,PB,Nordeste,3316,3162,4946,194,37248,11780,107.416,29.44,0.533
2508505,Livramento,PB,Nordeste,7041,6877,3690,115,83602,12157,266.948,25.76,0.566
2508554,Logradouro,PB,Nordeste,5107,4797,4250,153,65569,13669,42.876,111.88,0.583
2508604,Lucena,PB,Nordeste,13088,12560,2557,68,279944,22289,93.8,133.9,0.583
2508703,Mãe d'Água,PB,Nordeste,3599,3583,4839,184,45505,12700,228.676,15.67,0.542
2508802,Malta,PB,Nordeste,6288,6046,3900,130,77516,12821,172.01,35.15,0.642
2508901,Mamanguape,PB,Nordeste,46966,44599,729,12,1086800,24368,337.434,132.17,0.585
2509008,Manaíra,PB,Nordeste,10699,10434,2946,77,110034,10546,352.025,29.64,0.543
2509057,Marcação,PB,Nordeste,9537,8999,3170,87,123336,13706,122.665,73.36,0.529
2509107,Mari,PB,Nordeste,22170,21512,1600,29,303052,14088,155.265,138.55,0.548
2509156,Marizópolis,PB,Nordeste,7001,6705,3696,117,97757,14580,69.952,95.85,0.608
2509206,Massaranduba,PB,Nordeste,14756,14139,2281,59,196173,13875,209.402,67.52,0.567
2509305,Mataraca,PB,Nordeste,8650,8244,3326,95,231046,28026,182.439,45.19,0.536
2509339,Matinhas,PB,Nordeste,4759,4571,4380,161,80821,17681,36.522,125.16,0.541
2509370,Mato Grosso,PB,Nordeste,2584,2543,5272,211,38900,15297,85.275,29.82,0.565
2509396,Maturéia,PB,Nordeste,6717,6433,3765,122,79510,12360,83.053,77.46,0.572
2509404,Mogeiro,PB,Nordeste,14435,13899,2330,61,220317,15851,214.093,64.92,0.574
2509503,Montadas,PB,Nordeste,6144,5812,3947,132,68335,11758,31.793,182.81,0.59
2509602,Monte Horebe,PB,Nordeste,4429,4338,4520,168,59800,13785,116.854,37.12,0.587
2509701,Monteiro,PB,Nordeste,33886,32277,1029,13,842417,26100,992.62,32.52,0.628
2509800,Mulungu,PB,Nordeste,8909,8791,3287,93,111589,12694,187.259,46.95,0.565
2509909,Natuba,PB,Nordeste,8935,8945,3282,92,116149,12985,202.173,44.24,0.541
2510006,Nazarezinho,PB,Nordeste,7394,7203,3593,111,81441,11307,193.203,37.28,0.562
2510105,Nova Floresta,PB,Nordeste,9840,9724,3127,84,114955,11822,47.572,204.41,0.601
2510204,Nova Olinda,PB,Nordeste,5897,5787,4016,140,69482,12007,81.516,70.99,0.573
2510303,Nova Palmeira,PB,Nordeste,4359,4259,4548,170,54633,12828,314.748,13.53,0.595
2510402,Olho d'Água,PB,Nordeste,6059,6060,3974,135,76534,12629,580.47,10.44,0.572
2510501,Olivedos,PB,Nordeste,3675,3580,4816,183,53270,14880,314.625,11.38,0.603
2510600,Ouro Velho,PB,Nordeste,3000,2918,5091,202,47542,16293,128.11,22.78,0.614
2510659,Parari,PB,Nordeste,1745,1720,5511,223,28042,16303,207.814,8.28,0.584
2510709,Passagem,PB,Nordeste,2580,2463,5273,212,35352,14353,123.422,19.96,0.62
2510808,Patos,PB,Nordeste,108104,103165,311,4,2555214,24768,472.892,218.16,0.701
2510907,Paulista,PB,Nordeste,12172,11834,2662,72,200281,16924,577.379,20.5,0.587
2511004,Pedra Branca,PB,Nordeste,3851,3739,4751,180,48602,12999,116.873,31.99,0.599
2511103,Pedra Lavrada,PB,Nordeste,6980,6859,3700,118,94715,13809,335.615,20.44,0.574
2511202,Pedras de Fogo,PB,Nordeste,31356,29662,1143,18,836969,28217,406.729,72.93,0.59
2511301,Piancó,PB,Nordeste,17088,16441,2066,49,246685,15004,576.986,28.49,0.621
2511400,Picuí,PB,Nordeste,18862,18333,1840,37,270316,14745,667.714,27.46,0.608
2511509,Pilar,PB,Nordeste,12889,12311,2574,70,158901,12907,103.306,119.17,0.579
2511608,Pilões,PB,Nordeste,6974,6815,3705,120,133896,19647,65.574,103.93,0.56
2511707,Pilõezinhos,PB,Nordeste,5539,5329,4123,146,64516,12107,40.908,130.27,0.564
2511806,Pirpirituba,PB,Nordeste,9411,9340,3195,88,120990,12954,80.672,115.78,0.595
2511905,Pitimbu,PB,Nordeste,17166,16751,2059,48,479172,28606,135.801,123.35,0.57
2512002,Pocinhos,PB,Nordeste,18038,17469,1935,43,334112,19126,623.967,28,0.591
2512036,Poço Dantas,PB,Nordeste,3934,3830,4726,179,56713,14808,97.758,39.18,0.525
2512077,Poço de José de Moura,PB,Nordeste,4126,4006,4646,175,61655,15391,94.646,42.33,0.612
2512101,Pombal,PB,Nordeste,33866,32473,1030,14,594290,18301,894.099,36.32,0.634
2512200,Prata,PB,Nordeste,4032,3915,4687,178,83660,21369,201.788,19.4,0.608
2512309,Princesa Isabel,PB,Nordeste,21674,21114,1634,32,343379,16263,368.569,57.29,0.606
2512408,Puxinanã,PB,Nordeste,14942,14277,2255,58,189387,13265,71.118,200.75,0.617
2512507,Queimadas,PB,Nordeste,50698,47658,672,11,788732,16550,402.748,118.33,0.608
2512606,Quixaba,PB,Nordeste,1803,1743,5498,221,30647,17583,147.158,11.84,0.622
2512705,Remígio,PB,Nordeste,18399,17885,1890,40,224366,12545,183.459,97.49,0.607
2512721,Pedro Régis,PB,Nordeste,5932,5766,4008,139,70516,12230,74.216,77.69,0.542
2512747,Riachão,PB,Nordeste,2945,2927,5115,203,42007,14352,85.291,34.32,0.574
2512754,Riachão do Bacamarte,PB,Nordeste,4911,4690,4321,160,68122,14525,40.281,116.43,0.553
2512762,Riachão do Poço,PB,Nordeste,4989,4738,4288,157,73546,15523,40.46,117.1,0.555
2512788,Riacho de Santo Antônio,PB,Nordeste,2063,1955,5432,218,35322,18068,93.654,20.87,0.594
2512804,Riacho dos Cavalos,PB,Nordeste,8788,8493,3303,94,111761,13159,262.532,32.35,0.568
2512903,Rio Tinto,PB,Nordeste,25500,24581,1378,23,393104,15992,465.24,52.84,0.585
2513000,Salgadinho,PB,Nordeste,3435,3355,4903,187,40278,12005,179.005,18.74,0.563
2513109,Salgado de São Félix,PB,Nordeste,11741,11505,2708,73,177321,15413,204.079,56.38,0.568
2513158,Santa Cecília,PB,Nordeste,8113,7670,3429,102,90463,11794,217.577,35.25,0.525
2513208,Santa Cruz,PB,Nordeste,6013,5947,3984,137,74312,12496,217.677,27.32,0.618
2513307,Santa Helena,PB,Nordeste,6023,5865,3979,136,84256,14366,211.143,27.78,0.609
2513356,Santa Inês,PB,Nordeste,3256,3227,4969,195,40015,12400,327.635,9.85,0.572
2513406,Santa Luzia,PB,Nordeste,15418,14959,2207,54,573425,38333,440.766,33.94,0.682
2513505,Santana de Mangueira,PB,Nordeste,5090,5010,4255,154,60940,12164,405.164,12.37,0.535
2513604,Santana dos Garrotes,PB,Nordeste,6618,6569,3788,125,81502,12407,361.484,18.17,0.594
2513653,Joca Claudino,PB,Nordeste,2607,2539,5266,210,43129,16987,71.799,35.36,0.622
2513703,Santa Rita,PB,Nordeste,160852,149910,200,3,3163544,21103,718.576,208.62,0.627
2513802,Santa Teresinha,PB,Nordeste,4492,4402,4487,165,66909,15200,359.442,12.25,0.627
2513851,Santo André,PB,Nordeste,2708,2622,5222,207,40211,15336,197.791,13.26,0.6
2513901,São Bento,PB,Nordeste,33845,32235,1031,15,724346,22471,245.84,131.12,0.58
2513927,São Bentinho,PB,Nordeste,4490,4327,4492,166,64264,14852,199.635,21.67,0.606
2513943,São Domingos do Cariri,PB,Nordeste,2688,2585,5230,208,39709,15361,233.835,11.05,0.589
2513968,São Domingos,PB,Nordeste,2624,2595,5252,209,44068,16982,170.361,15.23,0.548
2513984,São Francisco,PB,Nordeste,3176,3137,5014,196,48447,15444,90.724,34.58,0.58
2514008,São João do Cariri,PB,Nordeste,4345,4226,4556,172,71555,16932,612.966,6.89,0.622
2514107,São João do Tigre,PB,Nordeste,4359,4263,4549,171,51496,12080,812.617,5.25,0.552
2514206,São José da Lagoa Tapada,PB,Nordeste,7251,7126,3626,113,87269,12247,333.724,21.35,0.53
2514305,São José de Caiana,PB,Nordeste,4966,5034,4300,159,63973,12708,183.273,27.47,0.565
2514404,São José de Espinharas,PB,Nordeste,4056,4083,4676,177,66469,16279,726.757,5.62,0.577
2514453,São José dos Ramos,PB,Nordeste,6137,5891,3950,133,78200,13274,100.642,58.53,0.541
2514503,São José de Piranhas,PB,Nordeste,19561,19067,1783,34,289437,15180,686.918,27.76,0.591
2514552,São José de Princesa,PB,Nordeste,3323,3416,4943,193,43362,12694,158.052,21.61,0.565
2514602,São José do Bonfim,PB,Nordeste,3337,3242,4938,192,41022,12653,153.629,21.1,0.578
2514651,São José do Brejo do Cruz,PB,Nordeste,1750,1699,5509,222,36303,21367,253.787,6.69,0.581
2514701,São José do Sabugi,PB,Nordeste,4283,4138,4577,173,129591,31317,213.555,19.38,0.617
2514800,São José dos Cordeiros,PB,Nordeste,3462,3411,4893,186,44795,13133,376.661,9.06,0.556
2514909,São Mamede,PB,Nordeste,7629,7470,3530,107,101241,13553,533.446,14,0.641
2515005,São Miguel de Taipu,PB,Nordeste,7307,7066,3615,112,122551,17344,92.413,76.46,0.548
2515104,São Sebastião de Lagoa de Roça,PB,Nordeste,11387,11040,2780,74,133993,12137,46.372,238.07,0.594
2515203,São Sebastião do Umbuzeiro,PB,Nordeste,3382,3279,4915,188,46472,14173,464.327,7.06,0.581
2515302,Sapé,PB,Nordeste,53457,51306,641,10,852471,16615,313.678,163.56,0.569
2515401,São Vicente do Seridó,PB,Nordeste,10652,10291,2962,78,112003,10884,262.751,39.17,0.555
2515500,Serra Branca,PB,Nordeste,14131,13614,2407,66,187052,13740,698.102,19.5,0.628
2515609,Serra da Raiz,PB,Nordeste,3156,3094,5023,197,47507,15355,31.679,97.67,0.626
2515708,Serra Grande,PB,Nordeste,3056,2942,5064,200,40406,13734,64.352,45.72,0.586
2515807,Serra Redonda,PB,Nordeste,6975,6828,3703,119,74715,10942,55.197,123.7,0.57
2515906,Serraria,PB,Nordeste,4754,4885,4381,162,79579,16290,65.062,75.08,0.547
2515930,Sertãozinho,PB,Nordeste,5332,5054,4182,149,71175,14083,32.455,155.72,0.621
2515971,Sobrado,PB,Nordeste,8646,8236,3328,96,135262,16423,61.953,132.94,0.573
2516003,Solânea,PB,Nordeste,27748,26774,1278,21,428475,16003,233.043,114.89,0.595
2516102,Soledade,PB,Nordeste,14409,13968,2333,62,319643,22884,578.178,24.16,0.616
2516151,Sossêgo,PB,Nordeste,3476,3345,4885,185,47775,14283,147.264,22.71,0.573
2516201,Sousa,PB,Nordeste,70066,67259,489,7,1714770,25495,728.492,92.33,0.668
2516300,Sumé,PB,Nordeste,17852,17166,1960,44,255601,14890,833.315,20.6,0.627
2516409,Tacima,PB,Nordeste,7794,8010,3492,105,106670,13317,245.236,32.66,0.551
2516508,Taperoá,PB,Nordeste,14358,14068,2346,63,169781,12069,628.365,22.39,0.578
2516607,Tavares,PB,Nordeste,14473,14101,2319,60,167333,11867,239.507,58.88,0.586
2516706,Teixeira,PB,Nordeste,15129,14631,2232,55,222479,15206,155.452,94.12,0.605
2516755,Tenório,PB,Nordeste,3082,2966,5052,199,40231,13564,87.452,33.92,0.581
2516805,Triunfo,PB,Nordeste,10315,9892,3059,82,121796,12313,224.336,44.09,0.609
2516904,Uiraúna,PB,Nordeste,15431,14930,2205,53,245510,16444,293.182,50.92,0.636
2517001,Umbuzeiro,PB,Nordeste,9274,9124,3223,91,118557,12994,185.578,49.17,0.584
2517100,Várzea,PB,Nordeste,2777,2668,5188,205,46408,17394,191.282,13.95,0.707
2517209,Vieirópolis,PB,Nordeste,4967,4864,4298,158,59242,12180,147.098,33.07,0.571
2517407,Zabelê,PB,Nordeste,2323,2228,5346,216,35337,15860,106.811,20.86,0.623
2600054,Abreu e Lima,PE,Nordeste,104248,98462,325,15,2129775,21630,126.384,779.07,0.679
2600104,Afogados da Ingazeira,PE,Nordeste,42672,40241,801,41,651001,16178,377.696,106.54,0.657
2600203,Afrânio,PE,Nordeste,19409,18674,1797,105,271668,14548,1490.594,12.53,0.588
2600302,Agrestina,PE,Nordeste,24680,23779,1453,85,368076,15479,200.369,118.68,0.592
2600401,Água Preta,PE,Nordeste,26981,26461,1308,76,263642,9963,531.935,49.74,0.553
2600500,Águas Belas,PE,Nordeste,43822,41548,778,39,489637,11785,885.988,46.89,0.526
2600609,Alagoinha,PE,Nordeste,14460,13542,2322,130,199751,14750,214.267,63.2,0.599
2600708,Aliança,PE,Nordeste,37349,35741,925,49,472449,13219,272.773,131.03,0.604
2600807,Altinho,PE,Nordeste,21134,20674,1676,96,302022,14609,450.178,45.92,0.598
2600906,Amaraji,PE,Nordeste,18335,18205,1894,112,307792,16907,233.239,78.05,0.58
2601003,Angelim,PE,Nordeste,10591,10241,2988,163,186927,18253,118.088,86.72,0.572
2601052,Araçoiaba,PE,Nordeste,19996,19243,1753,101,203113,10555,96.36,199.7,0.592
2601102,Araripina,PE,Nordeste,90504,85088,376,18,1777713,20893,2037.394,41.76,0.602
2601201,Arcoverde,PE,Nordeste,82487,77742,412,22,1503621,19341,343.923,226.04,0.667
2601300,Barra de Guabiraba,PE,Nordeste,12601,12263,2606,148,197017,16066,118.639,103.36,0.577
2601409,Barreiros,PE,Nordeste,42083,40121,810,42,645437,16087,233.433,171.87,0.586
2601508,Belém de Maria,PE,Nordeste,10798,10378,2919,161,110733,10670,73.145,141.88,0.578
2601607,Belém do São Francisco,PE,Nordeste,18648,18301,1866,111,715390,39090,1830.797,10,0.642
2601706,Belo Jardim,PE,Nordeste,84033,79507,405,20,3429628,43136,647.445,122.8,0.629
2601805,Betânia,PE,Nordeste,11961,11232,2685,152,125498,11173,1244.074,9.03,0.559
2601904,Bezerros,PE,Nordeste,65007,61694,526,27,1089685,17663,492.632,125.23,0.606
2602001,Bodocó,PE,Nordeste,36145,34478,954,52,388247,11261,1621.786,21.26,0.565
2602100,Bom Conselho,PE,Nordeste,46202,44294,739,37,801671,18099,792.185,55.91,0.563
2602209,Bom Jardim,PE,Nordeste,39289,37629,873,45,419042,11136,224.108,167.91,0.602
2602308,Bonito,PE,Nordeste,39212,37474,876,47,736191,19645,393.191,95.31,0.561
2602407,Brejão,PE,Nordeste,9417,9079,3193,168,226948,24997,159.786,56.82,0.547
2602506,Brejinho,PE,Nordeste,8033,7720,3446,172,95683,12394,106.039,72.8,0.574
2602605,Brejo da Madre de Deus,PE,Nordeste,51308,48648,663,34,530035,10895,762.346,63.81,0.562
2602704,Buenos Aires,PE,Nordeste,13276,12808,2535,145,163217,12743,93.187,137.44,0.593
2602803,Buíque,PE,Nordeste,53489,52097,639,33,647063,12420,1336.544,38.98,0.527
2602902,Cabo de Santo Agostinho,PE,Nordeste,218049,203440,150,7,15897620,78144,445.386,456.77,0.686
2603009,Cabrobó,PE,Nordeste,31762,30294,1130,62,536175,17699,1658.616,18.26,0.623
2603108,Cachoeirinha,PE,Nordeste,20673,19899,1702,98,290338,14591,179.262,111.01,0.579
2603207,Caetés,PE,Nordeste,30571,28827,1166,65,503212,17456,294.946,97.74,0.522
2603306,Calçado,PE,Nordeste,11453,11093,2761,155,134331,12110,121.945,90.97,0.566
2603405,Calumbi,PE,Nordeste,5354,5228,4176,182,62249,11907,179.314,29.16,0.571
2603454,Camaragibe,PE,Nordeste,156112,147771,203,8,2436552,16489,51.321,2879.35,0.692
2603504,Camocim de São Félix,PE,Nordeste,18018,17419,1938,113,209246,12013,72.01,241.9,0.588
2603603,Camutanga,PE,Nordeste,7962,7750,3459,173,427495,55161,39.116,198.13,0.606
2603702,Canhotinho,PE,Nordeste,25103,24329,1408,81,364996,15003,423.168,57.49,0.541
2603801,Capoeiras,PE,Nordeste,18854,18338,1841,107,266090,14510,337.13,54.39,0.549
2603900,Carnaíba,PE,Nordeste,19533,18644,1785,103,212891,11419,427.802,43.58,0.583
2603926,Carnaubeira da Penha,PE,Nordeste,12712,12239,2593,147,107059,8747,1004.667,12.18,0.573
2604007,Carpina,PE,Nordeste,83482,79293,410,21,1937470,24434,147.017,539.35,0.68
2604106,Caruaru,PE,Nordeste,405408,378048,64,4,11238434,29728,923.15,409.52,0.677
2604155,Casinhas,PE,Nordeste,13468,12967,2516,142,125631,9689,115.868,111.91,0.567
2604205,Catende,PE,Nordeste,33086,32156,1065,58,390075,12131,208.594,154.16,0.609
2604304,Cedro,PE,Nordeste,10843,10518,2901,159,133554,12698,148.746,70.71,0.615
2604403,Chã de Alegria,PE,Nordeste,13496,12984,2509,141,190273,14654,49.327,263.22,0.604
2604502,Chã Grande,PE,Nordeste,21258,20546,1669,95,325129,15824,84.787,242.32,0.599
2604601,Condado,PE,Nordeste,25416,24587,1383,80,294987,11998,89.645,274.27,0.602
2604700,Correntes,PE,Nordeste,17670,17131,1989,116,211880,12368,317.793,53.91,0.536
2604809,Cortês,PE,Nordeste,10426,10198,3049,166,147761,14489,102.852,99.15,0.568
2604908,Cumaru,PE,Nordeste,16215,15920,2132,123,163890,10295,292.231,54.48,0.572
2605004,Cupira,PE,Nordeste,24343,23518,1486,88,355809,15129,95.155,247.15,0.592
2605103,Custódia,PE,Nordeste,39609,37699,866,44,759609,20149,1404.126,26.85,0.594
2605152,Dormentes,PE,Nordeste,17850,17188,1961,114,311854,18144,1539.052,11.17,0.589
2605202,Escada,PE,Nordeste,62174,59891,556,28,1582303,26420,342.584,174.82,0.632
2605301,Exu,PE,Nordeste,33486,31843,1046,57,440315,13828,1336.786,23.82,0.576
2605400,Feira Nova,PE,Nordeste,22222,21427,1595,93,274542,12813,107.726,198.9,0.6
2605459,Fernando de Noronha,PE,Nordeste,3341,3167,4937,185,304923,96281,18.609,170.19,0.788
2605509,Ferreiros,PE,Nordeste,15955,15026,2152,125,171423,11408,92.516,162.42,0.622
2605608,Flores,PE,Nordeste,20776,20347,1697,97,245679,12074,995.558,20.44,0.556
2605707,Floresta,PE,Nordeste,31702,30137,1133,63,583259,19354,3604.948,8.36,0.626
2605806,Frei Miguelinho,PE,Nordeste,14055,13636,2428,139,152032,11149,212.707,64.11,0.576
2605905,Gameleira,PE,Nordeste,17583,18214,2006,117,248184,13626,257.781,70.66,0.602
2606002,Garanhuns,PE,Nordeste,151803,142506,209,9,3834635,26909,458.552,310.77,0.664
2606101,Glória do Goitá,PE,Nordeste,30420,29347,1175,66,626114,21335,234.708,125.04,0.604
2606200,Goiana,PE,Nordeste,85497,81055,397,19,13893623,171410,445.405,181.98,0.651
2606309,Granito,PE,Nordeste,7217,6967,3642,176,91071,13072,521.69,13.35,0.595
2606408,Gravatá,PE,Nordeste,92429,86516,370,17,1637743,18930,507.36,170.52,0.634
2606507,Iati,PE,Nordeste,17570,17165,2012,118,236013,13750,635.137,27.03,0.528
2606606,Ibimirim,PE,Nordeste,28825,26593,1231,71,425355,15995,1882.498,14.13,0.552
2606705,Ibirajuba,PE,Nordeste,7334,7140,3609,175,99153,13887,189.596,37.66,0.58
2606804,Igarassu,PE,Nordeste,123017,115196,263,11,3770816,32734,306.879,375.38,0.665
2606903,Iguaracy,PE,Nordeste,11347,11081,2789,157,122068,11016,838.132,13.22,0.598
2607000,Inajá,PE,Nordeste,27758,25603,1277,73,276204,10788,1231.362,20.79,0.523
2607109,Ingazeira,PE,Nordeste,4975,4765,4295,183,65457,13737,243.586,19.56,0.608
2607208,Ipojuca,PE,Nordeste,106539,98932,319,13,17972323,181663,521.801,189.6,0.619
2607307,Ipubi,PE,Nordeste,30720,29009,1158,64,412535,14221,693.914,41.8,0.55
2607406,Itacuruba,PE,Nordeste,4491,4284,4489,184,82430,19241,430.038,9.96,0.595
2607505,Itaíba,PE,Nordeste,33995,32650,1026,55,390249,11952,1061.694,30.75,0.51
2607604,Ilha de Itamaracá,PE,Nordeste,25658,24540,1370,78,298295,12155,66.146,371,0.653
2607653,Itambé,PE,Nordeste,36652,34935,945,51,586823,16798,304.006,114.92,0.575
2607703,Itapetim,PE,Nordeste,14236,13791,2380,136,170269,12346,411.901,33.48,0.592
2607752,Itapissuma,PE,Nordeste,29669,27749,1198,68,3258624,117432,73.968,375.15,0.633
2607802,Itaquitinga,PE,Nordeste,17142,16554,2060,121,223249,13486,162.739,101.72,0.586
2607901,Jaboatão dos Guararapes,PE,Nordeste,684293,644037,32,2,20281298,31491,258.724,2489.28,0.717
2607950,Jaqueira,PE,Nordeste,10440,10247,3041,165,129334,12622,87.208,117.5,0.575
2608008,Jataúba,PE,Nordeste,16328,15843,2122,122,192384,12143,714.601,22.17,0.53
2608057,Jatobá,PE,Nordeste,14477,14020,2318,129,183614,13097,277.862,50.46,0.645
2608107,João Alfredo,PE,Nordeste,28842,27725,1230,70,354879,12800,134.147,206.68,0.576
2608206,Joaquim Nabuco,PE,Nordeste,13416,13269,2522,144,164491,12397,122.592,108.24,0.554
2608255,Jucati,PE,Nordeste,12023,11517,2675,151,142790,12398,120.527,95.56,0.55
2608305,Jupi,PE,Nordeste,16022,15329,2148,124,247150,16123,104.835,146.22,0.575
2608404,Jurema,PE,Nordeste,14002,13648,2442,140,146166,10710,148.254,92.06,0.509
2608453,Lagoa do Carro,PE,Nordeste,18804,17981,1847,109,327921,18237,69.666,258.1,0.609
2608503,Lagoa de Itaenga,PE,Nordeste,19863,19003,1763,102,551074,28999,56.131,338.55,0.602
2608602,Lagoa do Ouro,PE,Nordeste,12367,11933,2635,149,150180,12585,198.762,60.04,0.525
2608701,Lagoa dos Gatos,PE,Nordeste,14333,14076,2354,134,168831,11994,224.947,62.57,0.551
2608750,Lagoa Grande,PE,Nordeste,24951,24088,1424,82,713609,29625,1850.07,13.02,0.597
2608800,Lajedo,PE,Nordeste,41960,39582,814,43,706467,17848,189.096,209.32,0.611
2608909,Limoeiro,PE,Nordeste,59236,56510,579,30,991140,17539,273.733,206.44,0.663
2609006,Macaparana,PE,Nordeste,24642,23879,1455,87,359208,15043,108.049,221,0.609
2609105,Machados,PE,Nordeste,11387,11333,2781,156,271714,23975,61.619,183.92,0.578
2609154,Manari,PE,Nordeste,27046,23763,1304,75,183154,7708,344.685,68.94,0.487
2609204,Maraial,PE,Nordeste,9322,9359,3213,169,110045,11758,199.865,46.83,0.534
2609303,Mirandiba,PE,Nordeste,14605,14166,2299,127,221207,15615,821.676,17.24,0.591
2609402,Moreno,PE,Nordeste,57654,55292,594,31,1118309,20226,194.197,284.72,0.652
2609501,Nazaré da Mata,PE,Nordeste,32187,30648,1104,61,777087,25355,130.572,234.72,0.662
2609600,Olinda,PE,Nordeste,364717,349976,79,6,7024917,20073,41.3,8474,0.735
2609709,Orobó,PE,Nordeste,22412,21808,1587,92,582870,26727,138.521,157.43,0.61
2609808,Orocó,PE,Nordeste,14129,13613,2408,137,192309,14127,554.76,24.54,0.61
2609907,Ouricuri,PE,Nordeste,68489,65245,502,23,1016704,15583,2381.57,27.4,0.572
2610004,Palmares,PE,Nordeste,56475,54584,606,32,1156052,21179,339.401,160.82,0.622
2610103,Palmeirina,PE,Nordeste,7104,7031,3669,177,91362,12994,168.796,41.65,0.549
2610202,Panelas,PE,Nordeste,23337,22991,1537,90,239945,10436,380.428,60.43,0.569
2610301,Paranatama,PE,Nordeste,12778,12199,2587,146,306364,25114,185.371,65.81,0.537
2610400,Parnamirim,PE,Nordeste,18960,18612,1831,106,268156,14408,2609.548,7.13,0.599
2610509,Passira,PE,Nordeste,29744,28340,1196,67,293500,10356,327.21,86.61,0.592
2610608,Paudalho,PE,Nordeste,59924,56665,575,29,1151981,20330,269.651,210.14,0.639
2610707,Paulista,PE,Nordeste,365144,342167,78,5,6999013,20455,96.932,3529.97,0.732
2610806,Pedra,PE,Nordeste,23671,22795,1524,89,426036,18690,922.602,24.71,0.567
2610905,Pesqueira,PE,Nordeste,65481,62722,521,26,1082144,17253,960.042,65.33,0.61
2611002,Petrolândia,PE,Nordeste,36104,34161,957,53,1568603,45918,1056.589,32.33,0.623
2611101,Petrolina,PE,Nordeste,418444,386791,63,3,10577530,27347,4561.87,84.79,0.697
2611200,Poção,PE,Nordeste,10792,10500,2920,162,132807,12648,205.119,51.19,0.528
2611309,Pombos,PE,Nordeste,26942,27552,1309,77,635845,23078,239.832,114.88,0.598
2611408,Primavera,PE,Nordeste,14380,13838,2341,132,320399,23154,113.135,122.31,0.58
2611507,Quipapá,PE,Nordeste,17731,17928,1981,115,211463,11795,230.617,77.74,0.552
2611533,Quixaba,PE,Nordeste,6753,6554,3754,179,75902,11581,210.705,31.11,0.577
2611606,Recife,PE,Nordeste,1588376,1488920,9,1,66351305,44563,218.843,6803.6,0.772
2611705,Riacho das Almas,PE,Nordeste,21490,20639,1651,94,289327,14018,314.003,65.73,0.57
2611804,Ribeirão,PE,Nordeste,33843,33507,1032,56,601649,17956,289.566,115.71,0.602
2611903,Rio Formoso,PE,Nordeste,20388,20009,1724,100,374545,18719,227.458,87.97,0.613
2612000,Sairé,PE,Nordeste,11213,10887,2825,158,204199,18756,190.455,57.16,0.585
2612109,Salgadinho,PE,Nordeste,5478,5727,4144,180,76619,13379,87.217,65.66,0.534
2612208,Salgueiro,PE,Nordeste,65946,62372,519,25,1389969,22285,1678.564,37.16,0.669
2612307,Saloá,PE,Nordeste,14125,13836,2409,138,251854,18203,251.549,55,0.559
2612406,Sanharó,PE,Nordeste,18812,18624,1844,108,269694,14481,268.065,69.48,0.603
2612455,Santa Cruz,PE,Nordeste,14342,13841,2351,133,156125,11280,1245.983,11.11,0.549
2612471,Santa Cruz da Baixa Verde,PE,Nordeste,11934,11567,2691,153,143723,12425,114.932,100.64,0.612
2612505,Santa Cruz do Capibaribe,PE,Nordeste,104854,98254,324,14,2125695,21635,335.309,293.03,0.648
2612554,Santa Filomena,PE,Nordeste,12360,12106,2638,150,133150,10999,1005.341,12.04,0.533
2612604,Santa Maria da Boa Vista,PE,Nordeste,42782,40578,799,40,781893,19269,3000.774,13.52,0.59
2612703,Santa Maria do Cambucá,PE,Nordeste,14586,14013,2302,128,151435,10807,92.148,152.07,0.548
2612802,Santa Terezinha,PE,Nordeste,10487,10244,3019,164,122739,11982,200.327,51.14,0.593
2612901,São Benedito do Sul,PE,Nordeste,13456,13113,2520,143,129076,9843,160.477,81.71,0.53
2613008,São Bento do Una,PE,Nordeste,51165,49449,664,35,1909078,38607,719.148,68.76,0.593
2613107,São Caitano,PE,Nordeste,39243,37126,874,46,575982,15514,382.483,97.07,0.591
2613206,São João,PE,Nordeste,24895,23837,1433,84,374387,15706,258.519,92.21,0.57
2613305,São Joaquim do Monte,PE,Nordeste,20438,20037,1721,99,258411,12897,227.385,88.12,0.537
2613404,São José da Coroa Grande,PE,Nordeste,19511,18825,1786,104,389471,20689,69.184,272.1,0.608
2613503,São José do Belmonte,PE,Nordeste,36890,34843,941,50,529903,15208,1474.086,23.64,0.61
2613602,São José do Egito,PE,Nordeste,32508,31004,1090,59,471426,15205,774.037,40.05,0.635
2613701,São Lourenço da Mata,PE,Nordeste,118258,111249,283,12,1791059,16100,263.687,421.9,0.653
2613800,São Vicente Férrer,PE,Nordeste,17177,16677,2058,120,384212,23038,112.554,148.17,0.549
2613909,Serra Talhada,PE,Nordeste,98816,92228,341,16,2003113,21719,2980.007,30.95,0.661
2614006,Serrita,PE,Nordeste,18764,18207,1852,110,195989,10764,1535.19,11.86,0.595
2614105,Sertânia,PE,Nordeste,34271,32811,1013,54,404067,12315,2421.527,13.55,0.613
2614204,Sirinhaém,PE,Nordeste,39171,37596,877,48,861417,22912,374.321,100.44,0.597
2614303,Moreilândia,PE,Nordeste,10839,10540,2904,160,106462,10101,404.287,26.07,0.6
2614402,Solidão,PE,Nordeste,5386,5210,4170,181,63051,12102,138.398,37.65,0.585
2614501,Surubim,PE,Nordeste,67821,64120,507,24,1131954,17654,252.896,253.54,0.635
2614600,Tabira,PE,Nordeste,29180,27681,1219,69,358223,12941,390.434,70.9,0.605
2614709,Tacaimbó,PE,Nordeste,14330,13738,2356,135,221749,16141,227.601,60.36,0.554
2614808,Tacaratu,PE,Nordeste,24898,23902,1431,83,262198,10970,1264.532,18.9,0.573
2614857,Tamandaré,PE,Nordeste,24670,23561,1454,86,432297,18348,213.75,110.23,0.593
2615003,Taquaritinga do Norte,PE,Nordeste,25511,24736,1377,79,402088,16255,475.184,52.06,0.641
2615102,Terezinha,PE,Nordeste,6853,6513,3729,178,91621,14067,151.45,43,0.545
2615201,Terra Nova,PE,Nordeste,9231,8920,3229,170,125359,14054,318.709,27.99,0.599
2615300,Timbaúba,PE,Nordeste,47312,46147,723,36,905265,19617,287.683,160.41,0.618
2615409,Toritama,PE,Nordeste,43921,41137,776,38,812755,19757,25.704,1600.41,0.618
2615508,Tracunhaém,PE,Nordeste,14439,13867,2328,131,198570,14320,137.321,100.98,0.605
2615607,Trindade,PE,Nordeste,32257,30321,1101,60,654211,21576,295.765,102.52,0.595
2615706,Triunfo,PE,Nordeste,15141,14705,2230,126,202205,13751,191.518,76.78,0.67
2615805,Tupanatinga,PE,Nordeste,28141,26937,1265,72,275931,10244,934.801,28.82,0.519
2615904,Tuparetama,PE,Nordeste,8261,8005,3390,171,95042,11873,189.509,42.24,0.634
2616001,Venturosa,PE,Nordeste,17563,17251,2014,119,291065,16872,336.107,51.33,0.592
2616100,Verdejante,PE,Nordeste,9483,9169,3185,167,103221,11258,476.039,19.26,0.605
2616183,Vertente do Lério,PE,Nordeste,7776,7558,3496,174,93452,12365,73.631,102.65,0.563
2616209,Vertentes,PE,Nordeste,23127,21959,1546,91,228836,10421,196.325,111.85,0.582
2616308,Vicência,PE,Nordeste,27151,26359,1298,74,615581,23354,228.017,115.6,0.605
2616407,Vitória de Santo Antão,PE,Nordeste,144243,134084,217,10,6095992,45464,336.573,398.38,0.64
2616506,Xexéu,PE,Nordeste,11699,11611,2717,154,201330,17340,110.815,104.78,0.552
2700102,Água Branca,AL,Nordeste,19550,19008,1784,40,246052,12945,468.229,40.6,0.549
2700201,Anadia,AL,Nordeste,14167,13966,2399,56,276952,19830,186.134,75.03,0.568
2700300,Arapiraca,AL,Nordeste,243906,234696,131,2,6880940,29319,345.655,678.99,0.649
2700409,Atalaia,AL,Nordeste,38480,37512,897,13,1637107,43642,533.258,70.34,0.561
2700508,Barra de Santo Antônio,AL,Nordeste,16756,16365,2090,46,358501,21907,131.364,124.58,0.557
2700607,Barra de São Miguel,AL,Nordeste,8123,7944,3425,81,304436,38323,74.247,106.99,0.615
2700706,Batalha,AL,Nordeste,17103,16448,2065,45,308733,18770,315.87,52.07,0.594
2700805,Belém,AL,Nordeste,4819,4722,4354,96,187160,39636,66.628,70.87,0.593
2700904,Belo Monte,AL,Nordeste,5895,5936,4017,90,196377,33082,334.136,17.77,0.517
2701001,Boca da Mata,AL,Nordeste,21479,21187,1652,36,565491,26690,193.002,109.78,0.604
2701100,Branquinha,AL,Nordeste,9779,9603,3129,71,849267,88438,168.048,57.14,0.513
2701209,Cacimbinhas,AL,Nordeste,10705,10482,2942,68,195083,18611,281.692,37.21,0.531
2701308,Cajueiro,AL,Nordeste,16572,16024,2104,47,223748,13963,94.357,169.82,0.562
2701357,Campestre,AL,Nordeste,6808,6665,3741,84,109805,16475,65.91,101.12,0.559
2701407,Campo Alegre,AL,Nordeste,32558,32106,1085,18,884685,27555,312.726,102.66,0.57
2701506,Campo Grande,AL,Nordeste,8285,8143,3387,80,113470,13935,170.144,47.86,0.524
2701605,Canapi,AL,Nordeste,15730,15559,2179,50,235141,15113,602.778,25.81,0.506
2701704,Capela,AL,Nordeste,15051,15032,2239,54,250653,16675,263.735,57,0.573
2701803,Carneiros,AL,Nordeste,9206,8999,3234,77,97601,10846,111.696,80.57,0.526
2701902,Chã Preta,AL,Nordeste,6000,5910,3988,88,289693,49017,157.831,37.45,0.575
2702009,Coité do Nóia,AL,Nordeste,11036,10810,2858,66,234385,21682,88.759,121.79,0.533
2702108,Colônia Leopoldina,AL,Nordeste,15915,15816,2154,49,367109,23211,207.935,76.06,0.517
2702207,Coqueiro Seco,AL,Nordeste,5701,5581,4078,91,115662,20724,39.608,140.91,0.586
2702306,Coruripe,AL,Nordeste,51784,50414,660,10,2400819,47622,897.8,56.15,0.626
2702355,Craíbas,AL,Nordeste,26144,25397,1346,21,450187,17726,278.879,91.07,0.525
2702405,Delmiro Gouveia,AL,Nordeste,52845,51318,650,9,911191,17756,628.545,81.65,0.612
2702504,Dois Riachos,AL,Nordeste,9898,9805,3118,70,140027,14281,141.621,69.23,0.532
2702553,Estrela de Alagoas,AL,Nordeste,15688,15429,2184,52,177063,11476,260.772,59.17,0.534
2702603,Feira Grande,AL,Nordeste,23204,22712,1541,32,500385,22032,175.906,129.11,0.533
2702702,Feliz Deserto,AL,Nordeste,4035,3963,4685,100,218958,55251,110.062,36.01,0.565
2702801,Flexeiras,AL,Nordeste,9745,9618,3138,72,251580,26157,333.756,28.82,0.527
2702900,Girau do Ponciano,AL,Nordeste,37337,36102,926,14,602812,16697,513.454,70.31,0.536
2703007,Ibateguara,AL,Nordeste,13982,13731,2446,58,223883,16305,265.312,51.75,0.518
2703106,Igaci,AL,Nordeste,24445,23995,1477,26,328695,13698,334.346,71.77,0.564
2703205,Igreja Nova,AL,Nordeste,22113,21372,1606,35,697572,32640,426.538,50.11,0.568
2703304,Inhapi,AL,Nordeste,15396,15167,2210,53,210039,13848,372.019,40.77,0.484
2703403,Jacaré dos Homens,AL,Nordeste,5180,5083,4225,93,78412,15426,148.992,34.12,0.583
2703502,Jacuípe,AL,Nordeste,5419,5352,4163,92,144753,27047,208.738,25.64,0.548
2703601,Japaratinga,AL,Nordeste,9457,9219,3189,76,329293,35719,85.356,108.01,0.57
2703700,Jaramataia,AL,Nordeste,5069,4985,4264,94,81577,16364,105.416,47.29,0.552
2703759,Jequiá da Praia,AL,Nordeste,9607,9470,3159,74,456621,48218,334.265,28.33,0.556
2703809,Joaquim Gomes,AL,Nordeste,17342,17150,2041,44,541697,31586,298.17,57.52,0.531
2703908,Jundiá,AL,Nordeste,4175,4092,4631,99,92728,22661,88.793,46.08,0.562
2704005,Junqueiro,AL,Nordeste,24382,23907,1483,28,705482,29509,247.724,96.51,0.575
2704104,Lagoa da Canoa,AL,Nordeste,18836,18457,1843,42,333780,18084,83.621,220.72,0.552
2704203,Limoeiro de Anadia,AL,Nordeste,25184,24740,1402,23,806003,32579,309.205,80.01,0.58
2704302,Maceió,AL,Nordeste,994952,957916,16,1,33749576,35232,509.32,1880.77,0.721
2704401,Major Isidoro,AL,Nordeste,17828,17700,1964,43,296433,16748,442.744,39.98,0.566
2704500,Maragogi,AL,Nordeste,33269,32174,1055,16,1219926,37917,334.165,96.28,0.574
2704609,Maravilha,AL,Nordeste,9709,9534,3144,73,134024,14057,332.37,28.68,0.569
2704708,Marechal Deodoro,AL,Nordeste,62477,60370,552,5,3185683,52769,340.98,177.05,0.642
2704807,Maribondo,AL,Nordeste,13970,13679,2448,59,222264,16249,180.107,75.95,0.597
2704906,Mar Vermelho,AL,Nordeste,3208,3155,5000,101,51607,16357,91.741,34.39,0.577
2705002,Mata Grande,AL,Nordeste,22126,21844,1605,34,400974,18356,914.722,23.88,0.504
2705101,Matriz de Camaragibe,AL,Nordeste,24331,23857,1487,29,514991,21587,238.113,100.19,0.584
2705200,Messias,AL,Nordeste,15706,15405,2181,51,351253,22801,114.156,134.95,0.568
2705309,Minador do Negrão,AL,Nordeste,4935,4845,4311,95,90125,18602,167.462,28.93,0.563
2705408,Monteirópolis,AL,Nordeste,7344,7184,3607,82,109208,15202,86.604,82.95,0.539
2705507,Murici,AL,Nordeste,25926,25187,1358,22,1080389,42895,418.028,60.25,0.527
2705606,Novo Lino,AL,Nordeste,10285,10020,3063,69,240603,24012,215.547,46.49,0.521
2705705,Olho d'Água das Flores,AL,Nordeste,21135,20695,1675,38,343111,16579,188.221,109.95,0.565
2705804,Olho d'Água do Casado,AL,Nordeste,8522,8349,3347,79,100592,12048,327.678,25.48,0.525
2705903,Olho d'Água Grande,AL,Nordeste,4381,4330,4540,98,72758,16803,117.006,37.01,0.503
2706000,Olivença,AL,Nordeste,11047,10812,2853,65,135134,12499,175.288,61.68,0.493
2706109,Ouro Branco,AL,Nordeste,11706,11446,2714,62,150495,13148,196.56,58.23,0.547
2706208,Palestina,AL,Nordeste,4408,4325,4527,97,48822,11288,38.189,113.25,0.558
2706307,Palmeira dos Índios,AL,Nordeste,73621,71574,473,4,1367252,19103,450.99,158.7,0.638
2706406,Pão de Açúcar,AL,Nordeste,24291,23823,1489,30,282237,11847,688.87,34.58,0.593
2706422,Pariconha,AL,Nordeste,10807,10573,2913,67,119510,11303,254.719,41.51,0.548
2706448,Paripueira,AL,Nordeste,14199,13835,2389,55,302559,21869,92.788,149.1,0.605
2706505,Passo de Camaragibe,AL,Nordeste,14070,13804,2423,57,378391,27412,251.29,54.93,0.533
2706604,Paulo Jacinto,AL,Nordeste,6691,6576,3769,85,108187,16452,118.457,55.51,0.589
2706703,Penedo,AL,Nordeste,60185,58650,571,7,1159276,19766,688.452,85.19,0.63
2706802,Piaçabuçu,AL,Nordeste,16192,15908,2137,48,480484,30204,243.686,65.28,0.572
2706901,Pilar,AL,Nordeste,36525,35370,947,15,957605,27074,259.614,136.24,0.61
2707008,Pindoba,AL,Nordeste,2786,2731,5185,102,53808,19703,117.086,23.32,0.574
2707107,Piranhas,AL,Nordeste,23053,22609,1550,33,358241,15845,403.995,55.96,0.589
2707206,Poço das Trincheiras,AL,Nordeste,12965,12518,2567,60,146801,11727,284.26,44.04,0.526
2707305,Porto Calvo,AL,Nordeste,24509,24071,1469,25,544520,22621,313.231,76.85,0.586
2707404,Porto de Pedras,AL,Nordeste,9517,9295,3179,75,451598,48585,257.105,36.15,0.541
2707503,Porto Real do Colégio,AL,Nordeste,20273,20082,1734,39,294351,14657,235.852,85.15,0.551
2707602,Quebrangulo,AL,Nordeste,11303,11080,2801,64,195018,17601,319.829,34.64,0.559
2707701,Rio Largo,AL,Nordeste,97658,93927,350,3,2032761,21642,293.816,319.68,0.643
2707800,Roteiro,AL,Nordeste,6606,6474,3792,86,247076,38164,128.926,50.21,0.505
2707909,Santa Luzia do Norte,AL,Nordeste,7066,6919,3681,83,199948,28898,28.857,239.77,0.597
2708006,Santana do Ipanema,AL,Nordeste,47418,46220,720,11,863267,18677,436.16,105.97,0.591
2708105,Santana do Mundaú,AL,Nordeste,11572,11323,2735,63,1127361,99564,232.169,48.77,0.519
2708204,São Brás,AL,Nordeste,6557,6555,3801,87,123934,18907,139.038,47.15,0.572
2708303,São José da Laje,AL,Nordeste,21180,20813,1672,37,816993,39254,256.603,81.11,0.573
2708402,São José da Tapera,AL,Nordeste,31569,30604,1136,20,421128,13761,490.879,62.35,0.527
2708501,São Luís do Quitunde,AL,Nordeste,31785,30873,1129,19,1052903,34104,397.257,77.72,0.536
2708600,São Miguel dos Campos,AL,Nordeste,53380,51990,644,8,1594206,30664,335.683,154.88,0.623
2708709,São Miguel dos Milagres,AL,Nordeste,8700,8482,3314,78,308510,36372,76.731,110.54,0.591
2708808,São Sebastião,AL,Nordeste,32707,31786,1080,17,736908,23183,314.924,100.93,0.549
2708907,Satuba,AL,Nordeste,25105,24278,1407,24,369184,15207,41.268,588.3,0.66
2708956,Senador Rui Palmeira,AL,Nordeste,12545,12303,2615,61,137332,11162,338.569,36.34,0.518
2709004,Tanque d'Arca,AL,Nordeste,5906,5796,4014,89,92869,16023,124.617,46.51,0.555
2709103,Taquarana,AL,Nordeste,19428,19032,1794,41,664759,34928,153.841,123.71,0.541
2709152,Teotônio Vilela,AL,Nordeste,39143,38053,879,12,941856,24751,299.221,127.17,0.564
2709202,Traipu,AL,Nordeste,24106,23565,1500,31,357715,15180,681.577,34.57,0.532
2709301,União dos Palmares,AL,Nordeste,60860,59280,568,6,1693998,28576,420.376,141.02,0.593
2709400,Viçosa,AL,Nordeste,24414,24092,1480,27,596814,24772,367.888,65.49,0.586
2800100,Amparo do São Francisco,SE,Nordeste,2202,2170,5382,75,49412,22771,35.683,60.81,0.611
2800209,Aquidabã,SE,Nordeste,20556,20131,1708,24,362299,17997,359.543,55.99,0.578
2800308,Aracaju,SE,Nordeste,630932,602757,36,1,22291877,36983,182.163,3308.89,0.77
2800407,Arauá,SE,Nordeste,10464,10318,3030,47,203787,19751,198.967,51.86,0.595
2800506,Areia Branca,SE,Nordeste,18626,18081,1872,27,353834,19569,148.134,122.06,0.579
2800605,Barra dos Coqueiros,SE,Nordeste,45175,41511,757,8,2478982,59719,92.268,449.9,0.649
2800670,Boquim,SE,Nordeste,25007,24636,1418,19,436636,17723,205.443,119.92,0.604
2800704,Brejo Grande,SE,Nordeste,8025,7841,3447,53,122926,15677,141.464,55.43,0.54
2801009,Campo do Brito,SE,Nordeste,18719,18149,1860,26,354386,19526,201.518,90.06,0.621
2801108,Canhoba,SE,Nordeste,3850,3791,4752,68,95135,25095,171.581,22.09,0.569
2801207,Canindé de São Francisco,SE,Nordeste,33641,26834,1040,13,2967957,110604,934.167,28.73,0.567
2801306,Capela,SE,Nordeste,32783,31645,1076,14,595061,18804,442.211,71.56,0.615
2801405,Carira,SE,Nordeste,20314,19939,1733,25,723769,36299,638.743,31.22,0.588
2801504,Carmópolis,SE,Nordeste,14203,13853,2385,37,464417,33525,46.395,298.59,0.643
2801603,Cedro de São João,SE,Nordeste,5474,5391,4147,63,84949,15758,83.711,64.4,0.623
2801702,Cristinápolis,SE,Nordeste,17594,17100,2001,29,589914,34498,228.556,74.82,0.553
2801900,Cumbe,SE,Nordeste,3872,3824,4745,67,82671,21619,128.393,29.78,0.604
2802007,Divina Pastora,SE,Nordeste,4436,4340,4517,65,240797,55483,90.508,47.95,0.61
2802106,Estância,SE,Nordeste,67060,65078,512,6,1473225,22638,647.344,100.53,0.647
2802205,Feira Nova,SE,Nordeste,6358,5975,3872,60,169357,28344,183.273,32.6,0.584
2802304,Frei Paulo,SE,Nordeste,14921,14530,2257,35,551019,37923,399.178,36.4,0.589
2802403,Gararu,SE,Nordeste,11294,11096,2806,44,217566,19608,656.956,16.89,0.564
2802502,General Maynard,SE,Nordeste,3118,3037,5041,73,50397,16594,19.793,153.44,0.645
2802601,Graccho Cardoso,SE,Nordeste,5910,5834,4012,61,139799,23963,242.679,24.04,0.577
2802700,Ilha das Flores,SE,Nordeste,8499,8321,3349,51,118392,14228,52.693,157.91,0.562
2802809,Indiaroba,SE,Nordeste,16991,16549,2074,31,322888,19511,316.316,52.32,0.58
2802908,Itabaiana,SE,Nordeste,109250,103440,306,3,2942686,28448,337.295,306.68,0.642
2803005,Itabaianinha,SE,Nordeste,42230,40678,807,11,865772,21284,501.794,81.07,0.556
2803104,Itabi,SE,Nordeste,4816,4745,4356,64,101138,21315,183.422,25.87,0.602
2803203,Itaporanga d'Ajuda,SE,Nordeste,36074,34411,959,12,562366,16343,739.702,46.52,0.561
2803302,Japaratuba,SE,Nordeste,16451,16209,2115,33,549070,33874,365.677,44.33,0.621
2803401,Japoatã,SE,Nordeste,13723,13407,2487,39,298620,22273,402.353,33.32,0.56
2803500,Lagarto,SE,Nordeste,105957,101579,322,4,2177825,21440,968.921,104.84,0.625
2803609,Laranjeiras,SE,Nordeste,24047,23975,1501,21,638033,26612,162.273,147.74,0.642
2803708,Macambira,SE,Nordeste,7048,6838,3688,58,136318,19935,137.496,49.73,0.583
2803807,Malhada dos Bois,SE,Nordeste,3674,3579,4817,69,67244,18788,63.199,56.63,0.599
2803906,Malhador,SE,Nordeste,11712,11533,2712,42,224467,19463,101.888,113.19,0.587
2804003,Maruim,SE,Nordeste,15956,15719,2151,34,320963,20419,95.554,164.5,0.618
2804102,Moita Bonita,SE,Nordeste,11297,11050,2805,43,280140,25352,95.416,115.81,0.587
2804201,Monte Alegre de Sergipe,SE,Nordeste,14781,14336,2278,36,337201,23521,386.912,37.05,0.553
2804300,Muribeca,SE,Nordeste,8059,7822,3442,52,112544,14388,74.31,105.26,0.626
2804409,Neópolis,SE,Nordeste,16473,16426,2112,32,382705,23299,271.323,60.54,0.589
2804458,Nossa Senhora Aparecida,SE,Nordeste,9534,9232,3172,48,209605,22704,340.772,27.09,0.577
2804508,Nossa Senhora da Glória,SE,Nordeste,43686,41212,781,10,1048320,25437,758.429,54.34,0.587
2804607,Nossa Senhora das Dores,SE,Nordeste,25569,24996,1373,18,540610,21628,482.412,51.81,0.6
2804706,Nossa Senhora de Lourdes,SE,Nordeste,6409,6268,3858,59,115910,18492,83.767,74.83,0.598
2804805,Nossa Senhora do Socorro,SE,Nordeste,204081,192330,157,2,2852077,14829,155.018,1240.69,0.664
2804904,Pacatuba,SE,Nordeste,12690,12502,2597,40,219432,17552,381.428,32.78,0.555
2805000,Pedra Mole,SE,Nordeste,2811,2778,5170,74,74512,26822,82.211,33.79,0.593
2805109,Pedrinhas,SE,Nordeste,7355,7396,3604,57,128570,17384,33.344,221.81,0.592
2805208,Pinhão,SE,Nordeste,5759,5677,4054,62,141417,24911,156.373,36.3,0.583
2805307,Pirambu,SE,Nordeste,8021,7913,3449,54,155336,19630,208.681,37.92,0.603
2805406,Poço Redondo,SE,Nordeste,29238,33439,1216,15,763539,22834,1220.426,27.4,0.529
2805505,Poço Verde,SE,Nordeste,22217,21794,1597,22,388823,17841,441.326,49.38,0.561
2805604,Porto da Folha,SE,Nordeste,27348,26576,1292,16,637808,23999,878.043,30.27,0.568
2805703,Propriá,SE,Nordeste,27213,26618,1295,17,614880,23100,96.32,276.35,0.661
2805802,Riachão do Dantas,SE,Nordeste,18541,18313,1881,28,419339,22898,530.607,34.51,0.539
2805901,Riachuelo,SE,Nordeste,8853,8748,3292,50,240563,27499,78.308,111.71,0.617
2806008,Ribeirópolis,SE,Nordeste,17365,17033,2037,30,372071,21844,259.044,65.75,0.613
2806107,Rosário do Catete,SE,Nordeste,9507,9295,3182,49,391878,42160,102.683,90.52,0.631
2806206,Salgado,SE,Nordeste,20825,20279,1693,23,320943,15826,247.579,81.91,0.609
2806305,Santa Luzia do Itanhy,SE,Nordeste,14003,13616,2441,38,238278,17500,325.258,41.86,0.545
2806404,Santana do São Francisco,SE,Nordeste,7549,7346,3556,56,160615,21864,44.017,166.89,0.59
2806503,Santa Rosa de Lima,SE,Nordeste,4049,3937,4680,66,59186,15033,67.672,58.18,0.592
2806602,Santo Amaro das Brotas,SE,Nordeste,11289,11092,2808,45,227942,20550,236.965,46.81,0.637
2806701,São Cristóvão,SE,Nordeste,101213,95612,336,5,1392938,14569,438.037,218.27,0.662
2806800,São Domingos,SE,Nordeste,10559,10327,2998,46,161345,15624,101.999,101.25,0.588
2806909,São Francisco,SE,Nordeste,3330,3243,4941,72,61511,18967,83.985,38.61,0.587
2807006,São Miguel do Aleixo,SE,Nordeste,3471,3434,4888,70,79123,23041,144.868,23.7,0.567
2807105,Simão Dias,SE,Nordeste,44503,42578,767,9,925387,21734,560.199,76.01,0.604
2807204,Siriri,SE,Nordeste,7981,7834,3454,55,201981,25783,168.343,46.54,0.609
2807303,Telha,SE,Nordeste,3389,3274,4913,71,53467,16331,47.86,68.41,0.604
2807402,Tobias Barreto,SE,Nordeste,52783,50905,651,7,1150010,22591,1024.645,49.68,0.557
2807501,Tomar do Geru,SE,Nordeste,12094,12012,2671,41,208833,17385,304.837,39.4,0.551
2807600,Umbaúba,SE,Nordeste,24618,23917,1458,20,721872,30182,117.514,203.52,0.579
2900108,Abaíra,BA,Nordeste,7407,7301,3591,385,84854,11622,538.677,13.55,0.603
2900207,Abaré,BA,Nordeste,18269,17639,1901,188,224239,12713,1604.923,10.99,0.575
2900306,Acajutiba,BA,Nordeste,14200,13795,2387,259,186446,13515,181.475,76.02,0.582
2900355,Adustina,BA,Nordeste,14510,14201,2315,247,275494,19400,629.099,22.57,0.546
2900405,Água Fria,BA,Nordeste,14833,14497,2266,241,174798,12058,742.775,19.52,0.55
2900504,Érico Cardoso,BA,Nordeste,10947,10604,2877,320,102934,9707,735.249,14.42,0.584
2900603,Aiquara,BA,Nordeste,4583,4447,4440,409,75418,16959,167.877,26.49,0.583
2900702,Alagoinhas,BA,Nordeste,161196,151055,199,12,5705227,37769,707.835,213.4,0.683
2900801,Alcobaça,BA,Nordeste,25601,24530,1372,121,439082,17900,1477.929,16.6,0.608
2900900,Almadina,BA,Nordeste,5296,5218,4192,405,79711,15276,245.236,21.28,0.563
2901007,Amargosa,BA,Nordeste,38585,36521,894,68,608765,16669,431.655,84.61,0.625
2901106,Amélia Rodrigues,BA,Nordeste,24830,24138,1444,133,521349,21599,166.872,144.65,0.666
2901155,América Dourada,BA,Nordeste,15572,15137,2196,233,198616,13121,822.373,18.41,0.561
2901205,Anagé,BA,Nordeste,26745,25438,1317,116,299895,11789,1899.683,13.39,0.54
2901304,Andaraí,BA,Nordeste,13545,13080,2506,280,178408,13640,1590.316,8.22,0.555
2901353,Andorinha,BA,Nordeste,15491,15012,2202,234,252206,16800,1362.386,11.02,0.588
2901403,Angical,BA,Nordeste,14178,13732,2395,260,229298,16698,1530.05,8.97,0.625
2901502,Anguera,BA,Nordeste,11490,11031,2749,302,118552,10747,187.84,58.73,0.589
2901601,Antas,BA,Nordeste,14984,14206,2248,238,197870,13929,319.745,44.43,0.592
2901700,Antônio Cardoso,BA,Nordeste,11498,11146,2747,301,138793,12452,293.53,37.97,0.561
2901809,Antônio Gonçalves,BA,Nordeste,11248,10862,2816,311,108500,9989,345.284,31.46,0.598
2901908,Aporá,BA,Nordeste,16361,15922,2119,217,191758,12044,479.262,33.22,0.548
2901957,Apuarema,BA,Nordeste,7101,6913,3671,389,90729,13124,150.83,45.83,0.552
2902005,Aracatu,BA,Nordeste,14440,13936,2327,249,174004,12486,1489.803,9.35,0.581
2902054,Araçás,BA,Nordeste,11953,11557,2687,297,325622,28175,474.577,24.35,0.57
2902104,Araci,BA,Nordeste,50308,48294,676,45,642812,13310,1496.245,32.28,0.534
2902203,Aramari,BA,Nordeste,10106,9833,3085,345,138749,14111,368.947,26.65,0.588
2902252,Arataca,BA,Nordeste,10433,10191,3045,341,135073,13254,435.962,23.38,0.559
2902302,Aratuípe,BA,Nordeste,8993,8677,3269,364,107370,12374,174.012,49.86,0.575
2902401,Aurelino Leal,BA,Nordeste,11339,11179,2791,309,180021,16103,445.394,25.1,0.568
2902500,Baianópolis,BA,Nordeste,14138,13614,2406,262,362686,26641,3320.723,4.1,0.589
2902609,Baixa Grande,BA,Nordeste,18628,18220,1870,182,226704,12443,967.514,18.83,0.585
2902658,Banzaê,BA,Nordeste,12288,11958,2652,294,152081,12718,409.507,29.2,0.579
2902708,Barra,BA,Nordeste,53642,51092,637,42,558493,10931,11428.112,4.47,0.557
2902807,Barra da Estiva,BA,Nordeste,27743,26026,1279,109,589439,22648,1657.413,15.7,0.575
2902906,Barra do Choça,BA,Nordeste,38581,36539,895,69,540750,14799,765.936,47.71,0.551
2903003,Barra do Mendes,BA,Nordeste,14376,13836,2343,252,143356,10361,1436.298,9.63,0.63
2903102,Barra do Rocha,BA,Nordeste,5898,5775,4015,401,107927,18689,214.411,26.93,0.577
2903201,Barreiras,BA,Nordeste,171634,159734,185,10,9499499,59471,8051.274,19.84,0.721
2903235,Barro Alto,BA,Nordeste,13922,13453,2461,269,137538,10224,414.51,32.46,0.607
2903276,Barrocas,BA,Nordeste,15780,15203,2172,227,289668,19053,207.297,73.34,0.61
2903300,Barro Preto,BA,Nordeste,5936,5833,4007,400,112869,19350,201.585,28.94,0.602
2903409,Belmonte,BA,Nordeste,20527,20121,1710,160,432368,21488,1939.447,10.37,0.598
2903508,Belo Campo,BA,Nordeste,19074,18412,1825,177,217596,11818,772.756,23.83,0.575
2903607,Biritinga,BA,Nordeste,15603,15146,2195,232,234654,15493,553.762,27.35,0.538
2903706,Boa Nova,BA,Nordeste,14008,13690,2439,266,144910,10585,848.857,16.13,0.567
2903805,Boa Vista do Tupim,BA,Nordeste,17262,16873,2047,204,187249,11098,2972.109,5.68,0.551
2903904,Bom Jesus da Lapa,BA,Nordeste,68866,65550,497,31,1554154,23709,4115.51,15.93,0.633
2903953,Bom Jesus da Serra,BA,Nordeste,10018,9730,3101,347,92366,9493,467.909,20.79,0.546
2904001,Boninal,BA,Nordeste,14125,13622,2410,263,146376,10746,896.857,15.19,0.612
2904050,Bonito,BA,Nordeste,16425,15844,2116,216,265009,16726,791.276,20.02,0.561
2904100,Boquira,BA,Nordeste,19782,19322,1767,167,221071,11441,1426.233,13.55,0.603
2904209,Botuporã,BA,Nordeste,11427,11024,2770,308,132225,11994,627.612,17.56,0.575
2904308,Brejões,BA,Nordeste,13224,12943,2537,286,168676,13032,518.566,24.96,0.597
2904407,Brejolândia,BA,Nordeste,9363,9108,3204,357,146903,16129,2247.208,4.05,0.592
2904506,Brotas de Macaúbas,BA,Nordeste,12180,11765,2661,296,141253,12006,2520.817,4.67,0.57
2904605,Brumado,BA,Nordeste,74368,70510,469,29,1931839,27398,2207.612,31.94,0.656
2904704,Buerarema,BA,Nordeste,14950,14804,2253,239,237932,16072,219.487,67.45,0.613
2904753,Buritirama,BA,Nordeste,20221,19589,1738,163,191820,9792,4046.736,4.84,0.565
2904803,Caatiba,BA,Nordeste,6128,6205,3954,396,97532,15718,512.436,12.11,0.561
2904852,Cabaceiras do Paraguaçu,BA,Nordeste,17024,16559,2070,207,186028,11234,222.026,74.58,0.581
2904902,Cachoeira,BA,Nordeste,30498,29250,1170,96,521416,17826,394.894,74.07,0.647
2905008,Caculé,BA,Nordeste,23293,22462,1539,136,429993,19143,610.983,36.76,0.637
2905107,Caém,BA,Nordeste,10733,10384,2933,329,127401,12269,540.908,19.2,0.546
2905156,Caetanos,BA,Nordeste,11432,11266,2767,307,114113,10129,767.146,14.69,0.542
2905206,Caetité,BA,Nordeste,54730,52012,622,41,1216743,23394,2651.536,19.62,0.625
2905305,Cafarnaum,BA,Nordeste,18057,17466,1930,192,277214,15872,643.66,27.14,0.584
2905404,Cairu,BA,Nordeste,18578,17761,1877,183,1442325,81207,448.846,39.57,0.627
2905503,Caldeirão Grande,BA,Nordeste,13597,13080,2500,279,138755,10608,458.311,28.54,0.573
2905602,Camacan,BA,Nordeste,22485,22579,1582,140,470760,20849,584.848,38.61,0.581
2905701,Camaçari,BA,Nordeste,321636,300372,91,4,27418878,91283,785.421,382.43,0.694
2905800,Camamu,BA,Nordeste,31694,30469,1134,93,557662,18303,839.702,36.29,0.565
2905909,Campo Alegre de Lourdes,BA,Nordeste,32500,30671,1091,90,383421,12501,2914.587,10.52,0.557
2906006,Campo Formoso,BA,Nordeste,75112,71377,464,27,1617786,22665,7161.827,9.97,0.586
2906105,Canápolis,BA,Nordeste,10641,10225,2968,334,110069,10765,460.388,22.21,0.565
2906204,Canarana,BA,Nordeste,25007,24206,1419,130,305656,12627,579.726,41.75,0.587
2906303,Canavieiras,BA,Nordeste,34392,32683,1005,84,510979,15634,1334.284,24.49,0.59
2906402,Candeal,BA,Nordeste,7940,7772,3463,377,84961,10932,447.578,17.36,0.587
2906501,Candeias,BA,Nordeste,74854,72382,467,28,5750026,79440,251.808,287.45,0.691
2906600,Candiba,BA,Nordeste,13417,13016,2521,285,170088,13068,433.642,30.02,0.591
2906709,Cândido Sales,BA,Nordeste,26469,25247,1332,117,289057,11449,1169.814,21.58,0.601
2906808,Cansanção,BA,Nordeste,39725,37439,863,66,510493,13635,1351.891,27.69,0.557
2906824,Canudos,BA,Nordeste,16693,16105,2094,211,203667,12646,3565.377,4.52,0.562
2906857,Capela do Alto Alegre,BA,Nordeste,11035,10744,2859,318,164342,15296,629.586,17.07,0.599
2906873,Capim Grosso,BA,Nordeste,35437,33235,974,78,801016,24102,464.776,71.51,0.621
2906899,Caraíbas,BA,Nordeste,10259,9940,3070,344,123402,12415,805.629,12.34,0.555
2906907,Caravelas,BA,Nordeste,21384,20580,1662,152,413319,20084,2377.889,8.65,0.616
2907004,Cardeal da Silva,BA,Nordeste,8633,8365,3329,367,140042,16741,293.456,28.51,0.552
2907103,Carinhanha,BA,Nordeste,30439,28869,1174,97,377035,13060,2525.906,11.43,0.576
2907202,Casa Nova,BA,Nordeste,76131,72086,453,25,1135276,15749,9647.072,7.47,0.57
2907301,Castro Alves,BA,Nordeste,25470,24712,1379,124,431938,17479,713.789,34.62,0.613
2907400,Catolândia,BA,Nordeste,3567,3434,4847,417,93082,27106,702.504,4.89,0.582
2907509,Catu,BA,Nordeste,50109,48148,678,46,928641,19287,426.955,112.77,0.677
2907558,Caturama,BA,Nordeste,9108,8841,3254,361,105134,11892,716.261,12.34,0.571
2907608,Central,BA,Nordeste,16847,16348,2083,210,180701,11053,566.974,28.83,0.596
2907707,Chorrochó,BA,Nordeste,10933,10579,2881,321,137581,13005,3005.319,3.52,0.6
2907806,Cícero Dantas,BA,Nordeste,32292,30907,1097,91,503222,16282,819.969,37.69,0.585
2907905,Cipó,BA,Nordeste,17875,17230,1957,194,214616,12456,168.33,102.36,0.601
2908002,Coaraci,BA,Nordeste,17557,17333,2016,201,256643,14807,274.5,63.14,0.613
2908101,Cocos,BA,Nordeste,19865,19151,1762,166,733217,38286,10140.572,1.89,0.596
2908200,Conceição da Feira,BA,Nordeste,21529,20800,1646,151,430602,20702,164.798,126.22,0.634
2908309,Conceição do Almeida,BA,Nordeste,16134,15794,2140,220,236507,14974,284.836,55.45,0.606
2908408,Conceição do Coité,BA,Nordeste,71601,67825,483,30,1122063,16544,1015.252,66.81,0.611
2908507,Conceição do Jacuípe,BA,Nordeste,37622,35308,919,70,2634469,74614,114.869,307.38,0.663
2908606,Conde,BA,Nordeste,24460,23654,1476,134,365282,15443,931.106,25.4,0.56
2908705,Condeúba,BA,Nordeste,17567,17053,2013,200,203311,11922,1348.039,12.65,0.582
2908804,Contendas do Sincorá,BA,Nordeste,4499,4333,4483,410,63627,14684,977.455,4.43,0.577
2908903,Coração de Maria,BA,Nordeste,28408,26692,1252,107,325844,12208,378.42,70.54,0.592
2909000,Cordeiros,BA,Nordeste,7748,7546,3503,379,79050,10476,523.64,14.41,0.579
2909109,Coribe,BA,Nordeste,14463,13990,2320,248,207786,14852,2662.819,5.25,0.6
2909208,Coronel João Sá,BA,Nordeste,17598,17056,1998,198,258088,15132,797.434,21.39,0.535
2909307,Correntina,BA,Nordeste,34266,32457,1014,85,3806363,117274,11504.314,2.82,0.603
2909406,Cotegipe,BA,Nordeste,13463,13063,2517,283,214457,16417,4282.775,3.05,0.59
2909505,Cravolândia,BA,Nordeste,4491,4415,4490,411,57703,13070,182.585,24.18,0.599
2909604,Crisópolis,BA,Nordeste,20346,19729,1729,162,262120,13286,636.609,30.99,0.543
2909703,Cristópolis,BA,Nordeste,14549,13993,2307,244,218525,15617,1052.837,13.29,0.614
2909802,Cruz das Almas,BA,Nordeste,63326,60348,546,35,1279175,21197,139.117,433.79,0.699
2909901,Curaçá,BA,Nordeste,36127,34180,955,76,499932,14626,5950.614,5.74,0.581
2910008,Dário Meira,BA,Nordeste,11054,10820,2851,316,155287,14352,413.637,26.16,0.54
2910057,Dias d'Ávila,BA,Nordeste,75296,71485,460,26,2377818,33263,183.759,389.01,0.676
2910107,Dom Basílio,BA,Nordeste,12329,11884,2644,293,177243,14914,689.516,17.24,0.591
2910206,Dom Macedo Costa,BA,Nordeste,4608,4407,4433,408,60840,13805,94.778,46.5,0.632
2910305,Elísio Medrado,BA,Nordeste,8069,7808,3437,375,104130,13336,179.329,43.54,0.623
2910404,Encruzilhada,BA,Nordeste,19450,19107,1793,170,254828,13337,1890.133,10.11,0.544
2910503,Entre Rios,BA,Nordeste,39890,38098,858,65,790786,20757,1187.766,32.08,0.615
2910602,Esplanada,BA,Nordeste,34163,32554,1017,86,810980,24912,1299.355,25.05,0.589
2910701,Euclides da Cunha,BA,Nordeste,64768,61456,528,34,959548,15614,2025.368,30.34,0.567
2910727,Eunápolis,BA,Nordeste,121067,113710,269,14,4264493,37503,1425.97,79.74,0.677
2910750,Fátima,BA,Nordeste,18480,17895,1887,186,298891,16702,364.419,49.11,0.559
2910776,Feira da Mata,BA,Nordeste,5831,5631,4031,402,83140,14765,1176.111,4.79,0.588
2910800,Feira de Santana,BA,Nordeste,660806,616272,34,2,21846455,35449,1304.425,472.45,0.712
2910859,Filadélfia,BA,Nordeste,18637,17897,1867,181,201628,11266,579.686,30.87,0.565
2910909,Firmino Alves,BA,Nordeste,4993,4873,4287,406,88592,18180,172.353,28.27,0.578
2911006,Floresta Azul,BA,Nordeste,11455,11059,2759,305,134079,12124,321.013,34.45,0.557
2911105,Formosa do Rio Preto,BA,Nordeste,27567,25899,1284,111,5334933,205990,15634.328,1.66,0.618
2911204,Gandu,BA,Nordeste,34051,32178,1024,87,598643,18604,229.661,140.11,0.632
2911253,Gavião,BA,Nordeste,4489,4360,4494,412,64349,14759,384.592,11.34,0.599
2911303,Gentio do Ouro,BA,Nordeste,11276,10884,2810,310,563487,51772,3817.946,2.85,0.559
2911402,Glória,BA,Nordeste,16107,15524,2142,221,297615,19171,1566.609,9.91,0.593
2911501,Gongogi,BA,Nordeste,5479,5555,4142,403,91564,16483,202.194,27.47,0.576
2911600,Governador Mangabeira,BA,Nordeste,21353,20605,1663,153,284847,13824,106.848,192.84,0.643
2911659,Guajeru,BA,Nordeste,8177,8050,3414,373,86286,10719,872.867,9.22,0.569
2911709,Guanambi,BA,Nordeste,93488,87817,367,19,2028013,23094,1272.366,69.02,0.673
2911808,Guaratinga,BA,Nordeste,19413,19049,1796,171,318837,16738,2189.404,8.7,0.558
2911857,Heliópolis,BA,Nordeste,13055,12309,2563,287,170531,13854,313.438,39.27,0.563
2911907,Iaçu,BA,Nordeste,25315,24607,1391,126,309737,12587,2342.497,10.5,0.574
2912004,Ibiassucê,BA,Nordeste,10746,10429,2930,327,121230,11624,483.274,21.58,0.611
2912103,Ibicaraí,BA,Nordeste,22131,21665,1604,144,265632,12261,230.953,93.81,0.625
2912202,Ibicoara,BA,Nordeste,21827,20785,1621,145,517754,24910,817.355,25.43,0.591
2912301,Ibicuí,BA,Nordeste,14264,13934,2377,257,224503,16112,1139.378,12.23,0.584
2912400,Ibipeba,BA,Nordeste,17134,16603,2063,206,201181,12117,1382.008,12.01,0.616
2912509,Ibipitanga,BA,Nordeste,14317,13863,2359,254,155050,11184,954.373,14.53,0.584
2912608,Ibiquera,BA,Nordeste,3833,3725,4757,415,48874,13121,698.245,5.33,0.511
2912707,Ibirapitanga,BA,Nordeste,26917,25344,1310,115,385351,15205,472.664,53.62,0.558
2912806,Ibirapuã,BA,Nordeste,9297,8896,3219,359,486182,54652,771.098,11.54,0.614
2912905,Ibirataia,BA,Nordeste,19377,18792,1801,172,274185,14591,318.129,59.07,0.576
2913002,Ibitiara,BA,Nordeste,15049,14637,2240,237,145140,9916,1834.002,7.98,0.585
2913101,Ibititá,BA,Nordeste,17517,16969,2021,202,181670,10706,573.033,29.61,0.602
2913200,Ibotirama,BA,Nordeste,27723,26309,1280,110,544229,20686,1740.113,15.12,0.636
2913309,Ichu,BA,Nordeste,6428,6190,3845,392,72148,11656,138.016,44.85,0.631
2913408,Igaporã,BA,Nordeste,16069,15527,2145,222,237186,15276,836.586,18.56,0.614
2913457,Igrapiúna,BA,Nordeste,13501,13151,2508,281,248015,18859,591.312,22.24,0.574
2913507,Iguaí,BA,Nordeste,21763,21491,1629,149,282578,13149,860.223,24.98,0.552
2913606,Ilhéus,BA,Nordeste,189149,178649,166,8,7234381,40495,1588.555,112.46,0.69
2913705,Inhambupe,BA,Nordeste,35390,33790,975,79,728057,21547,1082.283,31.22,0.565
2913804,Ipecaetá,BA,Nordeste,14016,13709,2436,265,141404,10315,372.565,36.8,0.55
2913903,Ipiaú,BA,Nordeste,42429,40706,806,57,714938,17563,280.454,145.14,0.67
2914000,Ipirá,BA,Nordeste,59222,56876,580,37,799164,14051,3105.281,18.32,0.549
2914109,Ipupiara,BA,Nordeste,10349,9935,3053,342,138064,13897,1055.76,9.41,0.59
2914208,Irajuba,BA,Nordeste,6232,6101,3917,394,81310,13327,459.047,13.29,0.576
2914307,Iramaia,BA,Nordeste,11038,10752,2857,317,128688,11969,1708.115,6.29,0.571
2914406,Iraquara,BA,Nordeste,24833,23879,1443,132,695113,29110,991.822,24.08,0.599
2914505,Irará,BA,Nordeste,29572,28043,1203,101,385665,13753,267.88,104.68,0.62
2914604,Irecê,BA,Nordeste,78781,74507,433,23,1963173,26349,319.174,233.44,0.691
2914653,Itabela,BA,Nordeste,29588,28165,1202,100,669663,23776,924.914,30.45,0.599
2914703,Itaberaba,BA,Nordeste,68425,65073,503,33,1267187,19473,2386.39,27.27,0.62
2914802,Itabuna,BA,Nordeste,196344,186708,162,7,5152367,27596,401.028,465.57,0.712
2914901,Itacaré,BA,Nordeste,29496,27704,1204,102,563115,20326,726.265,38.15,0.583
2915007,Itaeté,BA,Nordeste,13775,13472,2482,275,151142,11219,1331.822,10.12,0.572
2915106,Itagi,BA,Nordeste,14347,13803,2349,253,162850,11798,310.621,44.44,0.543
2915205,Itagibá,BA,Nordeste,15796,15310,2169,226,746823,48780,810.993,18.88,0.589
2915304,Itagimirim,BA,Nordeste,6490,6347,3824,391,153619,24203,876.8,7.24,0.634
2915353,Itaguaçu da Bahia,BA,Nordeste,12669,12311,2598,290,173901,14126,4310.238,2.86,0.562
2915403,Itaju do Colônia,BA,Nordeste,6118,6037,3959,397,110197,18254,1225.287,4.93,0.592
2915502,Itajuípe,BA,Nordeste,19191,18781,1811,175,382795,20382,270.752,69.37,0.599
2915601,Itamaraju,BA,Nordeste,61999,59605,560,36,1395506,23413,2360.584,25.25,0.627
2915700,Itamari,BA,Nordeste,7187,7051,3646,388,118906,16864,143.479,49.14,0.578
2915809,Itambé,BA,Nordeste,25088,24394,1411,129,403898,16557,1534.575,15.9,0.578
2915908,Itanagra,BA,Nordeste,6078,5914,3971,398,110577,18697,533.634,11.08,0.584
2916005,Itanhém,BA,Nordeste,18203,17813,1911,190,341096,19149,1394.174,12.78,0.637
2916104,Itaparica,BA,Nordeste,20353,19789,1727,161,298514,15085,121.373,163.04,0.67
2916203,Itapé,BA,Nordeste,10649,10341,2964,333,135712,13124,453.144,22.82,0.599
2916302,Itapebi,BA,Nordeste,9464,9174,3187,356,329116,35875,1013.074,9.06,0.572
2916401,Itapetinga,BA,Nordeste,68724,65897,499,32,1938472,29417,1651.158,39.91,0.667
2916500,Itapicuru,BA,Nordeste,33284,31679,1054,89,534863,16884,1557.685,20.34,0.486
2916609,Itapitanga,BA,Nordeste,10640,10279,2969,335,124199,12083,420.663,24.44,0.571
2916708,Itaquara,BA,Nordeste,8464,8153,3355,368,105758,12972,344.093,23.69,0.553
2916807,Itarantim,BA,Nordeste,17485,17052,2026,203,375540,22023,1674.029,10.19,0.61
2916856,Itatim,BA,Nordeste,16454,15737,2113,215,513401,32624,547.51,28.74,0.582
2916906,Itiruçu,BA,Nordeste,11211,10999,2826,312,152011,13820,322.243,34.13,0.6
2917003,Itiúba,BA,Nordeste,35490,33872,972,77,429678,12685,1650.593,20.52,0.544
2917102,Itororó,BA,Nordeste,16849,16617,2082,209,281112,16917,313.839,52.95,0.594
2917201,Ituaçu,BA,Nordeste,18506,17914,1884,185,341991,19091,1199.374,14.94,0.57
2917300,Ituberá,BA,Nordeste,22154,21902,1602,143,420873,19216,415.428,52.72,0.606
2917334,Iuiu,BA,Nordeste,11559,11118,2737,300,179353,16132,1525.142,7.29,0.591
2917359,Jaborandi,BA,Nordeste,9600,9275,3161,351,1527845,164727,9955.113,0.93,0.613
2917409,Jacaraci,BA,Nordeste,14910,14436,2259,240,150696,10439,1332.42,10.83,0.593
2917508,Jacobina,BA,Nordeste,86896,82590,392,21,2030142,24581,2192.905,37.66,0.649
2917607,Jaguaquara,BA,Nordeste,47624,45964,716,49,807069,17559,924.512,49.72,0.58
2917706,Jaguarari,BA,Nordeste,34528,32703,1000,83,805704,24637,2466.009,13.26,0.659
2917805,Jaguaripe,BA,Nordeste,18349,17659,1891,187,261121,14787,863.424,20.45,0.556
2917904,Jandaíra,BA,Nordeste,9508,9285,3181,354,217807,23458,640.772,14.49,0.55
2918001,Jequié,BA,Nordeste,169201,158813,188,11,3882707,24448,2969.039,53.49,0.665
2918100,Jeremoabo,BA,Nordeste,39539,37626,869,67,623856,16580,4267.488,8.82,0.547
2918209,Jiquiriçá,BA,Nordeste,14063,13629,2425,264,195943,14377,238.66,57.11,0.553
2918308,Jitaúna,BA,Nordeste,14824,14355,2271,242,253023,17626,262.05,54.78,0.575
2918357,João Dourado,BA,Nordeste,25892,24854,1361,119,347835,13995,913.258,27.21,0.593
2918407,Juazeiro,BA,Nordeste,256122,237821,121,5,6159604,25900,6721.237,35.38,0.677
2918456,Jucuruçu,BA,Nordeste,9930,9655,3112,348,152424,15787,1457.656,6.62,0.541
2918506,Jussara,BA,Nordeste,17007,16354,2071,208,151838,9284,1355.173,12.07,0.571
2918555,Jussari,BA,Nordeste,6048,5888,3976,399,90404,15354,329.19,17.89,0.567
2918605,Jussiape,BA,Nordeste,7567,7379,3551,382,87228,11821,589.763,12.51,0.602
2918704,Lafaiete Coutinho,BA,Nordeste,4228,4075,4607,413,70953,17412,498.11,8.18,0.599
2918753,Lagoa Real,BA,Nordeste,14550,14105,2306,243,147332,10445,912.222,15.46,0.545
2918803,Laje,BA,Nordeste,21705,21052,1633,150,344541,16366,449.834,46.8,0.586
2918902,Lajedão,BA,Nordeste,3994,3845,4708,414,132126,34363,624.353,6.16,0.632
2919009,Lajedinho,BA,Nordeste,3610,3527,4834,416,66280,18792,846.728,4.17,0.546
2919058,Lajedo do Tabocal,BA,Nordeste,7683,7494,3516,380,102350,13658,382.937,19.57,0.584
2919108,Lamarão,BA,Nordeste,9303,9015,3217,358,83252,9235,189.257,47.63,0.518
2919157,Lapão,BA,Nordeste,27014,25736,1306,114,381812,14836,642.882,40.03,0.596
2919207,Lauro de Freitas,BA,Nordeste,219564,203331,148,6,8918480,43862,57.942,3509.22,0.754
2919306,Lençóis,BA,Nordeste,11194,10774,2830,313,210370,19526,1283.328,8.4,0.623
2919405,Licínio de Almeida,BA,Nordeste,12202,11834,2660,295,165212,13961,856.626,13.81,0.621
2919504,Livramento de Nossa Senhora,BA,Nordeste,46376,43903,737,51,705491,16069,1952.51,22.49,0.611
2919553,Luís Eduardo Magalhães,BA,Nordeste,118382,107909,281,17,11559024,107118,4036.094,26.74,0.716
2919603,Macajuba,BA,Nordeste,10740,10454,2931,328,108592,10388,701.171,14.91,0.524
2919702,Macarani,BA,Nordeste,22768,21599,1562,139,269681,12486,1210.106,17.85,0.605
2919801,Macaúbas,BA,Nordeste,43653,41859,783,54,549586,13129,2459.102,17.02,0.609
2919900,Macururé,BA,Nordeste,7435,7256,3584,384,80972,11159,2545.856,2.85,0.604
2919926,Madre de Deus,BA,Nordeste,19224,18504,1806,174,710438,38394,32.201,574.64,0.708
2919959,Maetinga,BA,Nordeste,7218,6973,3640,387,81860,11740,614.834,11.34,0.538
2920007,Maiquinique,BA,Nordeste,9009,8731,3268,363,210896,24155,588.297,14.84,0.576
2920106,Mairi,BA,Nordeste,18130,17674,1921,191,211982,11994,906.68,19.49,0.572
2920205,Malhada,BA,Nordeste,15814,15398,2166,225,238293,15476,1979.193,7.78,0.562
2920304,Malhada de Pedras,BA,Nordeste,8982,8670,3272,365,111365,12845,550.55,15.75,0.578
2920403,Manoel Vitorino,BA,Nordeste,14287,13860,2370,256,165432,11936,2201.764,6.29,0.566
2920452,Mansidão,BA,Nordeste,14542,13919,2310,245,117787,8462,3129.588,4.45,0.599
2920502,Maracás,BA,Nordeste,29330,27620,1211,104,692349,25067,2413.27,11.45,0.607
2920601,Maragogipe,BA,Nordeste,37041,35859,934,73,479212,13364,437.61,81.94,0.621
2920700,Maraú,BA,Nordeste,25804,24527,1365,120,434712,17724,848.885,28.89,0.593
2920809,Marcionílio Souza,BA,Nordeste,9475,9267,3186,355,119538,12899,1099.283,8.43,0.561
2920908,Mascote,BA,Nordeste,13918,13544,2465,270,193317,14273,742.689,18.24,0.581
2921005,Mata de São João,BA,Nordeste,44962,42566,759,53,1734857,40757,605.168,70.34,0.668
2921054,Matina,BA,Nordeste,10611,10330,2982,338,123261,11932,773.278,13.36,0.572
2921104,Medeiros Neto,BA,Nordeste,22801,22194,1559,138,505592,22781,1311.739,16.92,0.625
2921203,Miguel Calmon,BA,Nordeste,25263,24661,1398,127,340200,13795,1599.672,15.42,0.586
2921302,Milagres,BA,Nordeste,11436,11071,2764,306,181064,16355,420.358,26.34,0.622
2921401,Mirangaba,BA,Nordeste,16167,15734,2139,219,167191,10626,1751.778,8.98,0.542
2921450,Mirante,BA,Nordeste,10526,10187,3009,340,102822,10093,1172.86,8.69,0.527
2921500,Monte Santo,BA,Nordeste,49807,47780,684,47,590805,12365,3034.197,15.75,0.506
2921609,Morpará,BA,Nordeste,8220,7996,3409,372,102667,12840,2093.872,3.82,0.558
2921708,Morro do Chapéu,BA,Nordeste,35235,33594,983,80,1565321,46595,5744.969,5.85,0.588
2921807,Mortugaba,BA,Nordeste,11477,11143,2755,304,132840,11921,528.214,21.1,0.618
2921906,Mucugê,BA,Nordeste,12712,12137,2594,289,599591,49402,2462.153,4.93,0.606
2922003,Mucuri,BA,Nordeste,40114,37977,853,63,3127407,82350,1787.626,21.24,0.665
2922052,Mulungu do Morro,BA,Nordeste,13648,13152,2495,277,283456,21552,646.621,20.34,0.566
2922102,Mundo Novo,BA,Nordeste,17197,17305,2054,205,219477,12683,1491.99,11.6,0.59
2922201,Muniz Ferreira,BA,Nordeste,7453,7190,3578,383,86329,12007,104.54,68.78,0.617
2922250,Muquém do São Francisco,BA,Nordeste,10803,10443,2916,325,266937,25561,3852.111,2.71,0.549
2922300,Muritiba,BA,Nordeste,30180,28707,1181,98,375977,13097,86.311,332.6,0.66
2922409,Mutuípe,BA,Nordeste,20590,20037,1706,159,511682,25537,275.854,72.64,0.601
2922508,Nazaré,BA,Nordeste,28427,27060,1248,106,463721,17137,278.629,97.12,0.641
2922607,Nilo Peçanha,BA,Nordeste,12399,12063,2630,291,201028,16665,388.936,31.02,0.547
2922656,Nordestina,BA,Nordeste,19711,18523,1771,168,184562,9964,465.407,39.8,0.56
2922706,Nova Canaã,BA,Nordeste,13970,13715,2449,268,227966,16622,804.617,17.05,0.545
2922730,Nova Fátima,BA,Nordeste,8283,7967,3388,370,121799,15288,346.784,22.97,0.597
2922755,Nova Ibiá,BA,Nordeste,6696,6501,3767,390,127888,19672,203.198,31.99,0.57
2922805,Nova Itarana,BA,Nordeste,8073,7780,3435,374,89840,11548,475.381,16.37,0.524
2922854,Nova Redenção,BA,Nordeste,7670,7538,3517,381,93115,12353,565.356,13.33,0.567
2922904,Nova Soure,BA,Nordeste,24865,24236,1437,131,341842,14105,966.993,25.06,0.555
2923001,Nova Viçosa,BA,Nordeste,41629,39509,823,59,699744,17711,1316.379,30.01,0.654
2923035,Novo Horizonte,BA,Nordeste,11586,11162,2732,299,137372,12307,627.5,17.79,0.597
2923050,Novo Triunfo,BA,Nordeste,11060,10660,2849,315,130774,12268,278.487,38.28,0.554
2923100,Olindina,BA,Nordeste,22956,22633,1553,137,296049,13080,637.317,35.51,0.559
2923209,Oliveira dos Brejinhos,BA,Nordeste,21323,20715,1665,154,420124,20281,3313.418,6.25,0.554
2923308,Ouriçangas,BA,Nordeste,7925,7716,3465,378,110003,14256,156.982,49.15,0.607
2923357,Ourolândia,BA,Nordeste,20141,19243,1745,164,318032,16527,1544.988,12.46,0.56
2923407,Palmas de Monte Alto,BA,Nordeste,20666,20078,1703,158,291639,14525,2560.027,7.84,0.586
2923506,Palmeiras,BA,Nordeste,10894,10339,2888,322,153919,14887,737.454,14.02,0.643
2923605,Paramirim,BA,Nordeste,21025,20351,1683,155,310453,15255,1087.06,18.72,0.615
2923704,Paratinga,BA,Nordeste,30680,29252,1160,95,327813,11207,2624.998,11.14,0.59
2923803,Paripiranga,BA,Nordeste,27860,26604,1274,108,559999,21049,442.186,60.16,0.577
2923902,Pau Brasil,BA,Nordeste,9537,9370,3171,353,135359,14446,626.306,14.96,0.583
2924009,Paulo Afonso,BA,Nordeste,119418,112870,275,16,4258891,37733,1544.388,73.08,0.674
2924058,Pé de Serra,BA,Nordeste,13677,13243,2492,276,166031,12537,596.771,22.19,0.587
2924108,Pedrão,BA,Nordeste,6403,6235,3860,393,68924,11054,158.488,39.34,0.588
2924207,Pedro Alexandre,BA,Nordeste,14226,13954,2382,258,178830,12816,889.572,15.69,0.513
2924306,Piatã,BA,Nordeste,20938,20086,1689,156,220692,10987,1825.857,11,0.571
2924405,Pilão Arcado,BA,Nordeste,37388,35357,923,72,367179,10385,11597.923,3.05,0.506
2924504,Pindaí,BA,Nordeste,15125,14731,2233,236,285213,19361,628.468,23.44,0.603
2924603,Pindobaçu,BA,Nordeste,19601,19083,1781,169,215103,11272,495.845,38.49,0.577
2924652,Pintadas,BA,Nordeste,10654,10325,2960,331,132345,12818,647.144,15.95,0.612
2924678,Piraí do Norte,BA,Nordeste,11481,10974,2752,303,157001,14307,193.427,56.73,0.533
2924702,Piripá,BA,Nordeste,9143,9152,3247,360,92317,10087,511.756,17.88,0.575
2924801,Piritiba,BA,Nordeste,17697,17566,1985,197,218911,12462,980.328,17.92,0.578
2924900,Planaltino,BA,Nordeste,8239,8022,3400,371,88316,11009,955.454,8.4,0.572
2925006,Planalto,BA,Nordeste,24026,23334,1503,135,324874,13923,769,30.34,0.56
2925105,Poções,BA,Nordeste,50773,48293,670,44,681871,14119,937.855,51.49,0.604
2925204,Pojuca,BA,Nordeste,33573,32136,1041,88,3036559,94491,314.932,102.04,0.666
2925253,Ponto Novo,BA,Nordeste,18763,17938,1853,178,246410,13737,530.144,33.84,0.58
2925303,Porto Seguro,BA,Nordeste,182630,168326,172,9,5009894,29763,2285.734,73.64,0.676
2925402,Potiraguá,BA,Nordeste,10651,10274,2963,332,151243,14721,1111.567,9.24,0.625
2925501,Prado,BA,Nordeste,37533,35003,920,71,776982,22198,1692.1,20.69,0.621
2925600,Presidente Dutra,BA,Nordeste,15677,15130,2185,230,167733,11086,232.064,65.2,0.614
2925709,Presidente Jânio Quadros,BA,Nordeste,12963,12621,2569,288,122014,9668,1208.549,10.44,0.542
2925758,Presidente Tancredo Neves,BA,Nordeste,29489,27734,1205,103,417933,15069,441.82,62.77,0.559
2925808,Queimadas,BA,Nordeste,27429,25988,1287,112,321603,12375,2011.06,12.92,0.592
2925907,Quijingue,BA,Nordeste,26443,25272,1334,118,277904,10997,1380.798,18.3,0.544
2925931,Quixabeira,BA,Nordeste,9839,9461,3128,350,117642,12434,366.387,25.82,0.578
2925956,Rafael Jambeiro,BA,Nordeste,20081,19662,1749,165,422266,21476,1090.552,18.03,0.564
2926004,Remanso,BA,Nordeste,42855,40586,797,56,573383,14128,4573.505,8.87,0.579
2926103,Retirolândia,BA,Nordeste,14174,13651,2397,261,175548,12860,242.329,56.33,0.636
2926202,Riachão das Neves,BA,Nordeste,22329,21642,1591,141,1896806,87645,5977.931,3.62,0.578
2926301,Riachão do Jacuípe,BA,Nordeste,35188,33386,984,81,565913,16951,1155.418,28.9,0.628
2926400,Riacho de Santana,BA,Nordeste,32060,30711,1114,92,406700,13243,3183.911,9.65,0.615
2926509,Ribeira do Amparo,BA,Nordeste,14528,13841,2312,246,199747,14432,644.229,21.48,0.512
2926608,Ribeira do Pombal,BA,Nordeste,56316,54010,609,39,918880,17013,1252.144,43.13,0.601
2926657,Ribeirão do Largo,BA,Nordeste,10029,9740,3099,346,134074,13765,1363.7,7.14,0.54
2926707,Rio de Contas,BA,Nordeste,13634,13184,2496,278,198436,15051,1115.252,11.82,0.605
2926806,Rio do Antônio,BA,Nordeste,13495,13146,2510,282,143762,10936,777.903,16.9,0.576
2926905,Rio do Pires,BA,Nordeste,10781,10497,2923,326,119203,11356,656.223,16,0.594
2927002,Rio Real,BA,Nordeste,36966,35362,940,74,1275892,36081,739.775,47.8,0.572
2927101,Rodelas,BA,Nordeste,10884,10308,2892,323,162518,15766,2207.159,4.67,0.632
2927200,Ruy Barbosa,BA,Nordeste,29590,28282,1201,99,537946,19021,1991.772,14.2,0.61
2927309,Salinas da Margarida,BA,Nordeste,15629,14987,2193,231,250081,16687,150.569,99.54,0.617
2927408,Salvador,BA,Nordeste,2564204,2417678,5,1,76698777,31724,693.442,3486.49,0.759
2927507,Santa Bárbara,BA,Nordeste,21787,20952,1624,147,229692,10963,347.021,60.38,0.583
2927606,Santa Brígida,BA,Nordeste,15417,14965,2208,235,161580,10797,934.461,16.01,0.546
2927705,Santa Cruz Cabrália,BA,Nordeste,31007,29185,1151,94,649502,22255,1462.942,19.95,0.654
2927804,Santa Cruz da Vitória,BA,Nordeste,4663,4681,4419,407,77737,16607,284.083,16.48,0.61
2927903,Santa Inês,BA,Nordeste,10625,10300,2975,336,113748,11043,379.27,27.16,0.574
2928000,Santaluz,BA,Nordeste,40066,37834,854,64,678133,17924,1623.445,23.3,0.598
2928059,Santa Luzia,BA,Nordeste,14392,13896,2339,251,165145,11884,824.473,16.85,0.556
2928109,Santa Maria da Vitória,BA,Nordeste,40474,38604,842,61,696761,18049,1984.91,19.45,0.614
2928208,Santana,BA,Nordeste,25521,24755,1376,123,426643,17235,1909.353,12.97,0.608
2928307,Santanópolis,BA,Nordeste,9035,8716,3263,362,84482,9693,222.686,39.14,0.592
2928406,Santa Rita de Cássia,BA,Nordeste,28890,27390,1228,105,389400,14217,6030.491,4.54,0.605
2928505,Santa Terezinha,BA,Nordeste,10882,10441,2894,324,165369,15838,719.257,14.52,0.587
2928604,Santo Amaro,BA,Nordeste,58398,56012,588,38,1375771,24562,494.502,113.27,0.646
2928703,Santo Antônio de Jesus,BA,Nordeste,109791,103055,303,18,3028414,29386,261.74,393.73,0.7
2928802,Santo Estêvão,BA,Nordeste,55146,52276,618,40,1295366,24779,360.334,145.08,0.626
2928901,São Desidério,BA,Nordeste,34982,32828,989,82,8525862,259713,15156.712,2.17,0.579
2928950,São Domingos,BA,Nordeste,8690,8426,3317,366,109020,12939,289.963,29.06,0.64
2929008,São Félix,BA,Nordeste,11102,11026,2841,314,198066,17964,103.226,106.81,0.639
2929057,São Félix do Coribe,BA,Nordeste,15780,15194,2173,228,276484,18197,1751.671,8.67,0.639
2929107,São Felipe,BA,Nordeste,20923,20283,1690,157,282891,13947,222.407,91.2,0.616
2929206,São Francisco do Conde,BA,Nordeste,41110,38733,831,60,26505737,684319,269.715,143.61,0.674
2929255,São Gabriel,BA,Nordeste,19229,18600,1805,173,193553,10406,1146.054,16.23,0.592
2929305,São Gonçalo dos Campos,BA,Nordeste,42171,39513,809,58,1673386,42350,294.768,134.05,0.627
2929354,São José da Vitória,BA,Nordeste,5432,5315,4156,404,71407,13435,127.925,41.55,0.546
2929370,São José do Jacuípe,BA,Nordeste,10576,10187,2992,339,154211,15138,362.365,28.11,0.552
2929404,São Miguel das Matas,BA,Nordeste,10615,10334,2979,337,207568,20086,230.906,44.75,0.593
2929503,São Sebastião do Passé,BA,Nordeste,42944,40958,794,55,957089,23368,536.678,76.32,0.657
2929602,Sapeaçu,BA,Nordeste,18656,17963,1865,180,343805,19140,131.218,136.89,0.614
2929701,Sátiro Dias,BA,Nordeste,16476,16008,2111,214,352993,22051,949.223,16.86,0.527
2929750,Saubara,BA,Nordeste,11859,11438,2700,298,179572,15700,166.428,68.73,0.617
2929800,Saúde,BA,Nordeste,10661,10478,2955,330,120918,11540,509.098,20.58,0.549
2929909,Seabra,BA,Nordeste,48721,46160,701,48,861825,18670,2402.17,19.22,0.635
2930006,Sebastião Laranjeiras,BA,Nordeste,9581,9360,3164,352,123933,13241,1984.511,4.72,0.615
2930105,Senhor do Bonfim,BA,Nordeste,78090,74523,438,24,1260522,16915,789.361,94.41,0.666
2930154,Serra do Ramalho,BA,Nordeste,36252,34222,952,75,521086,15227,2340.684,14.62,0.595
2930204,Sento Sé,BA,Nordeste,40232,38154,849,62,1566194,41049,11980.172,3.18,0.585
2930303,Serra Dourada,BA,Nordeste,17574,17066,2011,199,261412,15318,1592.245,10.72,0.608
2930402,Serra Preta,BA,Nordeste,18754,17996,1855,179,175258,9739,595.297,30.23,0.566
2930501,Serrinha,BA,Nordeste,84690,80435,400,22,1420689,17663,583.314,137.89,0.634
2930600,Serrolândia,BA,Nordeste,13863,13335,2471,273,153750,11530,322.022,41.41,0.59
2930709,Simões Filho,BA,Nordeste,120419,114559,272,15,8508321,74270,201.528,568.45,0.675
2930758,Sítio do Mato,BA,Nordeste,13982,13408,2447,267,154008,11486,1627.806,8.24,0.564
2930766,Sítio do Quinto,BA,Nordeste,14435,14773,2331,250,168209,11386,684.089,21.6,0.533
2930774,Sobradinho,BA,Nordeste,27097,25475,1303,113,908544,35664,1355.972,18.79,0.631
2930808,Souto Soares,BA,Nordeste,17724,17054,1982,196,177203,10391,1026.634,16.61,0.592
2930907,Tabocas do Brejo Velho,BA,Nordeste,12368,11979,2634,292,341963,28547,1437.189,8.34,0.584
2931004,Tanhaçu,BA,Nordeste,21787,21006,1625,148,315577,15023,1277.514,16.44,0.577
2931053,Tanque Novo,BA,Nordeste,17812,17158,1968,195,297435,17335,729.516,23.52,0.599
2931103,Tanquinho,BA,Nordeste,7991,7717,3452,376,83841,10864,243.839,31.65,0.597
2931202,Taperoá,BA,Nordeste,18556,18044,1879,184,254682,14114,454.081,39.74,0.566
2931301,Tapiramutá,BA,Nordeste,16226,15818,2130,218,174265,11017,714.691,22.13,0.594
2931350,Teixeira de Freitas,BA,Nordeste,153738,145216,206,13,3670771,25278,1165.622,124.58,0.685
2931400,Teodoro Sampaio,BA,Nordeste,7280,7110,3622,386,123381,17353,244.613,29.07,0.594
2931509,Teofilândia,BA,Nordeste,21825,21176,1622,146,238098,11244,351.892,60.18,0.566
2931608,Teolândia,BA,Nordeste,15978,15332,2150,223,279612,18237,289.782,52.91,0.555
2931707,Terra Nova,BA,Nordeste,10976,10798,2869,319,164871,15269,193.241,55.88,0.578
2931806,Tremedal,BA,Nordeste,16646,16296,2096,212,172959,10614,2010.316,8.11,0.528
2931905,Tucano,BA,Nordeste,51016,48736,665,43,823511,16897,2198.237,22.17,0.579
2932002,Uauá,BA,Nordeste,25449,24665,1382,125,318312,12905,3060.116,8.06,0.605
2932101,Ubaíra,BA,Nordeste,19142,18626,1818,176,305087,16380,659.08,28.26,0.582
2932200,Ubaitaba,BA,Nordeste,17878,17596,1955,193,316059,17962,181.102,97.16,0.611
2932309,Ubatã,BA,Nordeste,15839,16094,2163,224,264213,16417,177.643,90.6,0.593
2932408,Uibaí,BA,Nordeste,13886,13432,2468,271,177265,13197,545.298,24.63,0.617
2932457,Umburanas,BA,Nordeste,13785,13642,2479,274,238955,17516,1775.633,7.68,0.515
2932507,Una,BA,Nordeste,18254,18131,1904,189,453711,25024,1126.733,16.09,0.56
2932606,Urandi,BA,Nordeste,15776,15355,2174,229,232370,15133,902.402,17.02,0.598
2932705,Uruçuca,BA,Nordeste,22155,21420,1601,142,384146,17934,510.098,41.99,0.616
2932804,Utinga,BA,Nordeste,16645,16277,2097,213,297919,18303,633.76,25.68,0.59
2932903,Valença,BA,Nordeste,90053,85655,379,20,2194454,25620,1123.975,76.21,0.623
2933000,Valente,BA,Nordeste,25132,24362,1404,128,350571,14390,394.877,61.7,0.637
2933059,Várzea da Roça,BA,Nordeste,14294,13800,2367,255,152110,11022,468.407,29.46,0.539
2933109,Várzea do Poço,BA,Nordeste,8334,8101,3380,369,154661,19092,206.478,39.23,0.575
2933158,Várzea Nova,BA,Nordeste,13866,13377,2470,272,573060,42839,1225.892,10.91,0.555
2933174,Varzedo,BA,Nordeste,10328,9913,3057,343,172935,17445,221.399,44.77,0.586
2933208,Vera Cruz,BA,Nordeste,45191,42529,756,52,709330,16679,297.537,142.94,0.645
2933257,Vereda,BA,Nordeste,6157,6003,3942,395,116334,19379,782.159,7.67,0.577
2933307,Vitória da Conquista,BA,Nordeste,396613,370879,67,3,12666571,34153,3254.186,113.97,0.678
2933406,Wagner,BA,Nordeste,9866,9503,3125,349,115311,12134,522.37,18.19,0.587
2933455,Wanderley,BA,Nordeste,13460,12968,2518,284,230492,17774,2920.579,4.44,0.6
2933505,Wenceslau Guimarães,BA,Nordeste,25535,24474,1375,122,424520,17346,655.057,37.36,0.544
2933604,Xique-Xique,BA,Nordeste,47019,44757,728,50,780080,17429,5079.662,8.81,0.585
3100104,Abadia dos Dourados,MG,Sudeste,6345,6272,3878,521,190397,30357,880.461,7.12,0.689
3100203,Abaeté,MG,Sudeste,23173,22675,1543,161,641971,28312,1817.067,12.48,0.698
3100302,Abre Campo,MG,Sudeste,14354,13927,2348,260,331512,23804,470.551,29.6,0.654
3100401,Acaiaca,MG,Sudeste,3998,3909,4703,701,85066,21762,101.886,38.37,0.63
3100500,Açucena,MG,Sudeste,8926,8943,3284,401,172094,19243,815.422,10.97,0.61
3100609,Água Boa,MG,Sudeste,12391,12589,2631,302,235422,18701,1320.344,9.53,0.576
3100708,Água Comprida,MG,Sudeste,2171,2108,5396,831,330940,156992,492.167,4.28,0.675
3100807,Aguanil,MG,Sudeste,4509,4357,4473,654,111494,25590,232.091,18.77,0.663
3100906,Águas Formosas,MG,Sudeste,18850,18448,1842,199,362826,19667,820.079,22.5,0.645
3101003,Águas Vermelhas,MG,Sudeste,14567,14037,2303,251,278390,19833,1256.607,11.17,0.601
3101102,Aimorés,MG,Sudeste,26212,25269,1343,139,793376,31397,1348.913,18.73,0.684
3101201,Aiuruoca,MG,Sudeste,6389,6233,3865,517,154422,24775,649.68,9.59,0.668
3101300,Alagoa,MG,Sudeste,2820,2749,5162,799,63840,23223,161.356,17.04,0.649
3101409,Albertina,MG,Sudeste,3027,2952,5081,783,90906,30795,58.01,50.89,0.673
3101508,Além Paraíba,MG,Sudeste,31159,30717,1146,118,1045759,34045,510.25,60.2,0.726
3101607,Alfenas,MG,Sudeste,82303,78970,414,48,3669899,46472,850.446,92.86,0.761
3101631,Alfredo Vasconcelos,MG,Sudeste,7236,6931,3633,471,176964,25532,130.815,52.98,0.675
3101706,Almenara,MG,Sudeste,42019,40364,813,85,813917,20164,2294.426,17.59,0.642
3101805,Alpercata,MG,Sudeste,7019,6903,3695,481,112973,16366,166.972,41.34,0.646
3101904,Alpinópolis,MG,Sudeste,18673,18300,1864,202,618618,33804,460.685,39.72,0.725
3102001,Alterosa,MG,Sudeste,14272,13915,2373,263,332256,23878,362.01,38.44,0.668
3102050,Alto Caparaó,MG,Sudeste,6014,5795,3983,545,131678,22723,103.69,55.89,0.661
3102100,Alto Rio Doce,MG,Sudeste,10931,10891,2882,342,222897,20466,518.053,21.02,0.62
3102209,Alvarenga,MG,Sudeste,3983,3975,4712,703,64939,16337,278.175,14.29,0.592
3102308,Alvinópolis,MG,Sudeste,15358,15059,2212,237,402513,26729,599.443,25.12,0.676
3102407,Alvorada de Minas,MG,Sudeste,4359,4159,4550,670,95009,22844,374.008,11.12,0.572
3102506,Amparo do Serra,MG,Sudeste,4574,4541,4444,649,71597,15767,136.186,33.34,0.641
3102605,Andradas,MG,Sudeste,42501,40553,805,84,1483245,36575,469.396,86.39,0.734
3102704,Cachoeira de Pajeú,MG,Sudeste,9347,9110,3206,384,146445,16075,695.672,13.1,0.578
3102803,Andrelândia,MG,Sudeste,12163,11927,2664,307,340782,28572,1005.285,11.86,0.7
3102852,Angelândia,MG,Sudeste,7849,7718,3478,441,193853,25117,185.211,41.67,0.597
3102902,Antônio Carlos,MG,Sudeste,11350,11095,2788,325,412676,37195,529.915,20.94,0.683
3103009,Antônio Dias,MG,Sudeste,9375,9219,3200,382,535451,58081,787.061,11.71,0.645
3103108,Antônio Prado de Minas,MG,Sudeste,1552,1538,5543,847,35792,23272,83.802,18.35,0.684
3103207,Araçaí,MG,Sudeste,2222,2181,5377,827,75709,34713,187.538,11.63,0.695
3103306,Aracitaba,MG,Sudeste,2095,2049,5422,835,40166,19603,106.608,19.22,0.661
3103405,Araçuaí,MG,Sudeste,35185,34297,985,104,1081893,31545,2236.279,15.34,0.663
3103504,Araguari,MG,Sudeste,123432,117808,260,24,6858534,58218,2729.777,43.16,0.773
3103603,Arantina,MG,Sudeste,2998,2915,5094,786,77723,26663,89.42,32.6,0.697
3103702,Araponga,MG,Sudeste,8218,8048,3410,429,143377,17815,303.793,26.49,0.536
3103751,Araporã,MG,Sudeste,9069,8479,3258,395,1209045,142593,294.354,28.81,0.708
3103801,Arapuá,MG,Sudeste,2668,2631,5235,811,249487,94826,173.894,15.13,0.724
3103900,Araújos,MG,Sudeste,9634,9199,3153,375,464947,50543,245.522,37.47,0.698
3104007,Araxá,MG,Sudeste,118786,111691,279,26,8847240,79212,1164.062,95.95,0.772
3104106,Arceburgo,MG,Sudeste,9335,9177,3209,385,460319,50160,162.875,56.34,0.683
3104205,Arcos,MG,Sudeste,43653,41416,784,81,3058033,73837,509.873,81.23,0.749
3104304,Areado,MG,Sudeste,14229,13881,2381,265,380056,27380,283.124,49.03,0.727
3104403,Argirita,MG,Sudeste,2715,2688,5215,806,51372,19112,159.378,16.87,0.643
3104452,Aricanduva,MG,Sudeste,4820,4719,4353,630,86410,18311,243.329,19.39,0.582
3104502,Arinos,MG,Sudeste,17586,17272,2005,218,544568,31529,5279.419,3.27,0.656
3104601,Astolfo Dutra,MG,Sudeste,14633,14138,2295,249,453516,32078,158.891,88.98,0.694
3104700,Ataléia,MG,Sudeste,13936,13736,2456,276,259696,18906,1836.925,7.48,0.588
3104809,Augusto de Lima,MG,Sudeste,4572,4538,4447,650,113862,25091,1254.832,3.62,0.656
3104908,Baependi,MG,Sudeste,18782,18366,1851,201,451940,24607,750.554,24.47,0.681
3105004,Baldim,MG,Sudeste,7595,7492,3543,454,132125,17635,556.266,13.47,0.671
3105103,Bambuí,MG,Sudeste,24203,23546,1494,154,861016,36567,1455.819,16.17,0.741
3105202,Bandeira,MG,Sudeste,4811,4741,4358,631,66317,13988,483.789,9.8,0.599
3105301,Bandeira do Sul,MG,Sudeste,6183,5943,3932,536,113862,19159,47.266,125.74,0.692
3105400,Barão de Cocais,MG,Sudeste,32264,30778,1100,113,1547170,50269,340.14,90.49,0.722
3105509,Barão do Monte Alto,MG,Sudeste,4952,4964,4305,617,73841,14875,198.313,25.03,0.649
3105608,Barbacena,MG,Sudeste,129695,125317,247,23,4108617,32786,759.186,165.07,0.769
3105707,Barra Longa,MG,Sudeste,5717,5666,4066,563,101736,17956,383.628,14.77,0.624
3105905,Barroso,MG,Sudeste,20604,20080,1705,185,801810,39931,82.07,244.67,0.734
3106002,Bela Vista de Minas,MG,Sudeste,10427,10167,3047,367,407734,40104,109.143,93.15,0.674
3106101,Belmiro Braga,MG,Sudeste,3292,3244,4957,757,79258,24432,393.086,8.25,0.66
3106200,Belo Horizonte,MG,Sudeste,2415872,2315560,6,1,130197671,56227,331.354,6988.18,0.81
3106309,Belo Oriente,MG,Sudeste,24546,23928,1466,150,2329754,97365,334.909,71.45,0.686
3106408,Belo Vale,MG,Sudeste,9012,8627,3267,396,268616,31137,365.923,23.58,0.655
3106507,Berilo,MG,Sudeste,9638,9826,3152,374,139373,14184,587.106,16.74,0.628
3106606,Bertópolis,MG,Sudeste,4546,4451,4459,652,62780,14105,427.803,10.4,0.594
3106655,Berizal,MG,Sudeste,4270,4201,4584,676,70041,16672,488.756,8.6,0.604
3106705,Betim,MG,Sudeste,431433,411846,58,6,52614325,127752,344.062,1197.01,0.749
3106804,Bias Fortes,MG,Sudeste,3367,3361,4920,752,51305,15265,283.535,11.85,0.62
3106903,Bicas,MG,Sudeste,14358,13978,2347,259,357491,25575,140.082,99.78,0.744
3107000,Biquinhas,MG,Sudeste,2397,2383,5321,819,75634,31739,458.948,5.19,0.688
3107109,Boa Esperança,MG,Sudeste,41443,39848,827,88,1413664,35476,860.669,46.3,0.704
3107208,Bocaina de Minas,MG,Sudeste,5530,5348,4127,575,105938,19809,503.77,10.62,0.645
3107307,Bocaiúva,MG,Sudeste,49797,48032,685,73,1435951,29896,3206.757,14.98,0.7
3107406,Bom Despacho,MG,Sudeste,54377,51737,624,67,2193212,42392,1213.546,42.63,0.75
3107505,Bom Jardim de Minas,MG,Sudeste,6988,6783,3699,482,152445,22475,412.021,16.46,0.673
3107604,Bom Jesus da Penha,MG,Sudeste,4677,4474,4411,644,203053,45385,208.349,21.47,0.735
3107703,Bom Jesus do Amparo,MG,Sudeste,5786,5631,4047,556,178433,31688,195.611,28.79,0.683
3107802,Bom Jesus do Galho,MG,Sudeste,14719,14536,2283,247,221368,15229,592.289,24.54,0.623
3107901,Bom Repouso,MG,Sudeste,13312,12649,2533,284,209757,16583,229.845,55.03,0.653
3108008,Bom Sucesso,MG,Sudeste,17515,17151,2022,219,468363,27308,705.046,24.33,0.692
3108107,Bonfim,MG,Sudeste,7710,7434,3511,448,142868,19218,301.865,24.63,0.637
3108206,Bonfinópolis de Minas,MG,Sudeste,5600,5528,4111,571,473316,85622,1850.487,2.99,0.678
3108255,Bonito de Minas,MG,Sudeste,10525,10204,3010,361,127474,12493,3936.455,2.59,0.537
3108305,Borda da Mata,MG,Sudeste,17837,17404,1962,210,465206,26730,301.108,57.8,0.73
3108404,Botelhos,MG,Sudeste,15141,14828,2231,242,346227,23350,334.089,44.38,0.702
3108503,Botumirim,MG,Sudeste,5806,5790,4041,553,85707,14803,1568.884,3.69,0.602
3108552,Brasilândia de Minas,MG,Sudeste,15485,15020,2203,236,466969,31090,2509.694,5.98,0.674
3108602,Brasília de Minas,MG,Sudeste,33262,32025,1057,110,510728,15948,1399.484,22.88,0.656
3108701,Brás Pires,MG,Sudeste,4296,4260,4571,675,60376,14173,223.351,19.07,0.625
3108800,Braúnas,MG,Sudeste,4445,4441,4512,661,224250,50495,378.318,11.74,0.624
3108909,Brazópolis,MG,Sudeste,14491,14246,2317,256,277926,19509,367.688,38.74,0.692
3109006,Brumadinho,MG,Sudeste,41090,38915,832,89,2845330,73117,639.434,60.86,0.747
3109105,Bueno Brandão,MG,Sudeste,11168,10911,2833,333,256721,23529,356.15,30.64,0.658
3109204,Buenópolis,MG,Sudeste,9171,9150,3240,391,191748,20956,1599.881,5.72,0.669
3109253,Bugre,MG,Sudeste,4159,4041,4637,692,56472,13975,161.491,25.02,0.627
3109303,Buritis,MG,Sudeste,24779,24030,1446,146,1446139,60181,5225.186,4.6,0.672
3109402,Buritizeiro,MG,Sudeste,23908,23910,1512,157,852046,35636,7218.401,3.31,0.624
3109451,Cabeceira Grande,MG,Sudeste,6811,6627,3740,493,529789,79944,1033.055,6.41,0.648
3109501,Cabo Verde,MG,Sudeste,11269,11410,2812,328,320280,28070,368.206,30.99,0.674
3109600,Cachoeira da Prata,MG,Sudeste,3785,3693,4776,723,68105,18442,61.381,60.17,0.741
3109709,Cachoeira de Minas,MG,Sudeste,12302,11883,2648,303,609745,51312,304.243,39.06,0.706
3109808,Cachoeira Dourada,MG,Sudeste,2337,2315,5340,823,156900,67775,203.07,11.4,0.726
3109907,Caetanópolis,MG,Sudeste,11906,11435,2692,311,361894,31648,156.039,73.28,0.706
3110004,Caeté,MG,Sudeste,39775,38776,861,96,1004131,25896,542.531,71.47,0.728
3110103,Caiana,MG,Sudeste,5484,5304,4138,577,103764,19563,106.465,49.82,0.633
3110202,Cajuri,MG,Sudeste,4191,4088,4623,689,128296,31384,83.038,49.23,0.617
3110301,Caldas,MG,Sudeste,14628,14217,2297,250,372574,26206,711.414,19.98,0.687
3110400,Camacho,MG,Sudeste,2851,2838,5154,796,89251,31449,223.001,12.73,0.69
3110509,Camanducaia,MG,Sudeste,27860,26097,1275,130,1318310,50516,528.688,49.36,0.689
3110608,Cambuí,MG,Sudeste,31066,29536,1149,119,2451443,82998,244.567,120.77,0.751
3110707,Cambuquira,MG,Sudeste,12551,12313,2614,300,455159,36966,246.38,49.98,0.699
3110806,Campanário,MG,Sudeste,2884,2923,5139,792,61167,20926,442.398,6.61,0.616
3110905,Campanha,MG,Sudeste,16372,15935,2118,231,561947,35265,335.587,47.48,0.709
3111002,Campestre,MG,Sudeste,21155,20696,1674,177,564549,27278,577.843,35.82,0.698
3111101,Campina Verde,MG,Sudeste,18188,18011,1913,206,677668,37625,3650.749,4.93,0.704
3111150,Campo Azul,MG,Sudeste,3806,3714,4770,720,52497,14135,505.914,7.34,0.621
3111200,Campo Belo,MG,Sudeste,54027,52277,633,69,1458096,27892,528.225,98.97,0.711
3111309,Campo do Meio,MG,Sudeste,11625,11377,2725,317,244375,21480,275.426,41.31,0.683
3111408,Campo Florido,MG,Sudeste,8931,8466,3283,400,1054872,124601,1264.245,6.7,0.706
3111507,Campos Altos,MG,Sudeste,13076,12979,2559,289,524859,40439,710.645,18.26,0.702
3111606,Campos Gerais,MG,Sudeste,26749,26105,1316,136,841150,32222,769.504,33.92,0.682
3111705,Canaã,MG,Sudeste,4839,4715,4344,627,102039,21641,174.9,26.96,0.649
3111804,Canápolis,MG,Sudeste,10716,10608,2940,348,937761,88401,843.599,12.57,0.722
3111903,Cana Verde,MG,Sudeste,5342,5272,4180,585,95423,18100,212.721,24.78,0.65
3112000,Candeias,MG,Sudeste,14211,14001,2384,266,442692,31619,720.512,19.43,0.678
3112059,Cantagalo,MG,Sudeste,4029,3974,4690,699,63289,15926,141.855,28.01,0.631
3112109,Caparaó,MG,Sudeste,5138,5048,4241,601,129596,25673,130.694,38.62,0.624
3112208,Capela Nova,MG,Sudeste,4397,4362,4533,665,70184,16090,111.073,39.27,0.648
3112307,Capelinha,MG,Sudeste,41858,39626,816,86,1111827,28058,965.292,41.05,0.653
3112406,Capetinga,MG,Sudeste,6627,6562,3784,502,233338,35559,297.937,22.02,0.675
3112505,Capim Branco,MG,Sudeste,11210,10663,2827,332,179521,16836,95.333,111.85,0.695
3112604,Capinópolis,MG,Sudeste,14872,14655,2263,246,861974,58818,620.716,23.61,0.723
3112653,Capitão Andrade,MG,Sudeste,4634,4585,4427,647,71144,15517,279.088,16.43,0.624
3112703,Capitão Enéas,MG,Sudeste,14403,14108,2336,258,580398,41140,971.576,14.52,0.639
3112802,Capitólio,MG,Sudeste,10991,10380,2865,340,443829,42758,521.802,19.89,0.71
3112901,Caputira,MG,Sudeste,9128,8936,3250,394,196872,22031,187.704,47.61,0.615
3113008,Caraí,MG,Sudeste,19511,19548,1787,193,273823,14008,1242.345,15.73,0.558
3113107,Caranaíba,MG,Sudeste,2942,2933,5116,789,49306,16811,159.95,18.34,0.634
3113206,Carandaí,MG,Sudeste,24403,23812,1482,153,883369,37098,487.28,48.87,0.697
3113305,Carangola,MG,Sudeste,32134,31240,1107,114,780303,24978,353.404,88.4,0.695
3113404,Caratinga,MG,Sudeste,90890,87360,375,44,2871549,32870,1258.479,69.42,0.706
3113503,Carbonita,MG,Sudeste,8603,8512,3334,415,199922,23487,1456.095,5.85,0.638
3113602,Careaçu,MG,Sudeste,7062,6816,3683,478,199576,29281,181.009,37.66,0.683
3113701,Carlos Chagas,MG,Sudeste,18783,18615,1850,200,629832,33835,3202.984,5.81,0.648
3113800,Carmésia,MG,Sudeste,2693,2605,5228,808,45529,17478,259.103,10.05,0.65
3113909,Carmo da Cachoeira,MG,Sudeste,11767,11547,2707,314,367738,31847,506.333,22.81,0.655
3114006,Carmo da Mata,MG,Sudeste,11291,11019,2807,327,315082,28594,357.178,30.85,0.689
3114105,Carmo de Minas,MG,Sudeste,14125,13797,2411,268,330268,23938,322.285,42.81,0.682
3114204,Carmo do Cajuru,MG,Sudeste,24581,23479,1460,148,779793,33212,455.808,51.51,0.71
3114303,Carmo do Paranaíba,MG,Sudeste,29885,29011,1190,123,1195269,41201,1307.862,22.18,0.705
3114402,Carmo do Rio Claro,MG,Sudeste,21506,20954,1647,169,843687,40264,1065.685,19.66,0.733
3114501,Carmópolis de Minas,MG,Sudeste,18561,18003,1878,203,541381,30072,400.01,45.01,0.7
3114550,Carneirinho,MG,Sudeste,9633,9422,3154,376,684512,72650,2063.462,4.57,0.741
3114600,Carrancas,MG,Sudeste,4161,4049,4634,690,174307,43049,727.894,5.56,0.725
3114709,Carvalhópolis,MG,Sudeste,3419,3341,4905,750,86224,25808,81.101,41.2,0.724
3114808,Carvalhos,MG,Sudeste,4503,4422,4476,655,103816,23477,282.254,15.67,0.646
3114907,Casa Grande,MG,Sudeste,2260,2214,5364,826,81954,37016,157.727,14.04,0.652
3115003,Cascalho Rico,MG,Sudeste,2751,2712,5195,803,101297,37351,367.308,7.38,0.721
3115102,Cássia,MG,Sudeste,17491,17155,2025,221,519892,30306,665.802,25.77,0.704
3115201,Conceição da Barra de Minas,MG,Sudeste,3576,3560,4845,733,87501,24579,273.014,13.04,0.685
3115300,Cataguases,MG,Sudeste,67732,66261,508,56,2139616,32291,491.767,134.74,0.751
3115359,Catas Altas,MG,Sudeste,5706,5473,4072,564,1779684,325175,240.042,22.8,0.684
3115409,Catas Altas da Noruega,MG,Sudeste,3124,3110,5039,776,51640,16605,141.622,21.96,0.6
3115458,Catuji,MG,Sudeste,7248,7030,3627,468,109880,15630,419.38,16.76,0.54
3115474,Catuti,MG,Sudeste,4788,4739,4370,634,70828,14946,287.812,16.47,0.621
3115508,Caxambu,MG,Sudeste,21412,21056,1659,173,464911,22080,100.483,209.55,0.743
3115607,Cedro do Abaeté,MG,Sudeste,1084,1081,5566,852,27975,25879,283.211,3.82,0.678
3115706,Central de Minas,MG,Sudeste,6213,6171,3924,535,100034,16210,204.328,30.2,0.665
3115805,Centralina,MG,Sudeste,10447,10207,3036,366,448883,43978,322.385,31.66,0.678
3115904,Chácara,MG,Sudeste,3194,3075,5004,769,62304,20261,152.807,20.12,0.664
3116001,Chalé,MG,Sudeste,6289,6075,3899,528,139736,23002,212.674,28.56,0.655
3116100,Chapada do Norte,MG,Sudeste,9763,10337,3132,373,121416,11746,830.833,12.44,0.598
3116159,Chapada Gaúcha,MG,Sudeste,12904,12355,2572,290,581137,47037,3255.189,3.8,0.635
3116209,Chiador,MG,Sudeste,2868,2800,5145,793,47110,16825,252.852,11.07,0.711
3116308,Cipotânea,MG,Sudeste,5549,5581,4120,574,80891,14494,153.479,36.36,0.579
3116407,Claraval,MG,Sudeste,4786,4658,4371,635,261983,56244,227.627,20.46,0.698
3116506,Claro dos Poções,MG,Sudeste,7230,7166,3637,472,113053,15776,720.424,9.95,0.67
3116605,Cláudio,MG,Sudeste,31936,30159,1120,115,1426310,47293,630.706,47.82,0.709
3116704,Coimbra,MG,Sudeste,7293,7117,3619,466,149609,21021,106.875,66.59,0.669
3116803,Coluna,MG,Sudeste,8206,8163,3412,430,134748,16507,348.492,23.42,0.583
3116902,Comendador Gomes,MG,Sudeste,2804,2773,5173,801,225390,81280,1041.047,2.66,0.697
3117009,Comercinho,MG,Sudeste,6540,6660,3808,509,84176,12639,654.961,10.17,0.593
3117108,Conceição da Aparecida,MG,Sudeste,10705,10371,2943,349,325806,31415,352.521,29.42,0.691
3117207,Conceição das Pedras,MG,Sudeste,2840,2772,5158,798,78790,28424,102.206,27.12,0.668
3117306,Conceição das Alagoas,MG,Sudeste,30278,28381,1178,120,1782238,62797,1340.25,21.18,0.712
3117405,Conceição de Ipanema,MG,Sudeste,4503,4409,4477,656,91447,20741,253.935,17.36,0.676
3117504,Conceição do Mato Dentro,MG,Sudeste,24559,23163,1464,149,3194401,137910,1720.04,13.47,0.634
3117603,Conceição do Pará,MG,Sudeste,5584,5415,4116,572,313543,57903,250.306,21.63,0.7
3117702,Conceição do Rio Verde,MG,Sudeste,12765,12541,2589,294,352054,28072,369.681,33.92,0.665
3117801,Conceição dos Ouros,MG,Sudeste,11218,10880,2822,331,308533,28358,180.236,60.37,0.703
3117836,Cônego Marinho,MG,Sudeste,7433,7237,3587,461,78705,10875,1610.47,4.49,0.621
3117876,Confins,MG,Sudeste,7758,7350,3502,445,1617017,220002,42.355,173.53,0.747
3117900,Congonhal,MG,Sudeste,11444,11083,2763,323,274057,24728,205.125,54.03,0.712
3118007,Congonhas,MG,Sudeste,55272,52890,617,66,7693794,145468,304.067,173.94,0.753
3118106,Congonhas do Norte,MG,Sudeste,4924,4831,4316,620,63889,13225,405.671,11.91,0.568
3118205,Conquista,MG,Sudeste,6878,6694,3725,488,671619,100331,618.363,10.83,0.729
3118304,Conselheiro Lafaiete,MG,Sudeste,138946,131621,228,20,3482648,26460,370.246,355.5,0.761
3118403,Conselheiro Pena,MG,Sudeste,21052,20824,1682,180,500871,24053,1483.883,14.03,0.662
3118502,Consolação,MG,Sudeste,1569,1563,5542,846,36259,23198,89.122,17.54,0.673
3118601,Contagem,MG,Sudeste,651718,621863,35,3,45092393,72512,194.746,3193.2,0.756
3118700,Coqueiral,MG,Sudeste,9188,9023,3237,390,279820,31012,296.163,30.47,0.694
3118809,Coração de Jesus,MG,Sudeste,26138,25377,1348,140,357956,14106,2225.216,11.4,0.642
3118908,Cordisburgo,MG,Sudeste,7535,7547,3560,457,164132,21748,823.654,9.16,0.656
3119005,Cordislândia,MG,Sudeste,3236,3200,4982,762,131187,40996,179.543,17.82,0.66
3119104,Corinto,MG,Sudeste,23988,23532,1506,156,546844,23238,2525.397,9.32,0.68
3119203,Coroaci,MG,Sudeste,11240,10884,2818,330,160041,14704,576.274,18.89,0.626
3119302,Coromandel,MG,Sudeste,30114,28894,1183,121,2051785,71011,3313.313,8.72,0.708
3119401,Coronel Fabriciano,MG,Sudeste,108708,104736,308,31,2387846,22799,221.252,473.38,0.755
3119500,Coronel Murta,MG,Sudeste,8237,8200,3402,427,116044,14152,815.413,10.06,0.627
3119609,Coronel Pacheco,MG,Sudeste,2789,2762,5183,802,72440,26227,131.511,21,0.669
3119708,Coronel Xavier Chaves,MG,Sudeste,3599,3486,4840,731,89841,25772,140.954,24.73,0.677
3119807,Córrego Danta,MG,Sudeste,2956,2960,5111,788,181310,61253,657.425,4.5,0.692
3119906,Córrego do Bom Jesus,MG,Sudeste,4462,4272,4504,660,65483,15328,123.651,34.55,0.692
3119955,Córrego Fundo,MG,Sudeste,6333,6133,3881,523,508108,82848,101.112,60.66,0.678
3120003,Córrego Novo,MG,Sudeste,2900,2875,5133,791,63742,22171,205.385,14,0.632
3120102,Couto de Magalhães de Minas,MG,Sudeste,4351,4245,4553,672,76758,18082,485.654,8.74,0.659
3120151,Crisólita,MG,Sudeste,5256,5265,4200,589,92302,17531,966.202,5.45,0.585
3120201,Cristais,MG,Sudeste,12634,12197,2604,298,343069,28127,628.434,19.41,0.692
3120300,Cristália,MG,Sudeste,5133,5121,4243,602,74447,14538,840.702,6.09,0.583
3120409,Cristiano Otoni,MG,Sudeste,4719,4667,4395,640,168668,36141,132.872,35.12,0.695
3120508,Cristina,MG,Sudeste,10643,10374,2967,354,316773,30535,311.33,33.32,0.668
3120607,Crucilândia,MG,Sudeste,5674,5434,4086,566,100692,18530,167.164,32.51,0.651
3120706,Cruzeiro da Fortaleza,MG,Sudeste,3616,3521,4832,730,183246,52044,187.446,18.78,0.696
3120805,Cruzília,MG,Sudeste,15831,15362,2164,233,421201,27418,522.419,29.41,0.695
3120839,Cuparaque,MG,Sudeste,3958,3983,4722,707,83623,20995,226.75,17.57,0.627
3120870,Curral de Dentro,MG,Sudeste,7662,7406,3522,450,94747,12793,570.95,12.97,0.585
3120904,Curvelo,MG,Sudeste,84297,80665,402,45,2706326,33550,3296.2,24.47,0.713
3121001,Datas,MG,Sudeste,5635,5465,4095,568,88055,16113,310.099,17.62,0.616
3121100,Delfim Moreira,MG,Sudeste,8133,7952,3420,433,141824,17835,408.473,19.47,0.669
3121209,Delfinópolis,MG,Sudeste,8851,8393,3293,405,355640,42373,1378.423,6.09,0.74
3121258,Delta,MG,Sudeste,11143,10494,2836,334,708459,67511,102.784,102.1,0.639
3121308,Descoberto,MG,Sudeste,5070,4928,4263,609,116298,23599,213.168,23.12,0.68
3121407,Desterro de Entre Rios,MG,Sudeste,7941,7653,3462,439,249745,32634,377.165,20.29,0.639
3121506,Desterro do Melo,MG,Sudeste,3060,2994,5061,781,62041,20722,142.279,21.04,0.631
3121605,Diamantina,MG,Sudeste,49493,47702,692,75,1201221,25182,3891.659,12.26,0.716
3121704,Diogo de Vasconcelos,MG,Sudeste,3581,3549,4843,732,55355,15597,165.091,21.5,0.601
3121803,Dionísio,MG,Sudeste,6689,6847,3771,500,104803,15306,339.375,20.18,0.702
3121902,Divinésia,MG,Sudeste,4481,4226,4499,658,87003,20588,116.97,36.13,0.657
3122009,Divino,MG,Sudeste,21428,20706,1657,172,442810,21386,337.776,61.3,0.605
3122108,Divino das Laranjeiras,MG,Sudeste,4147,4178,4640,693,70321,16831,342.249,12.21,0.661
3122207,Divinolândia de Minas,MG,Sudeste,6583,6516,3798,505,91614,14060,133.12,48.95,0.623
3122306,Divinópolis,MG,Sudeste,243583,231091,132,10,9339332,40414,708.115,326.35,0.764
3122355,Divisa Alegre,MG,Sudeste,6541,6321,3807,508,216686,34280,117.802,53.66,0.608
3122405,Divisa Nova,MG,Sudeste,6002,5851,3987,546,157089,26848,216.955,26.97,0.67
3122454,Divisópolis,MG,Sudeste,10659,10213,2957,352,118503,11603,572.926,17.83,0.609
3122470,Dom Bosco,MG,Sudeste,3763,3697,4783,725,85437,23110,817.383,4.52,0.673
3122504,Dom Cavati,MG,Sudeste,4967,4904,4299,615,85391,17413,59.52,82.39,0.688
3122603,Dom Joaquim,MG,Sudeste,5074,4899,4262,608,81864,16710,398.793,12.28,0.622
3122702,Dom Silvério,MG,Sudeste,5355,5228,4175,583,128826,24642,194.972,26.81,0.709
3122801,Dom Viçoso,MG,Sudeste,3184,3095,5011,770,50704,16383,113.921,27.17,0.687
3122900,Dona Euzébia,MG,Sudeste,6250,6093,3909,532,126627,20782,70.231,86.76,0.701
3123007,Dores de Campos,MG,Sudeste,10359,10007,3051,368,485977,48564,124.842,80.16,0.686
3123106,Dores de Guanhães,MG,Sudeste,5114,5029,4247,604,190470,37874,382.124,13.16,0.636
3123205,Dores do Indaiá,MG,Sudeste,12730,12630,2590,295,398845,31579,1111.202,11.37,0.719
3123304,Dores do Turvo,MG,Sudeste,5192,4987,4218,596,76798,15400,231.169,21.57,0.629
3123403,Doresópolis,MG,Sudeste,1498,1461,5546,848,134727,92216,152.912,9.55,0.692
3123502,Douradoquara,MG,Sudeste,1869,1829,5479,839,88741,48519,312.878,5.85,0.706
3123528,Durandé,MG,Sudeste,8065,7817,3440,435,154213,19728,217.461,35.95,0.645
3123601,Elói Mendes,MG,Sudeste,27429,26336,1288,132,948342,36009,499.537,52.72,0.685
3123700,Engenheiro Caldas,MG,Sudeste,14501,13622,2316,255,188885,13866,187.058,72.82,0.644
3123809,Engenheiro Navarro,MG,Sudeste,6373,6354,3868,519,116459,18328,608.306,10.45,0.655
3123858,Entre Folhas,MG,Sudeste,5295,5179,4193,588,82275,15886,85.39,60.65,0.634
3123908,Entre Rios de Minas,MG,Sudeste,15157,14746,2228,241,417307,28300,456.796,32.28,0.672
3124005,Ervália,MG,Sudeste,21091,20255,1678,178,576909,28482,357.489,56.66,0.625
3124104,Esmeraldas,MG,Sudeste,93103,85598,368,42,1314691,15359,909.727,94.09,0.671
3124203,Espera Feliz,MG,Sudeste,24844,24102,1441,145,570799,23683,317.638,75.88,0.663
3124302,Espinosa,MG,Sudeste,31375,30443,1141,117,472197,15511,1868.97,16.29,0.627
3124401,Espírito Santo do Dourado,MG,Sudeste,7132,6611,3660,474,151056,22849,263.879,25.05,0.685
3124500,Estiva,MG,Sudeste,11880,11502,2698,312,572584,49781,243.872,47.16,0.691
3124609,Estrela Dalva,MG,Sudeste,2189,2186,5388,829,51736,23667,131.365,16.64,0.71
3124708,Estrela do Indaiá,MG,Sudeste,2711,2772,5219,807,163896,59126,635.981,4.36,0.676
3124807,Estrela do Sul,MG,Sudeste,6897,6840,3720,487,458303,67003,822.454,8.32,0.696
3124906,Eugenópolis,MG,Sudeste,11096,10801,2842,336,243155,22512,309.395,34.91,0.675
3125002,Ewbank da Câmara,MG,Sudeste,3986,3875,4711,702,71576,18471,103.834,37.32,0.676
3125101,Extrema,MG,Sudeste,59336,53482,578,62,20204999,377791,244.575,218.67,0.732
3125200,Fama,MG,Sudeste,2676,2578,5234,810,68126,26426,86.024,29.97,0.717
3125309,Faria Lemos,MG,Sudeste,3230,3188,4987,764,79466,24927,165.224,19.3,0.687
3125408,Felício dos Santos,MG,Sudeste,5251,5133,4202,590,90314,17595,357.622,14.35,0.606
3125507,São Gonçalo do Rio Preto,MG,Sudeste,3099,3032,5045,777,59522,19631,314.458,9.64,0.64
3125606,Felisburgo,MG,Sudeste,6575,6489,3799,506,91368,14080,596.215,10.88,0.583
3125705,Felixlândia,MG,Sudeste,14280,13978,2371,262,315867,22597,1554.627,8.99,0.648
3125804,Fernandes Tourinho,MG,Sudeste,2814,2789,5166,800,55720,19978,151.875,18.36,0.646
3125903,Ferros,MG,Sudeste,9603,9590,3160,377,163549,17054,1088.791,8.81,0.603
3125952,Fervedouro,MG,Sudeste,10705,10445,2944,350,184762,17689,357.683,29.2,0.58
3126000,Florestal,MG,Sudeste,8469,8045,3353,419,182909,22736,194.242,41.42,0.724
3126109,Formiga,MG,Sudeste,70897,68248,485,55,2969264,43507,1501.915,45.44,0.755
3126208,Formoso,MG,Sudeste,8095,7949,3430,434,536208,67456,3686.004,2.16,0.64
3126307,Fortaleza de Minas,MG,Sudeste,3453,3477,4897,747,98575,28351,218.792,15.89,0.67
3126406,Fortuna de Minas,MG,Sudeste,3230,3093,4988,765,70961,22942,198.709,15.57,0.696
3126505,Francisco Badaró,MG,Sudeste,7053,7366,3686,479,91212,12383,461.481,15.96,0.622
3126604,Francisco Dumont,MG,Sudeste,4547,4503,4457,651,106412,23631,1576.128,2.86,0.625
3126703,Francisco Sá,MG,Sudeste,23753,23476,1521,160,532918,22701,2747.295,8.55,0.654
3126752,Franciscópolis,MG,Sudeste,5023,5034,4279,612,95098,18891,717.087,7.02,0.603
3126802,Frei Gaspar,MG,Sudeste,5731,5640,4063,562,91083,16149,626.672,9,0.59
3126901,Frei Inocêncio,MG,Sudeste,8301,8226,3383,425,173509,21093,469.557,17.52,0.648
3126950,Frei Lagonegro,MG,Sudeste,3481,3391,4880,743,50933,15020,167.474,20.25,0.543
3127008,Fronteira,MG,Sudeste,14946,14540,2254,245,1090434,74995,199.987,72.7,0.684
3127057,Fronteira dos Vales,MG,Sudeste,4389,4345,4537,667,57796,13302,320.757,13.55,0.592
3127073,Fruta de Leite,MG,Sudeste,4538,4647,4463,653,57437,12360,762.837,6.09,0.544
3127107,Frutal,MG,Sudeste,61275,58588,565,60,4026769,68730,2426.965,24.14,0.73
3127206,Funilândia,MG,Sudeste,4934,4686,4312,618,111148,23719,199.797,23.45,0.655
3127305,Galiléia,MG,Sudeste,6244,6222,3910,533,126802,20380,720.303,8.64,0.654
3127339,Gameleiras,MG,Sudeste,4847,4793,4338,624,74869,15620,1733.203,2.77,0.65
3127354,Glaucilândia,MG,Sudeste,2991,2928,5099,787,55390,18917,145.861,20.07,0.679
3127370,Goiabeira,MG,Sudeste,2859,2830,5150,794,57042,20156,112.443,25.17,0.647
3127388,Goianá,MG,Sudeste,4214,4053,4614,688,104454,25772,152.039,26.66,0.716
3127404,Gonçalves,MG,Sudeste,4922,4727,4317,621,124200,26275,187.353,25.23,0.683
3127503,Gonzaga,MG,Sudeste,5235,5230,4206,592,92850,17753,209.348,24.98,0.606
3127602,Gouveia,MG,Sudeste,11536,11331,2741,320,205957,18176,866.601,13.08,0.681
3127701,Governador Valadares,MG,Sudeste,266561,257171,114,9,8612266,33488,2342.376,109.79,0.727
3127800,Grão Mogol,MG,Sudeste,14037,13901,2432,272,817459,58806,3885.294,3.58,0.604
3127909,Grupiara,MG,Sudeste,1428,1392,5552,850,51558,37039,193.141,7.21,0.731
3128006,Guanhães,MG,Sudeste,33517,32244,1043,108,1284432,39835,1075.124,29.99,0.686
3128105,Guapé,MG,Sudeste,14076,13772,2419,269,499822,36293,934.345,14.74,0.679
3128204,Guaraciaba,MG,Sudeste,9901,9753,3117,372,132454,13581,348.596,27.98,0.623
3128253,Guaraciama,MG,Sudeste,5224,5051,4209,594,83745,16580,390.263,12.94,0.677
3128303,Guaranésia,MG,Sudeste,19646,19150,1775,191,811249,42363,294.828,64.95,0.701
3128402,Guarani,MG,Sudeste,7731,7714,3509,447,226180,29321,264.194,29.2,0.677
3128501,Guarará,MG,Sudeste,3091,3149,5049,778,72283,22954,88.655,35.52,0.652
3128600,Guarda-Mor,MG,Sudeste,6687,6539,3772,501,889875,136087,2068.808,3.16,0.69
3128709,Guaxupé,MG,Sudeste,52744,50911,652,71,2431560,47761,286.398,177.76,0.751
3128808,Guidoval,MG,Sudeste,7285,7131,3621,467,134343,18839,158.375,45.03,0.683
3128907,Guimarânia,MG,Sudeste,8880,8478,3289,403,359324,42383,366.833,23.11,0.693
3129004,Guiricema,MG,Sudeste,7803,7778,3488,444,135880,17470,293.578,26.49,0.674
3129103,Gurinhatã,MG,Sudeste,5154,5192,4234,597,238368,45911,1849.137,2.81,0.68
3129202,Heliodora,MG,Sudeste,6278,6134,3904,531,156943,25586,153.95,39.84,0.657
3129301,Iapu,MG,Sudeste,12583,12030,2610,299,206569,17171,340.994,35.28,0.654
3129400,Ibertioga,MG,Sudeste,5346,5198,4179,584,120875,23254,346.24,15.01,0.657
3129509,Ibiá,MG,Sudeste,22554,22229,1576,165,1701475,76543,2704.132,8.22,0.718
3129608,Ibiaí,MG,Sudeste,6172,6286,3936,537,123724,19682,874.76,7.19,0.614
3129657,Ibiracatu,MG,Sudeste,5113,5081,4248,605,62188,12239,353.257,14.38,0.591
3129707,Ibiraci,MG,Sudeste,10996,10948,2863,339,895829,81826,562.095,19.48,0.706
3129806,Ibirité,MG,Sudeste,179582,170537,174,14,3235632,18973,72.395,2355.65,0.704
3129905,Ibitiúra de Minas,MG,Sudeste,3440,3365,4901,748,75924,22563,68.316,49.26,0.674
3130002,Ibituruna,MG,Sudeste,2733,2698,5203,805,72846,27000,153.106,17.62,0.675
3130051,Icaraí de Minas,MG,Sudeste,10914,10677,2885,343,126584,11856,625.664,17.07,0.624
3130101,Igarapé,MG,Sudeste,49120,45847,694,76,1401824,30576,110.942,413.25,0.698
3130200,Igaratinga,MG,Sudeste,11345,10830,2790,326,831527,76780,218.343,49.6,0.651
3130309,Iguatama,MG,Sudeste,6782,6826,3746,494,569669,83456,628.2,10.87,0.707
3130408,Ijaci,MG,Sudeste,7358,7003,3602,464,601865,85944,105.246,66.54,0.714
3130507,Ilicínea,MG,Sudeste,13248,12741,2536,285,314565,24689,376.341,33.85,0.68
3130556,Imbé de Minas,MG,Sudeste,7244,6986,3629,469,129945,18601,196.735,35.51,0.553
3130606,Inconfidentes,MG,Sudeste,7537,7301,3559,456,175313,24012,149.611,48.8,0.692
3130655,Indaiabira,MG,Sudeste,6328,6346,3883,524,96825,15258,1004.149,6.32,0.61
3130705,Indianópolis,MG,Sudeste,6311,6171,3891,527,2150117,348423,830.03,7.43,0.674
3130804,Ingaí,MG,Sudeste,2632,2580,5247,812,163203,63257,305.591,8.44,0.697
3130903,Inhapim,MG,Sudeste,22925,22692,1555,162,543260,23941,858.024,26.45,0.658
3131000,Inhaúma,MG,Sudeste,6465,6239,3838,513,157760,25286,244.996,25.47,0.702
3131109,Inimutaba,MG,Sudeste,7615,7371,3536,452,109322,14831,527.06,13.99,0.664
3131158,Ipaba,MG,Sudeste,17587,17136,2004,217,225485,13159,113.246,151.32,0.665
3131208,Ipanema,MG,Sudeste,20181,19522,1743,190,423411,21689,456.641,42.75,0.693
3131307,Ipatinga,MG,Sudeste,235311,227731,140,12,16870239,74080,164.884,1381.16,0.771
3131406,Ipiaçu,MG,Sudeste,3807,3775,4769,719,230521,61065,466.02,8.1,0.696
3131505,Ipuiúna,MG,Sudeste,9283,9135,3221,386,223413,24457,298.195,30.63,0.686
3131604,Iraí de Minas,MG,Sudeste,7467,7180,3571,460,455214,63400,356.264,20.15,0.695
3131703,Itabira,MG,Sudeste,118053,113343,284,27,7434200,65590,1253.704,90.41,0.756
3131802,Itabirinha,MG,Sudeste,10548,10362,3002,359,182487,17611,209.034,49.57,0.653
3131901,Itabirito,MG,Sudeste,56369,53365,608,65,7160444,134179,544.027,98.09,0.73
3132008,Itacambira,MG,Sudeste,4227,4252,4608,685,72423,17033,1788.445,2.38,0.628
3132107,Itacarambi,MG,Sudeste,17502,17208,2023,220,292850,17018,1225.273,14.04,0.641
3132206,Itaguara,MG,Sudeste,14415,13846,2332,257,466010,33657,410.468,33.73,0.691
3132305,Itaipé,MG,Sudeste,10482,10463,3022,365,143639,13728,480.829,21.76,0.552
3132404,Itajubá,MG,Sudeste,96855,93073,354,39,4497959,48327,294.835,315.68,0.787
3132503,Itamarandiba,MG,Sudeste,34210,32948,1016,107,669900,20332,2735.573,12.04,0.646
3132602,Itamarati de Minas,MG,Sudeste,3710,3690,4804,727,73660,19962,94.568,39.02,0.688
3132701,Itambacuri,MG,Sudeste,21210,21042,1671,176,415055,19725,1419.209,14.83,0.634
3132800,Itambé do Mato Dentro,MG,Sudeste,2168,2142,5400,833,43138,20139,380.34,5.63,0.634
3132909,Itamogi,MG,Sudeste,11092,10770,2844,337,348467,32355,243.714,44.19,0.674
3133006,Itamonte,MG,Sudeste,15245,14786,2221,239,1087903,73577,431.792,34.24,0.705
3133105,Itanhandu,MG,Sudeste,15751,15236,2176,234,649276,42615,143.363,106.28,0.739
3133204,Itanhomi,MG,Sudeste,11264,11128,2813,329,178778,16066,488.843,22.76,0.65
3133303,Itaobim,MG,Sudeste,19263,19151,1803,194,375952,19631,679.024,28.2,0.629
3133402,Itapagipe,MG,Sudeste,14014,13690,2437,274,714872,52219,1802.438,7.6,0.723
3133501,Itapecerica,MG,Sudeste,21456,21046,1655,171,665952,31643,1040.519,20.23,0.713
3133600,Itapeva,MG,Sudeste,13561,12692,2502,280,1698907,133857,177.347,71.57,0.72
3133709,Itatiaiuçu,MG,Sudeste,13779,12966,2481,278,2434575,187766,295.145,43.93,0.677
3133758,Itaú de Minas,MG,Sudeste,14634,14406,2293,248,899163,62416,153.421,93.9,0.776
3133808,Itaúna,MG,Sudeste,103272,97669,328,35,4975969,50947,495.769,197.01,0.758
3133907,Itaverava,MG,Sudeste,5747,5642,4057,558,83986,14886,284.22,19.85,0.627
3134004,Itinga,MG,Sudeste,13954,13745,2452,275,283613,20634,1649.622,8.33,0.6
3134103,Itueta,MG,Sudeste,6234,6055,3914,534,163923,27072,452.676,13.38,0.635
3134202,Ituiutaba,MG,Sudeste,106775,102217,318,34,4975265,48674,2598.046,39.34,0.739
3134301,Itumirim,MG,Sudeste,6876,6638,3727,489,110967,16717,234.802,28.27,0.726
3134400,Iturama,MG,Sudeste,40259,38295,848,94,2864935,74812,1404.663,27.26,0.747
3134509,Itutinga,MG,Sudeste,4366,4217,4544,668,221742,52583,372.018,11.34,0.727
3134608,Jaboticatubas,MG,Sudeste,21407,20406,1661,174,373789,18318,1114.972,18.3,0.681
3134707,Jacinto,MG,Sudeste,11115,11042,2840,335,159690,14462,1393.609,7.92,0.62
3134806,Jacuí,MG,Sudeste,7668,7495,3519,449,186299,24856,409.229,18.31,0.668
3134905,Jacutinga,MG,Sudeste,26888,25525,1311,135,1708890,66950,347.667,73.42,0.715
3135001,Jaguaraçu,MG,Sudeste,3181,3092,5012,771,157329,50883,163.76,18.88,0.679
3135050,Jaíba,MG,Sudeste,39639,37660,865,97,969914,25754,2635.467,14.29,0.638
3135076,Jampruca,MG,Sudeste,4266,4296,4585,677,84853,19752,517.095,8.31,0.609
3135100,Janaúba,MG,Sudeste,73555,70699,475,54,1965161,27796,2181.319,32.41,0.696
3135209,Januária,MG,Sudeste,67123,65150,511,57,1040489,15971,6661.588,9.78,0.658
3135308,Japaraíba,MG,Sudeste,4706,4506,4401,641,126375,28046,172.141,26.18,0.721
3135357,Japonvar,MG,Sudeste,8385,8127,3368,422,100136,12321,375.181,21.66,0.608
3135407,Jeceaba,MG,Sudeste,6476,6197,3832,511,1689755,272673,236.25,26.23,0.661
3135456,Jenipapo de Minas,MG,Sudeste,6072,6100,3973,542,87874,14406,284.453,21.44,0.624
3135506,Jequeri,MG,Sudeste,12636,12419,2603,297,245642,19780,547.897,22.67,0.601
3135605,Jequitaí,MG,Sudeste,6379,6484,3867,518,157284,24257,1268.443,5.11,0.643
3135704,Jequitibá,MG,Sudeste,6142,5883,3949,538,161753,27495,445.03,13.22,0.689
3135803,Jequitinhonha,MG,Sudeste,24516,24007,1468,151,383948,15993,3514.216,6.83,0.615
3135902,Jesuânia,MG,Sudeste,5320,5138,4184,586,113093,22011,153.852,33.4,0.658
3136009,Joaíma,MG,Sudeste,14035,13888,2433,273,211126,15202,1664.19,8.35,0.587
3136108,Joanésia,MG,Sudeste,4246,4329,4597,682,120064,27735,233.292,18.56,0.626
3136207,João Monlevade,MG,Sudeste,83791,80187,407,47,4286349,53454,99.158,808.68,0.758
3136306,João Pinheiro,MG,Sudeste,48725,46801,700,78,2562732,54758,10727.097,4.36,0.697
3136405,Joaquim Felício,MG,Sudeste,3868,3854,4747,713,83620,21697,790.935,4.87,0.637
3136504,Jordânia,MG,Sudeste,10541,10304,3005,360,129429,12561,546.705,18.85,0.628
3136520,José Gonçalves de Minas,MG,Sudeste,3963,3969,4720,706,62251,15684,381.332,10.41,0.632
3136553,José Raydan,MG,Sudeste,4349,4268,4554,673,113810,26666,180.822,23.6,0.617
3136579,Josenópolis,MG,Sudeste,3557,3630,4854,736,59635,16428,541.393,6.7,0.564
3136603,Nova União,MG,Sudeste,6107,5909,3961,540,147089,24892,172.131,34.33,0.662
3136652,Juatuba,MG,Sudeste,33249,30716,1058,111,2124349,69161,97.017,316.6,0.717
3136702,Juiz de Fora,MG,Sudeste,567730,540756,40,4,23271627,43035,1435.749,376.64,0.778
3136801,Juramento,MG,Sudeste,3798,3768,4771,721,63719,16911,431.63,8.73,0.669
3136900,Juruaia,MG,Sudeste,11652,11084,2723,316,303328,27366,220.353,50.3,0.723
3136959,Juvenília,MG,Sudeste,5937,5789,4006,549,89871,15524,1064.692,5.44,0.592
3137007,Ladainha,MG,Sudeste,14263,14383,2378,264,168094,11687,866.29,16.6,0.541
3137106,Lagamar,MG,Sudeste,6622,6631,3787,504,265409,40025,1474.562,4.5,0.718
3137205,Lagoa da Prata,MG,Sudeste,53927,51412,635,70,2471545,48073,439.984,116.85,0.732
3137304,Lagoa dos Patos,MG,Sudeste,3237,3313,4980,761,65868,19882,600.547,5.52,0.634
3137403,Lagoa Dourada,MG,Sudeste,13152,12769,2546,287,376999,29525,476.693,26.79,0.676
3137502,Lagoa Formosa,MG,Sudeste,19614,18904,1779,192,713683,37753,840.92,22.48,0.703
3137536,Lagoa Grande,MG,Sudeste,9235,8969,3228,388,312254,34815,1236.301,7.25,0.679
3137601,Lagoa Santa,MG,Sudeste,81299,75145,420,49,2825380,37599,229.409,327.56,0.777
3137700,Lajinha,MG,Sudeste,21502,20835,1649,170,508139,24389,431.92,48.24,0.661
3137809,Lambari,MG,Sudeste,21010,20414,1684,181,538928,26400,213.11,95.79,0.711
3137908,Lamim,MG,Sudeste,3213,3184,4995,767,66918,21017,118.602,26.85,0.655
3138005,Laranjal,MG,Sudeste,6018,5963,3982,544,116195,19486,204.882,29.1,0.714
3138104,Lassance,MG,Sudeste,7398,7124,3592,462,231342,32474,3204.217,2.22,0.629
3138203,Lavras,MG,Sudeste,110682,104761,300,30,3916682,37387,564.744,185.5,0.782
3138302,Leandro Ferreira,MG,Sudeste,3272,3199,4962,758,67066,20965,352.005,9.09,0.71
3138351,Leme do Prado,MG,Sudeste,4364,4341,4545,669,73646,16965,280.036,15.5,0.67
3138401,Leopoldina,MG,Sudeste,52739,51145,653,72,1344583,26290,943.077,54.23,0.726
3138500,Liberdade,MG,Sudeste,4744,4737,4385,637,117803,24869,401.337,11.8,0.672
3138609,Lima Duarte,MG,Sudeste,17782,17221,1974,213,432497,25115,848.564,20.29,0.71
3138625,Limeira do Oeste,MG,Sudeste,9191,8687,3236,389,775261,89244,1317.153,6.6,0.71
3138658,Lontra,MG,Sudeste,8963,8790,3276,398,110763,12601,258.925,33.95,0.646
3138674,Luisburgo,MG,Sudeste,7239,6956,3631,470,155370,22336,145.418,47.83,0.608
3138682,Luislândia,MG,Sudeste,6323,6210,3886,525,82468,13280,411.714,15.08,0.614
3138708,Luminárias,MG,Sudeste,5744,5586,4059,560,166134,29741,500.143,11.17,0.678
3138807,Luz,MG,Sudeste,18336,17875,1893,205,863686,48318,1171.659,15.26,0.724
3138906,Machacalis,MG,Sudeste,6556,6487,3803,507,136850,21096,332.378,19.52,0.64
3139003,Machado,MG,Sudeste,38809,37684,886,99,1406358,37320,585.958,64.31,0.715
3139102,Madre de Deus de Minas,MG,Sudeste,5360,5191,4173,582,408511,78696,492.909,10.53,0.699
3139201,Malacacheta,MG,Sudeste,17691,17516,1987,214,272762,15572,727.886,24.06,0.618
3139250,Mamonas,MG,Sudeste,6082,5997,3968,541,79983,13337,284.365,21.09,0.618
3139300,Manga,MG,Sudeste,19148,18886,1816,197,315779,16720,1950.184,9.68,0.642
3139409,Manhuaçu,MG,Sudeste,97328,91886,351,38,3710638,40383,628.318,146.24,0.689
3139508,Manhumirim,MG,Sudeste,20939,20613,1687,182,587887,28520,182.9,112.7,0.697
3139607,Mantena,MG,Sudeste,27350,26535,1291,133,610897,23022,685.208,38.73,0.675
3139706,Maravilhas,MG,Sudeste,7532,7333,3562,458,243502,33206,261.604,28.03,0.672
3139805,Mar de Espanha,MG,Sudeste,13180,12721,2540,286,288911,22711,371.6,34.23,0.684
3139904,Maria da Fé,MG,Sudeste,14567,14247,2304,252,273430,19192,202.898,70.22,0.702
3140001,Mariana,MG,Sudeste,64506,61387,534,59,4656946,75862,1194.208,51.4,0.742
3140100,Marilac,MG,Sudeste,4323,4224,4560,674,75214,17806,158.809,26.6,0.615
3140159,Mário Campos,MG,Sudeste,16705,15900,2093,229,240477,15124,35.196,451.76,0.699
3140209,Maripá de Minas,MG,Sudeste,3567,3387,4848,734,111015,32777,77.338,43.79,0.68
3140308,Marliéria,MG,Sudeste,4796,4592,4367,633,67779,14760,545.813,8.41,0.657
3140407,Marmelópolis,MG,Sudeste,3314,3200,4949,756,61730,19291,107.902,29.66,0.65
3140506,Martinho Campos,MG,Sudeste,14546,14003,2309,254,584258,41724,1058.418,13.23,0.669
3140530,Martins Soares,MG,Sudeste,8797,8396,3302,408,298805,35589,113.268,74.13,0.635
3140555,Mata Verde,MG,Sudeste,9532,9112,3173,378,112644,12362,227.539,40.05,0.581
3140605,Materlândia,MG,Sudeste,3949,3963,4724,708,76740,19364,280.53,14.13,0.597
3140704,Mateus Leme,MG,Sudeste,40814,37841,836,90,1095994,28963,301.383,125.56,0.704
3140803,Matias Barbosa,MG,Sudeste,14547,14121,2308,253,879159,62259,157.066,89.9,0.72
3140852,Matias Cardoso,MG,Sudeste,8922,8895,3286,402,200579,22550,1940.598,4.58,0.616
3140902,Matipó,MG,Sudeste,19115,18552,1821,198,482096,25986,266.99,69.49,0.631
3141009,Mato Verde,MG,Sudeste,12210,12038,2659,306,229089,19030,472.245,25.49,0.662
3141108,Matozinhos,MG,Sudeste,39529,37618,870,98,1895426,50386,252.453,149.01,0.731
3141207,Matutina,MG,Sudeste,3912,3814,4733,710,128623,33724,260.957,14.62,0.707
3141306,Medeiros,MG,Sudeste,4068,3900,4671,695,273185,70047,946.437,4.12,0.711
3141405,Medina,MG,Sudeste,20455,20156,1717,188,330715,16408,1435.903,14.04,0.624
3141504,Mendes Pimentel,MG,Sudeste,5614,5606,4104,570,98141,17506,305.507,18.35,0.626
3141603,Mercês,MG,Sudeste,10615,10373,2980,355,189388,18258,348.271,29.78,0.664
3141702,Mesquita,MG,Sudeste,4984,5040,4291,613,73562,14596,274.938,18.33,0.656
3141801,Minas Novas,MG,Sudeste,23843,24405,1517,159,412128,16887,1812.398,13.47,0.633
3141900,Minduri,MG,Sudeste,3811,3741,4766,717,199019,53199,219.774,17.02,0.658
3142007,Mirabela,MG,Sudeste,14071,13651,2422,270,193762,14194,723.278,18.87,0.665
3142106,Miradouro,MG,Sudeste,8961,8968,3279,399,206069,22978,301.672,29.73,0.663
3142205,Miraí,MG,Sudeste,13921,13633,2463,277,368817,27053,320.695,42.51,0.68
3142254,Miravânia,MG,Sudeste,3982,3985,4713,704,57919,14534,602.128,6.62,0.593
3142304,Moeda,MG,Sudeste,5314,5125,4188,587,104132,20318,155.112,33.04,0.638
3142403,Moema,MG,Sudeste,7812,7548,3485,442,160124,21214,202.705,37.24,0.721
3142502,Monjolos,MG,Sudeste,2187,2169,5391,830,41815,19278,650.911,3.33,0.65
3142601,Monsenhor Paulo,MG,Sudeste,8565,8340,3341,416,280175,33594,216.54,38.51,0.721
3142700,Montalvânia,MG,Sudeste,14068,14060,2424,271,206964,14720,1503.755,9.35,0.613
3142809,Monte Alegre de Minas,MG,Sudeste,20708,20170,1701,184,903721,44805,2595.957,7.77,0.674
3142908,Monte Azul,MG,Sudeste,20497,20328,1713,186,325958,16035,1001.296,20.3,0.659
3143005,Monte Belo,MG,Sudeste,13347,13046,2529,283,486081,37259,421.283,30.97,0.688
3143104,Monte Carmelo,MG,Sudeste,49500,47692,690,74,1957161,41038,1343.035,35.51,0.728
3143153,Monte Formoso,MG,Sudeste,4437,4381,4516,663,52678,12024,385.553,11.36,0.541
3143203,Monte Santo de Minas,MG,Sudeste,21294,20890,1668,175,632535,30279,594.632,35.13,0.71
3143302,Montes Claros,MG,Sudeste,437601,414240,57,5,13326239,32170,3589.811,115.39,0.77
3143401,Monte Sião,MG,Sudeste,25107,24089,1406,142,723678,30042,291.594,82.61,0.724
3143450,Montezuma,MG,Sudeste,6951,6888,3710,484,104692,15199,1130.419,6.09,0.587
3143500,Morada Nova de Minas,MG,Sudeste,9414,9067,3194,381,570683,62941,2084.275,4.35,0.696
3143609,Morro da Garça,MG,Sudeste,2426,2411,5310,815,62850,26068,414.772,5.81,0.648
3143708,Morro do Pilar,MG,Sudeste,3161,3133,5020,773,56083,17901,477.548,6.56,0.597
3143807,Munhoz,MG,Sudeste,7930,7451,3464,440,159929,21464,191.564,38.9,0.647
3143906,Muriaé,MG,Sudeste,108447,104108,310,32,3211391,30847,841.693,123.69,0.734
3144003,Mutum,MG,Sudeste,28749,27635,1235,126,662869,23987,1250.824,22.09,0.644
3144102,Muzambinho,MG,Sudeste,22620,21891,1569,164,742833,33933,409.948,53.4,0.74
3144201,Nacip Raydan,MG,Sudeste,2400,2459,5318,817,40636,16525,233.493,10.53,0.585
3144300,Nanuque,MG,Sudeste,35263,35038,980,103,1074889,30678,1518.166,23.08,0.701
3144359,Naque,MG,Sudeste,6443,6303,3842,514,108081,17148,127.173,49.56,0.675
3144375,Natalândia,MG,Sudeste,3642,3520,4823,729,92799,26363,468.66,7.51,0.671
3144409,Natércia,MG,Sudeste,4805,4691,4361,632,133965,28558,188.719,24.86,0.693
3144508,Nazareno,MG,Sudeste,8407,8179,3365,421,826959,101108,341.453,23.95,0.69
3144607,Nepomuceno,MG,Sudeste,25757,25018,1366,141,757417,30275,582.553,42.95,0.667
3144656,Ninheira,MG,Sudeste,10965,10588,2872,341,166816,15755,1108.255,9.55,0.556
3144672,Nova Belém,MG,Sudeste,3126,3151,5038,775,133538,42380,146.775,21.47,0.592
3144706,Nova Era,MG,Sudeste,17813,17438,1967,211,480775,27571,361.926,48.18,0.709
3144805,Nova Lima,MG,Sudeste,120959,111697,270,25,12447551,111440,429.313,260.18,0.813
3144904,Nova Módica,MG,Sudeste,3726,3663,4799,726,71916,19633,375.973,9.74,0.63
3145000,Nova Ponte,MG,Sudeste,15220,14598,2224,240,1581648,108347,1111.011,13.14,0.701
3145059,Nova Porteirinha,MG,Sudeste,6746,6706,3757,498,158901,23695,120.943,55.45,0.641
3145109,Nova Resende,MG,Sudeste,16919,16387,2080,225,492956,30082,390.152,42,0.671
3145208,Nova Serrana,MG,Sudeste,114791,105552,291,29,3936358,37293,282.472,373.67,0.715
3145307,Novo Cruzeiro,MG,Sudeste,27268,26975,1294,134,416700,15448,1702.981,15.84,0.571
3145356,Novo Oriente de Minas,MG,Sudeste,10503,10275,3017,364,150989,14695,755.151,13.61,0.555
3145372,Novorizonte,MG,Sudeste,4612,4571,4432,648,92594,20257,271.61,16.83,0.616
3145406,Olaria,MG,Sudeste,1986,1945,5458,838,44676,22970,178.242,10.91,0.636
3145455,Olhos-d'Água,MG,Sudeste,5530,5385,4128,576,204857,38042,2092.078,2.57,0.626
3145505,Olímpio Noronha,MG,Sudeste,2618,2555,5259,813,55156,21587,54.633,46.77,0.674
3145604,Oliveira,MG,Sudeste,40576,39262,840,93,1463237,37269,897.294,43.76,0.699
3145703,Oliveira Fortes,MG,Sudeste,2058,2027,5434,836,44412,21910,111.13,18.24,0.635
3145802,Onça de Pitangui,MG,Sudeste,3024,2969,5083,784,82367,27742,246.976,12.02,0.663
3145851,Oratórios,MG,Sudeste,5102,4917,4251,606,84109,17106,89.068,55.21,0.637
3145877,Orizânia,MG,Sudeste,8828,8437,3298,406,146988,17422,121.8,69.27,0.562
3145901,Ouro Branco,MG,Sudeste,40638,38724,838,92,4310767,111320,258.726,149.67,0.764
3146008,Ouro Fino,MG,Sudeste,33285,32094,1053,109,1223791,38131,533.714,60.13,0.722
3146107,Ouro Preto,MG,Sudeste,77914,74821,441,52,6765810,90427,1245.865,60.06,0.741
3146206,Ouro Verde de Minas,MG,Sudeste,5847,5757,4026,551,87363,15175,175.482,32.81,0.595
3146255,Padre Carvalho,MG,Sudeste,5045,5058,4273,611,68448,13533,446.275,11.33,0.599
3146305,Padre Paraíso,MG,Sudeste,17463,17334,2029,222,254681,14693,544.375,31.84,0.596
3146404,Paineiras,MG,Sudeste,4253,4224,4590,679,98947,23425,637.309,6.63,0.669
3146503,Pains,MG,Sudeste,8353,8142,3371,423,676496,83087,421.862,19.3,0.728
3146552,Pai Pedro,MG,Sudeste,5616,5551,4103,569,73623,13263,839.805,6.61,0.59
3146602,Paiva,MG,Sudeste,1495,1474,5547,849,33859,22971,58.419,25.23,0.72
3146701,Palma,MG,Sudeste,5699,5707,4079,565,114459,20056,316.476,18.03,0.703
3146750,Palmópolis,MG,Sudeste,6342,6301,3880,522,82988,13171,433.154,14.55,0.565
3146909,Papagaios,MG,Sudeste,14202,13920,2386,267,378421,27185,553.577,25.15,0.666
3147006,Paracatu,MG,Sudeste,99005,94023,339,37,6798922,72311,8231.029,11.42,0.744
3147105,Pará de Minas,MG,Sudeste,102844,97139,329,36,5161430,53134,551.247,176.22,0.725
3147204,Paraguaçu,MG,Sudeste,22452,21723,1584,166,801200,36883,424.296,51.2,0.715
3147303,Paraisópolis,MG,Sudeste,21076,20445,1681,179,769516,37638,331.238,61.72,0.729
3147402,Paraopeba,MG,Sudeste,24899,24107,1430,144,1108133,45967,625.623,38.53,0.694
3147501,Passabém,MG,Sudeste,1609,1600,5536,845,30002,18751,94.183,16.99,0.642
3147600,Passa Quatro,MG,Sudeste,15847,15515,2162,232,739447,47660,277.221,55.97,0.715
3147709,Passa Tempo,MG,Sudeste,8716,8473,3311,411,310555,36652,429.172,19.74,0.687
3147808,Passa Vinte,MG,Sudeste,2311,2233,5350,825,47565,21301,246.565,9.06,0.648
3147907,Passos,MG,Sudeste,116951,111939,286,28,4080106,36449,1338.07,83.66,0.756
3147956,Patis,MG,Sudeste,4825,4837,4352,629,61642,12744,444.196,10.89,0.614
3148004,Patos de Minas,MG,Sudeste,169173,159235,189,16,8151369,51191,3190.456,49.91,0.765
3148103,Patrocínio,MG,Sudeste,94357,89826,366,41,4895785,54503,2874.344,31.25,0.729
3148202,Patrocínio do Muriaé,MG,Sudeste,5754,5576,4055,557,152118,27281,108.246,51.51,0.682
3148301,Paula Cândido,MG,Sudeste,8757,8659,3307,410,143373,16558,268.321,32.27,0.637
3148400,Paulistas,MG,Sudeste,4402,4389,4530,664,80481,18337,220.564,19.9,0.625
3148509,Pavão,MG,Sudeste,8143,8047,3419,432,111033,13798,601.19,13.39,0.627
3148608,Peçanha,MG,Sudeste,17863,17446,1959,209,293485,16822,996.646,17.5,0.627
3148707,Pedra Azul,MG,Sudeste,25045,24410,1415,143,428870,17569,1594.651,15.31,0.627
3148756,Pedra Bonita,MG,Sudeste,7599,7320,3538,453,124988,17075,173.928,42.09,0.573
3148806,Pedra do Anta,MG,Sudeste,3366,3311,4921,753,65218,19697,173.168,19.12,0.624
3148905,Pedra do Indaiá,MG,Sudeste,4247,4112,4596,681,133810,32541,347.92,11.82,0.708
3149002,Pedra Dourada,MG,Sudeste,2916,2757,5124,790,65492,23755,69.99,39.39,0.655
3149101,Pedralva,MG,Sudeste,10891,10760,2889,345,221497,20585,217.989,49.36,0.675
3149150,Pedras de Maria da Cruz,MG,Sudeste,10601,10433,2986,357,132256,12677,1525.648,6.84,0.614
3149200,Pedrinópolis,MG,Sudeste,3398,3344,4910,751,333527,99739,357.891,9.34,0.729
3149309,Pedro Leopoldo,MG,Sudeste,65174,62580,525,58,2514377,40179,292.831,213.71,0.757
3149408,Pedro Teixeira,MG,Sudeste,1857,1810,5483,841,37357,20639,112.959,16.02,0.637
3149507,Pequeri,MG,Sudeste,3461,3351,4894,746,78666,23475,90.833,36.89,0.694
3149606,Pequi,MG,Sudeste,4265,4155,4586,678,103925,25012,203.991,20.37,0.674
3149705,Perdigão,MG,Sudeste,13118,12268,2551,288,378766,30874,249.322,49.21,0.703
3149804,Perdizes,MG,Sudeste,17992,17151,1939,207,2577884,150305,2451.112,7,0.723
3149903,Perdões,MG,Sudeste,22075,21384,1609,167,811684,37958,270.657,79.01,0.744
3149952,Periquito,MG,Sudeste,6624,6553,3786,503,119988,18310,228.907,28.63,0.651
3150000,Pescador,MG,Sudeste,3559,3570,4853,735,57197,16022,317.463,11.25,0.656
3150109,Piau,MG,Sudeste,2854,2796,5153,795,114475,40942,192.196,14.55,0.629
3150158,Piedade de Caratinga,MG,Sudeste,8966,8529,3275,397,214395,25137,109.345,78,0.612
3150208,Piedade de Ponte Nova,MG,Sudeste,4054,3976,4677,696,76207,19167,83.733,47.48,0.639
3150307,Piedade do Rio Grande,MG,Sudeste,4694,4604,4404,643,135158,29357,322.814,14.26,0.678
3150406,Piedade dos Gerais,MG,Sudeste,5199,5019,4216,595,128442,25591,259.638,19.33,0.626
3150505,Pimenta,MG,Sudeste,8817,8563,3301,407,314466,36724,414.969,20.64,0.686
3150539,Pingo-d'Água,MG,Sudeste,4864,4706,4332,622,70142,14905,66.57,70.69,0.619
3150570,Pintópolis,MG,Sudeste,7228,7084,3638,473,94230,13302,1228.736,5.77,0.594
3150604,Piracema,MG,Sudeste,6905,6700,3718,486,248565,37099,280.335,23.9,0.646
3150703,Pirajuba,MG,Sudeste,5814,5537,4037,552,639003,115406,337.98,16.38,0.723
3150802,Piranga,MG,Sudeste,17358,17018,2039,223,253176,14877,658.812,25.83,0.6
3150901,Piranguçu,MG,Sudeste,6320,6041,3887,526,118615,19635,203.619,29.67,0.685
3151008,Piranguinho,MG,Sudeste,9518,9120,3178,380,171573,18813,124.803,73.08,0.717
3151107,Pirapetinga,MG,Sudeste,11454,11077,2760,322,707928,63910,190.681,58.09,0.709
3151206,Pirapora,MG,Sudeste,57713,55606,593,63,3361259,60448,549.514,101.19,0.731
3151305,Piraúba,MG,Sudeste,12006,11610,2677,309,246401,21223,144.289,80.46,0.684
3151404,Pitangui,MG,Sudeste,27834,26685,1276,131,702867,26339,569.636,46.85,0.725
3151503,Piumhi,MG,Sudeste,38007,36062,911,101,1568574,43497,902.468,39.96,0.737
3151602,Planura,MG,Sudeste,11533,11145,2743,321,843201,75657,317.52,35.1,0.712
3151701,Poço Fundo,MG,Sudeste,16824,16390,2085,226,548879,33489,474.244,34.56,0.691
3151800,Poços de Caldas,MG,Sudeste,172339,163742,184,15,10732908,65548,546.958,299.37,0.779
3151909,Pocrane,MG,Sudeste,8438,8350,3361,420,151974,18200,691.066,12.08,0.626
3152006,Pompéu,MG,Sudeste,32441,31047,1093,112,1229908,39614,2551.074,12.17,0.689
3152105,Ponte Nova,MG,Sudeste,59638,57776,577,61,2594059,44899,470.643,122.76,0.717
3152131,Ponto Chique,MG,Sudeste,3797,3747,4772,722,63931,17062,602.799,6.22,0.606
3152170,Ponto dos Volantes,MG,Sudeste,11059,10883,2850,338,149416,13729,1212.413,8.98,0.595
3152204,Porteirinha,MG,Sudeste,38692,37438,891,100,625525,16708,1749.683,21.4,0.651
3152303,Porto Firme,MG,Sudeste,10840,10569,2903,346,151759,14359,284.777,37.11,0.634
3152402,Poté,MG,Sudeste,13649,13666,2494,279,213766,15642,625.111,21.86,0.624
3152501,Pouso Alegre,MG,Sudeste,162133,152217,198,17,14201206,93296,542.797,280.43,0.774
3152600,Pouso Alto,MG,Sudeste,6779,6566,3747,495,542609,82639,263.034,24.96,0.71
3152709,Prados,MG,Sudeste,9369,9048,3201,383,257819,28495,264.115,34.26,0.689
3152808,Prata,MG,Sudeste,29745,28342,1195,124,1702675,60076,4847.544,5.85,0.695
3152907,Pratápolis,MG,Sudeste,8534,8406,3345,418,249604,29694,215.516,39,0.729
3153004,Pratinha,MG,Sudeste,3691,3559,4811,728,230172,64673,622.478,5.72,0.721
3153103,Presidente Bernardes,MG,Sudeste,4847,4850,4339,625,80596,16618,236.798,20.48,0.632
3153202,Presidente Juscelino,MG,Sudeste,3471,3465,4889,745,62647,18080,695.882,4.98,0.614
3153301,Presidente Kubitschek,MG,Sudeste,3162,3071,5019,772,45373,14775,189.235,16.23,0.595
3153400,Presidente Olegário,MG,Sudeste,19192,18765,1810,196,904883,48222,3503.848,5.36,0.701
3153509,Alto Jequitibá,MG,Sudeste,8606,8397,3332,414,160653,19132,152.272,55.14,0.66
3153608,Prudente de Morais,MG,Sudeste,12052,11466,2674,308,333022,29044,124.189,92.33,0.69
3153707,Quartel Geral,MG,Sudeste,3232,3179,4985,763,89894,28277,556.436,5.71,0.683
3153806,Queluzito,MG,Sudeste,1796,1770,5499,843,51169,28909,153.56,11.53,0.682
3153905,Raposos,MG,Sudeste,16796,16279,2088,228,232669,14293,72.228,225.38,0.73
3154002,Raul Soares,MG,Sudeste,23874,23423,1514,158,497923,21258,763.364,30.68,0.655
3154101,Recreio,MG,Sudeste,11383,11007,2782,324,152511,13856,234.296,46.98,0.692
3154150,Reduto,MG,Sudeste,8246,7848,3397,426,131257,16725,151.859,51.68,0.629
3154200,Resende Costa,MG,Sudeste,11544,11230,2739,319,243888,21718,618.312,18.16,0.685
3154309,Resplendor,MG,Sudeste,17629,17226,1995,216,376309,21845,1081.796,15.92,0.67
3154408,Ressaquinha,MG,Sudeste,4640,4548,4424,646,507032,111485,183.062,24.84,0.683
3154457,Riachinho,MG,Sudeste,6830,6863,3736,492,187878,27375,1719.266,3.99,0.632
3154507,Riacho dos Machados,MG,Sudeste,8858,8756,3290,404,301730,34460,1315.54,6.66,0.627
3154606,Ribeirão das Neves,MG,Sudeste,346971,329794,84,8,6336695,19214,155.105,2126.26,0.684
3154705,Ribeirão Vermelho,MG,Sudeste,4217,4080,4611,686,132863,32564,49.251,82.84,0.737
3154804,Rio Acima,MG,Sudeste,10698,10261,2947,351,260362,25374,228.394,44.93,0.673
3154903,Rio Casca,MG,Sudeste,12851,12789,2581,291,277814,21723,384.381,33.27,0.65
3155009,Rio Doce,MG,Sudeste,2545,2484,5278,814,107641,43334,112.094,22.16,0.664
3155108,Rio do Prado,MG,Sudeste,4649,4639,4422,645,68107,14681,479.815,9.67,0.605
3155207,Rio Espera,MG,Sudeste,5447,5429,4154,581,75489,13905,238.602,22.75,0.602
3155306,Rio Manso,MG,Sudeste,5746,5568,4058,559,138279,24835,231.54,24.05,0.648
3155405,Rio Novo,MG,Sudeste,8683,8518,3321,412,143556,16853,209.31,40.7,0.707
3155504,Rio Paranaíba,MG,Sudeste,15297,14532,2216,238,1148101,79005,1352.353,10.75,0.709
3155603,Rio Pardo de Minas,MG,Sudeste,29103,28271,1222,125,404312,14301,3117.675,9.07,0.624
3155702,Rio Piracicaba,MG,Sudeste,15036,14631,2243,244,270261,18472,373.037,39.22,0.685
3155801,Rio Pomba,MG,Sudeste,17885,17443,1953,208,574081,32912,252.418,69.1,0.714
3155900,Rio Preto,MG,Sudeste,5235,5141,4207,593,82690,16084,348.046,14.77,0.679
3156007,Rio Vermelho,MG,Sudeste,12770,12641,2588,293,177450,14038,986.561,12.81,0.558
3156106,Ritápolis,MG,Sudeste,5122,4994,4245,603,124811,24992,404.805,12.34,0.653
3156205,Rochedo de Minas,MG,Sudeste,2374,2291,5328,822,187591,81882,79.402,28.85,0.684
3156304,Rodeiro,MG,Sudeste,9168,8664,3241,392,704898,81359,72.673,119.22,0.668
3156403,Romaria,MG,Sudeste,3430,3386,4904,749,288148,85100,407.557,8.31,0.708
3156452,Rosário da Limeira,MG,Sudeste,4926,4734,4315,619,90798,19180,111.156,42.59,0.662
3156502,Rubelita,MG,Sudeste,5460,5679,4150,580,85775,15104,1110.295,5.11,0.582
3156601,Rubim,MG,Sudeste,10602,10298,2985,356,139214,13519,965.174,10.67,0.609
3156700,Sabará,MG,Sudeste,134576,129380,240,22,3837192,29658,302.453,427.77,0.731
3156809,Sabinópolis,MG,Sudeste,14309,14240,2362,261,415038,29146,919.811,15.48,0.638
3156908,Sacramento,MG,Sudeste,28076,26670,1268,129,2387150,89507,3073.268,8.68,0.732
3157005,Salinas,MG,Sudeste,41736,40178,821,87,903694,22492,1862.117,21.58,0.679
3157104,Salto da Divisa,MG,Sudeste,6126,6110,3955,539,118710,19429,938.008,6.51,0.608
3157203,Santa Bárbara,MG,Sudeste,31916,30466,1122,116,1019088,33450,684.505,44.51,0.707
3157252,Santa Bárbara do Leste,MG,Sudeste,8785,8458,3304,409,153222,18116,107.402,78.75,0.613
3157278,Santa Bárbara do Monte Verde,MG,Sudeste,3218,3095,4992,766,71438,23082,417.925,7.41,0.606
3157302,Santa Bárbara do Tugúrio,MG,Sudeste,4245,4208,4600,684,78007,18538,194.564,21.63,0.637
3157336,Santa Cruz de Minas,MG,Sudeste,8339,8109,3378,424,154995,19114,3.565,2274.61,0.706
3157377,Santa Cruz de Salinas,MG,Sudeste,3919,3910,4731,709,59169,15133,589.607,6.63,0.577
3157401,Santa Cruz do Escalvado,MG,Sudeste,4728,4673,4390,638,90331,19330,258.726,18.06,0.625
3157500,Santa Efigênia de Minas,MG,Sudeste,4038,4039,4684,698,58652,14521,131.965,30.61,0.607
3157609,Santa Fé de Minas,MG,Sudeste,3528,3522,4862,738,70867,20121,2917.448,1.21,0.615
3157658,Santa Helena de Minas,MG,Sudeste,6056,5938,3975,543,69029,11625,276.433,21.48,0.567
3157708,Santa Juliana,MG,Sudeste,16820,15734,2086,227,912073,57968,723.784,21.74,0.706
3157807,Santa Luzia,MG,Sudeste,230382,219132,143,13,6608097,30156,235.205,931.66,0.715
3157906,Santa Margarida,MG,Sudeste,16989,16395,2075,224,497578,30349,255.73,64.11,0.61
3158003,Santa Maria de Itabira,MG,Sudeste,10718,10485,2939,347,327050,31192,597.441,17.55,0.648
3158102,Santa Maria do Salto,MG,Sudeste,4777,4755,4375,636,60852,12797,440.605,10.79,0.613
3158201,Santa Maria do Suaçuí,MG,Sudeste,12817,12788,2582,292,223266,17459,624.047,20.49,0.64
3158300,Santana da Vargem,MG,Sudeste,6756,6691,3753,497,258303,38605,172.444,38.8,0.698
3158409,Santana de Cataguases,MG,Sudeste,3548,3489,4857,737,61153,17527,161.486,21.61,0.694
3158508,Santana de Pirapama,MG,Sudeste,7030,7030,3692,480,135533,19279,1255.832,5.6,0.628
3158607,Santana do Deserto,MG,Sudeste,3815,3747,4765,716,84574,22571,182.655,20.51,0.651
3158706,Santana do Garambéu,MG,Sudeste,2171,2137,5397,832,48322,22612,203.074,10.52,0.667
3158805,Santana do Jacaré,MG,Sudeste,4246,4214,4598,683,129242,30670,106.169,39.69,0.647
3158904,Santana do Manhuaçu,MG,Sudeste,9264,8987,3226,387,227887,25357,347.362,25.87,0.621
3158953,Santana do Paraíso,MG,Sudeste,49025,44800,697,77,1250978,27924,276.067,162.28,0.685
3159001,Santana do Riacho,MG,Sudeste,5654,5313,4090,567,139841,26321,677.207,7.85,0.665
3159100,Santana dos Montes,MG,Sudeste,3490,3469,4875,740,64537,18604,196.565,17.65,0.647
3159209,Santa Rita de Caldas,MG,Sudeste,8561,8460,3342,417,249061,29440,503.011,16.82,0.69
3159308,Santa Rita de Jacutinga,MG,Sudeste,4826,4755,4351,628,87242,18347,420.94,11.3,0.682
3159357,Santa Rita de Minas,MG,Sudeste,6969,6773,3706,483,208456,30777,68.153,99.38,0.613
3159407,Santa Rita de Ibitipoca,MG,Sudeste,3331,3301,4940,755,72264,21892,324.234,10.18,0.63
3159506,Santa Rita do Itueto,MG,Sudeste,5984,5826,3993,547,233545,40087,485.081,12.01,0.607
3159605,Santa Rita do Sapucaí,MG,Sudeste,42517,40635,804,83,2514298,61875,352.969,115.12,0.721
3159704,Santa Rosa da Serra,MG,Sudeste,3487,3382,4877,741,119336,35286,284.334,11.89,0.705
3159803,Santa Vitória,MG,Sudeste,21914,20973,1618,168,1006615,47996,2998.364,6.99,0.71
3159902,Santo Antônio do Amparo,MG,Sudeste,17657,17285,1992,215,477372,27618,488.885,35.36,0.672
3160009,Santo Antônio do Aventureiro,MG,Sudeste,3896,3769,4737,711,79245,21025,202.032,18.66,0.671
3160108,Santo Antônio do Grama,MG,Sudeste,4352,4229,4552,671,102566,24253,130.213,32.48,0.633
3160207,Santo Antônio do Itambé,MG,Sudeste,3969,3915,4717,705,59343,15158,305.737,12.81,0.558
3160306,Santo Antônio do Jacinto,MG,Sudeste,10324,10327,3058,369,131044,12689,503.706,20.5,0.574
3160405,Santo Antônio do Monte,MG,Sudeste,28456,27295,1246,127,942155,34517,1125.78,24.25,0.724
3160454,Santo Antônio do Retiro,MG,Sudeste,6729,6629,3763,499,84684,12775,796.29,8.32,0.57
3160504,Santo Antônio do Rio Abaixo,MG,Sudeste,1856,1808,5484,842,38142,21096,107.269,16.85,0.669
3160603,Santo Hipólito,MG,Sudeste,2692,2717,5229,809,71685,26384,430.656,6.31,0.657
3160702,Santos Dumont,MG,Sudeste,43218,42406,790,82,1259406,29699,637.373,66.53,0.741
3160801,São Bento Abade,MG,Sudeste,4846,4713,4342,626,96683,20514,80.403,58.62,0.672
3160900,São Brás do Suaçuí,MG,Sudeste,4161,3989,4635,691,100032,25077,110.019,36.26,0.664
3160959,São Domingos das Dores,MG,Sudeste,5793,5626,4046,555,120618,21439,60.865,92.43,0.638
3161007,São Domingos do Prata,MG,Sudeste,17783,17392,1973,212,402896,23166,743.768,23.38,0.69
3161056,São Félix de Minas,MG,Sudeste,3244,3200,4974,759,59108,18471,162.56,19.69,0.62
3161106,São Francisco,MG,Sudeste,54223,52762,630,68,859289,16286,3308.1,15.95,0.638
3161205,São Francisco de Paula,MG,Sudeste,6281,6187,3902,530,231806,37467,316.822,19.53,0.66
3161304,São Francisco de Sales,MG,Sudeste,5858,5732,4024,550,249352,43502,1128.864,5.08,0.688
3161403,São Francisco do Glória,MG,Sudeste,4848,4800,4337,623,89843,18717,164.613,29.16,0.663
3161502,São Geraldo,MG,Sudeste,10524,10282,3011,362,351897,34225,185.578,55.41,0.651
3161601,São Geraldo da Piedade,MG,Sudeste,3200,3305,5003,768,53463,16176,152.336,21.7,0.6
3161650,São Geraldo do Baixio,MG,Sudeste,3158,3143,5021,774,56811,18075,280.954,11.19,0.63
3161700,São Gonçalo do Abaeté,MG,Sudeste,7515,7375,3566,459,376329,51028,2692.545,2.74,0.67
3161809,São Gonçalo do Pará,MG,Sudeste,12275,11770,2654,305,380221,32304,265.73,44.29,0.689
3161908,São Gonçalo do Rio Abaixo,MG,Sudeste,12475,11850,2622,301,3766222,317825,363.828,32.57,0.667
3162005,São Gonçalo do Sapucaí,MG,Sudeste,24497,23959,1472,152,1189277,49638,516.683,46.37,0.715
3162104,São Gotardo,MG,Sudeste,43851,40910,777,80,1555361,38019,866.087,47.24,0.736
3162203,São João Batista do Glória,MG,Sudeste,7959,7652,3460,438,294819,38528,547.908,13.97,0.724
3162252,São João da Lagoa,MG,Sudeste,4962,4822,4302,616,73610,15265,998.015,4.83,0.634
3162302,São João da Mata,MG,Sudeste,3012,2914,5087,785,65323,22417,120.536,24.18,0.653
3162401,São João da Ponte,MG,Sudeste,24197,23930,1495,155,358301,14973,1851.102,12.93,0.569
3162450,São João das Missões,MG,Sudeste,13547,13024,2505,281,119038,9140,678.274,19.2,0.529
3162500,São João del Rei,MG,Sudeste,94468,90225,365,40,3505346,38851,1452.002,62.14,0.758
3162559,São João do Manhuaçu,MG,Sudeste,11676,11246,2720,315,245232,21806,143.096,78.59,0.65
3162575,São João do Manteninha,MG,Sudeste,5479,5331,4143,579,92757,17400,137.928,38.65,0.64
3162609,São João do Oriente,MG,Sudeste,7099,7070,3673,477,129881,18371,120.122,58.86,0.648
3162658,São João do Pacuí,MG,Sudeste,4050,3972,4678,697,52787,13290,415.922,9.55,0.625
3162708,São João do Paraíso,MG,Sudeste,24706,23910,1449,147,343637,14372,1925.575,12.42,0.615
3162807,São João Evangelista,MG,Sudeste,15613,15315,2194,235,292736,19114,478.183,32.03,0.638
3162906,São João Nepomuceno,MG,Sudeste,26529,25565,1329,138,672478,26305,407.427,62.75,0.708
3162922,São Joaquim de Bicas,MG,Sudeste,37017,34348,936,102,1065144,31010,71.758,478.66,0.662
3162948,São José da Barra,MG,Sudeste,8145,7793,3417,431,911245,116931,308.319,25.28,0.739
3162955,São José da Lapa,MG,Sudeste,28087,26090,1267,128,1026319,39338,47.93,544.34,0.729
3163003,São José da Safira,MG,Sudeste,3849,3806,4753,714,53062,13942,213.881,17.79,0.583
3163102,São José da Varginha,MG,Sudeste,4698,4536,4403,642,136884,30177,205.501,22.07,0.704
3163201,São José do Alegre,MG,Sudeste,4252,4133,4591,680,78981,19110,88.794,46.55,0.717
3163300,São José do Divino,MG,Sudeste,3482,3464,4879,742,60348,17421,328.704,10.54,0.658
3163409,São José do Goiabal,MG,Sudeste,5482,5396,4141,578,87323,16183,189.578,28.46,0.666
3163508,São José do Jacuri,MG,Sudeste,6282,6197,3901,529,157541,25422,345.146,17.95,0.566
3163607,São José do Mantimento,MG,Sudeste,2844,2753,5156,797,56992,20702,54.701,50.33,0.657
3163706,São Lourenço,MG,Sudeste,46868,44798,730,79,1412020,31520,58.019,772.13,0.759
3163805,São Miguel do Anta,MG,Sudeste,6410,6334,3857,516,129740,20483,152.111,41.64,0.644
3163904,São Pedro da União,MG,Sudeste,4973,4885,4296,614,157484,32238,260.827,18.73,0.674
3164001,São Pedro dos Ferros,MG,Sudeste,7132,7166,3661,475,160626,22415,402.739,17.79,0.659
3164100,São Pedro do Suaçuí,MG,Sudeste,5143,5103,4236,598,117362,22999,308.106,16.56,0.622
3164209,São Romão,MG,Sudeste,10562,10315,2995,358,228105,22114,2434.004,4.24,0.64
3164308,São Roque de Minas,MG,Sudeste,7370,7129,3598,463,424172,59500,2098.867,3.4,0.672
3164407,São Sebastião da Bela Vista,MG,Sudeste,6778,6387,3748,496,718487,112492,167.428,38.15,0.692
3164431,São Sebastião da Vargem Alegre,MG,Sudeste,3239,3113,4978,760,64187,20619,73.629,42.28,0.66
3164472,São Sebastião do Anta,MG,Sudeste,6415,6194,3851,515,128460,20739,80.618,76.83,0.607
3164506,São Sebastião do Maranhão,MG,Sudeste,10218,10079,3075,370,126120,12513,517.83,19.46,0.581
3164605,São Sebastião do Oeste,MG,Sudeste,9527,8815,3175,379,882568,100121,408.09,21.6,0.626
3164704,São Sebastião do Paraíso,MG,Sudeste,75179,71796,463,53,2834250,39476,814.925,88.1,0.722
3164803,São Sebastião do Rio Preto,MG,Sudeste,1229,1259,5562,851,31555,25064,128.002,9.84,0.632
3164902,São Sebastião do Rio Verde,MG,Sudeste,2385,2300,5324,820,48145,20933,90.848,25.32,0.676
3165008,São Tiago,MG,Sudeste,11559,11192,2738,318,280531,25065,572.4,19.55,0.662
3165107,São Tomás de Aquino,MG,Sudeste,6837,6740,3733,491,236784,35131,277.928,24.25,0.7
3165206,São Tomé das Letras,MG,Sudeste,7107,6904,3667,476,159506,23103,369.747,18.67,0.667
3165305,São Vicente de Minas,MG,Sudeste,6928,6804,3715,485,248336,36499,392.651,17.33,0.715
3165404,Sapucaí-Mirim,MG,Sudeste,6469,6311,3834,512,174274,27614,285.073,22.14,0.68
3165503,Sardoá,MG,Sudeste,5140,5104,4238,599,85294,16711,141.904,35.97,0.636
3165537,Sarzedo,MG,Sudeste,39974,36844,856,95,1642522,44580,62.134,592.98,0.734
3165552,Setubinha,MG,Sudeste,9985,9917,3104,371,135060,13619,534.655,18.55,0.542
3165560,Sem-Peixe,MG,Sudeste,2420,2433,5314,816,41763,17165,176.634,13.77,0.654
3165578,Senador Amaral,MG,Sudeste,6517,6206,3815,510,115730,18648,151.097,41.07,0.661
3165602,Senador Cortes,MG,Sudeste,2335,2240,5341,824,48570,21683,98.336,22.78,0.674
3165701,Senador Firmino,MG,Sudeste,7977,7716,3455,437,142956,18527,166.495,46.34,0.644
3165800,Senador José Bento,MG,Sudeste,2149,2068,5406,834,43395,20984,93.892,22.03,0.684
3165909,Senador Modestino Gonçalves,MG,Sudeste,4006,4008,4693,700,92679,23124,952.055,4.21,0.62
3166006,Senhora de Oliveira,MG,Sudeste,5577,5483,4118,573,91128,16620,170.749,32.11,0.631
3166105,Senhora do Porto,MG,Sudeste,3066,3067,5058,780,56070,18282,381.328,8.04,0.565
3166204,Senhora dos Remédios,MG,Sudeste,10657,10384,2958,353,138814,13368,237.815,43.66,0.626
3166303,Sericita,MG,Sudeste,7552,7345,3553,455,156438,21299,166.012,44.24,0.56
3166402,Seritinga,MG,Sudeste,1866,1819,5481,840,54766,30108,114.769,15.85,0.66
3166501,Serra Azul de Minas,MG,Sudeste,3808,3792,4768,718,56049,14781,218.595,17.35,0.557
3166600,Serra da Saudade,MG,Sudeste,856,833,5571,853,25562,30687,335.659,2.48,0.677
3166709,Serra dos Aimorés,MG,Sudeste,6859,6944,3728,490,159079,22909,213.574,32.51,0.651
3166808,Serra do Salitre,MG,Sudeste,12286,11801,2653,304,898489,76137,1295.272,9.11,0.696
3166907,Serrania,MG,Sudeste,7811,7621,3486,443,202565,26580,209.27,36.42,0.677
3166956,Serranópolis de Minas,MG,Sudeste,4497,4399,4485,657,61271,13928,551.954,7.97,0.633
3167004,Serranos,MG,Sudeste,2036,1990,5444,837,48320,24281,213.173,9.34,0.643
3167103,Serro,MG,Sudeste,22624,21952,1567,163,386923,17626,1217.813,18.03,0.656
3167202,Sete Lagoas,MG,Sudeste,238909,227397,137,11,14904465,65544,536.928,423.51,0.76
3167301,Silveirânia,MG,Sudeste,2399,2323,5319,818,45007,19375,157.456,14.75,0.652
3167400,Silvianópolis,MG,Sudeste,6348,6179,3876,520,178703,28921,312.166,19.79,0.699
3167509,Simão Pereira,MG,Sudeste,3084,2947,5050,779,116089,39392,135.689,21.72,0.638
3167608,Simonésia,MG,Sudeste,20431,19750,1722,189,371230,18796,486.543,40.59,0.632
3167707,Sobrália,MG,Sudeste,5140,5137,4239,600,82141,15990,206.787,24.84,0.631
3167806,Soledade de Minas,MG,Sudeste,5733,5613,4062,561,104147,18555,196.866,28.51,0.697
3167905,Tabuleiro,MG,Sudeste,4097,4014,4661,694,86585,21571,211.084,19.02,0.681
3168002,Taiobeiras,MG,Sudeste,34537,33050,999,106,705373,21343,1220.046,27.09,0.67
3168051,Taparuba,MG,Sudeste,3508,3387,4869,739,59981,17709,193.082,17.54,0.645
3168101,Tapira,MG,Sudeste,4215,4118,4612,687,631716,153404,1179.248,3.49,0.712
3168200,Tapiraí,MG,Sudeste,1698,1690,5520,844,70281,41586,407.92,4.14,0.667
3168309,Taquaraçu de Minas,MG,Sudeste,4394,4224,4534,666,84703,20053,329.287,12.83,0.651
3168408,Tarumirim,MG,Sudeste,15104,14709,2234,243,236378,16070,731.753,20.1,0.633
3168507,Teixeiras,MG,Sudeste,12691,12255,2596,296,220040,17955,166.735,73.5,0.675
3168606,Teófilo Otoni,MG,Sudeste,142851,137418,220,19,3540248,25763,3242.27,42.38,0.701
3168705,Timóteo,MG,Sudeste,84172,81579,404,46,4648992,56988,144.381,565.03,0.77
3168804,Tiradentes,MG,Sudeste,8056,7744,3443,436,297551,38423,83.047,93.25,0.74
3168903,Tiros,MG,Sudeste,8231,7883,3406,428,441044,55949,2091.774,3.77,0.683
3169000,Tocantins,MG,Sudeste,16603,16185,2101,230,450784,27852,173.866,93.09,0.688
3169059,Tocos do Moji,MG,Sudeste,3894,3826,4738,712,82673,21608,114.705,33.36,0.696
3169109,Toledo,MG,Sudeste,7625,7214,3532,451,125618,17413,136.776,52.74,0.661
3169208,Tombos,MG,Sudeste,8653,8609,3324,413,168052,19521,285.124,30.19,0.718
3169307,Três Corações,MG,Sudeste,78291,75485,435,51,3568710,47277,828.038,91.16,0.744
3169356,Três Marias,MG,Sudeste,29985,28895,1188,122,2582531,89376,2678.253,10.79,0.752
3169406,Três Pontas,MG,Sudeste,57209,55255,598,64,2288500,41417,689.794,80.1,0.731
3169505,Tumiritinga,MG,Sudeste,5955,5886,4000,548,94510,16057,500.073,11.77,0.626
3169604,Tupaciguara,MG,Sudeste,26583,25470,1324,137,1400211,54975,1822.53,13.98,0.719
3169703,Turmalina,MG,Sudeste,20769,20000,1698,183,486869,24343,1153.111,17.34,0.682
3169802,Turvolândia,MG,Sudeste,5097,4935,4253,607,158832,32185,221,22.33,0.696
3169901,Ubá,MG,Sudeste,107423,103365,314,33,4462212,43169,407.452,253.69,0.724
3170008,Ubaí,MG,Sudeste,11985,11708,2682,310,142057,12133,820.524,14.27,0.609
3170057,Ubaporanga,MG,Sudeste,13485,13017,2513,282,227184,17453,189.045,68.86,0.614
3170107,Uberaba,MG,Sudeste,356781,337836,82,7,23689377,70121,4523.957,74.68,0.772
3170206,Uberlândia,MG,Sudeste,761835,713224,27,2,51065684,71598,4115.206,173.31,0.789
3170305,Umburatiba,MG,Sudeste,2742,2684,5201,804,54271,20220,405.834,6.61,0.638
3170404,Unaí,MG,Sudeste,91320,86619,374,43,5221529,60282,8445.432,10.26,0.736
3170438,União de Minas,MG,Sudeste,3818,3828,4762,715,187679,49028,1147.407,3.34,0.672
3170479,Uruana de Minas,MG,Sudeste,3365,3282,4923,754,96142,29294,598.221,5.49,0.664
3170503,Urucânia,MG,Sudeste,10899,10600,2887,344,356137,33598,138.792,76.37,0.633
3170529,Urucuia,MG,Sudeste,18515,17479,1882,204,230887,13209,2076.942,8.42,0.619
3170578,Vargem Alegre,MG,Sudeste,5800,5780,4043,554,86774,15013,116.664,49.54,0.631
3170602,Vargem Bonita,MG,Sudeste,2207,2158,5381,828,92402,42818,409.888,5.26,0.696
3170651,Vargem Grande do Rio Pardo,MG,Sudeste,4724,4633,4391,639,77007,16621,491.512,9.43,0.634
3170701,Varginha,MG,Sudeste,143676,136467,218,18,10068568,73780,395.396,345.14,0.778
3170750,Varjão de Minas,MG,Sudeste,7305,6969,3616,465,361878,51927,651.505,10.7,0.711
3170800,Várzea da Palma,MG,Sudeste,34555,33744,998,105,1351754,40059,2220.279,15.2,0.666
3170909,Varzelândia,MG,Sudeste,19210,18840,1809,195,235098,12479,814.994,23.12,0.594
3171006,Vazante,MG,Sudeste,20459,19975,1716,187,1203159,60233,1913.396,10.44,0.742
3171030,Verdelândia,MG,Sudeste,7737,7672,3507,446,136751,17825,1570.582,4.88,0.584
3171071,Veredinha,MG,Sudeste,5240,5181,4205,591,114943,22185,631.692,8.2,0.632
3171105,Veríssimo,MG,Sudeste,3478,3411,4881,744,306968,89994,1031.823,3.31,0.667
3171154,Vermelho Novo,MG,Sudeste,5048,4899,4269,610,87809,17924,115.242,42.51,0.612
3171204,Vespasiano,MG,Sudeste,138583,129246,230,21,3619031,28001,71.04,1819.34,0.688
3171303,Viçosa,MG,Sudeste,79517,76430,426,50,2234764,29239,299.418,255.26,0.775
3171402,Vieiras,MG,Sudeste,3781,3700,4777,724,69385,18753,112.691,32.83,0.668
3171501,Mathias Lobato,MG,Sudeste,3053,3038,5067,782,58002,19092,172.297,17.63,0.612
3171600,Virgem da Lapa,MG,Sudeste,11774,11804,2706,313,162588,13774,868.914,13.58,0.61
3171709,Virgínia,MG,Sudeste,9164,8908,3243,393,238863,26814,326.515,27.28,0.651
3171808,Virginópolis,MG,Sudeste,10511,10314,3015,363,210992,20457,439.878,23.45,0.675
3171907,Virgolândia,MG,Sudeste,4471,4552,4500,659,67748,14883,281.022,16.2,0.62
3172004,Visconde do Rio Branco,MG,Sudeste,40711,39160,837,91,2052278,52408,243.351,160.92,0.709
3172103,Volta Grande,MG,Sudeste,4441,4443,4513,662,146386,32948,205.552,21.61,0.669
3172202,Wenceslau Braz,MG,Sudeste,2377,2356,5327,821,43767,18577,102.487,22.99,0.678
3200102,Afonso Cláudio,ES,Sudeste,32456,30684,1092,22,740220,24124,941.188,32.6,0.667
3200136,Águia Branca,ES,Sudeste,10143,9711,3081,69,313558,32289,454.448,21.37,0.678
3200169,Água Doce do Norte,ES,Sudeste,12585,12042,2609,57,234307,19457,473.729,25.42,0.652
3200201,Alegre,ES,Sudeste,30702,29177,1159,25,702107,24064,756.86,38.55,0.721
3200300,Alfredo Chaves,ES,Sudeste,14376,13836,2344,46,565385,40863,615.677,22.47,0.71
3200359,Alto Rio Novo,ES,Sudeste,7760,7434,3501,73,152485,20512,227.617,32.66,0.664
3200409,Anchieta,ES,Sudeste,33017,29984,1068,20,2317579,77294,409.691,73.19,0.73
3200508,Apiacá,ES,Sudeste,7462,7223,3575,74,146814,20326,193.984,37.24,0.673
3200607,Aracruz,ES,Sudeste,103363,94765,327,10,7724839,81516,1420.285,66.72,0.752
3200706,Atílio Vivácqua,ES,Sudeste,11046,10540,2854,66,453839,43059,232.868,45.26,0.708
3200805,Baixo Guandu,ES,Sudeste,32829,30674,1074,21,910611,29687,909.039,33.74,0.702
3200904,Barra de São Francisco,ES,Sudeste,45415,42498,752,15,1326677,31217,944.521,44.99,0.683
3201001,Boa Esperança,ES,Sudeste,14054,13608,2429,50,372418,27368,428.716,31.74,0.679
3201100,Bom Jesus do Norte,ES,Sudeste,10820,10254,2910,68,269758,26308,89.084,115.1,0.734
3201159,Brejetuba,ES,Sudeste,13718,12985,2489,53,342658,26389,354.404,36.64,0.656
3201209,Cachoeiro de Itapemirim,ES,Sudeste,198342,185786,161,5,7593554,40873,864.583,214.89,0.746
3201308,Cariacica,ES,Sudeste,376200,353491,73,3,19710843,55761,279.718,1263.74,0.718
3201407,Castelo,ES,Sudeste,39575,36930,868,17,1395638,37791,663.515,55.66,0.726
3201506,Colatina,ES,Sudeste,129301,120033,248,9,5157945,42971,1398.219,85.85,0.746
3201605,Conceição da Barra,ES,Sudeste,28923,27458,1226,27,676074,24622,1182.587,23.22,0.681
3201704,Conceição do Castelo,ES,Sudeste,12472,11937,2624,58,356679,29880,369.778,32.28,0.67
3201803,Divino de São Lourenço,ES,Sudeste,5397,5083,4167,78,101958,20059,174.039,29.21,0.632
3201902,Domingos Martins,ES,Sudeste,38236,35416,908,18,1294974,36565,1229.21,28.81,0.669
3202009,Dores do Rio Preto,ES,Sudeste,6902,6596,3719,75,232278,35215,159.298,41.41,0.654
3202108,Ecoporanga,ES,Sudeste,22611,21992,1570,35,481243,21883,2285.369,9.62,0.662
3202207,Fundão,ES,Sudeste,18898,18014,1836,42,595415,33053,286.854,62.8,0.718
3202256,Governador Lindenberg,ES,Sudeste,11484,11009,2751,62,428413,38915,360.016,30.58,0.694
3202306,Guaçuí,ES,Sudeste,31418,29358,1140,24,783590,26691,468.185,62.71,0.703
3202405,Guarapari,ES,Sudeste,136311,124656,236,7,3391095,27204,589.825,211.34,0.731
3202454,Ibatiba,ES,Sudeste,27543,25380,1285,29,560947,22102,240.278,105.63,0.647
3202504,Ibiraçu,ES,Sudeste,12304,11723,2647,59,359707,30684,201.248,58.25,0.726
3202553,Ibitirama,ES,Sudeste,10015,9520,3102,70,206693,21711,330.874,28.77,0.622
3202603,Iconha,ES,Sudeste,12790,12326,2586,56,385081,31241,203.528,60.56,0.729
3202652,Irupi,ES,Sudeste,14647,13710,2292,45,280698,20474,184.807,74.19,0.637
3202702,Itaguaçu,ES,Sudeste,14042,13589,2431,51,453183,33349,535.021,25.4,0.702
3202801,Itapemirim,ES,Sudeste,44020,39832,775,16,6134486,154009,550.71,72.33,0.654
3202900,Itarana,ES,Sudeste,10975,10597,2870,67,441241,41638,295.189,35.9,0.684
3203007,Iúna,ES,Sudeste,30556,28590,1168,26,722976,25288,460.586,62.07,0.666
3203056,Jaguaré,ES,Sudeste,31551,28931,1138,23,1252073,43278,659.751,43.85,0.678
3203106,Jerônimo Monteiro,ES,Sudeste,12108,11575,2669,60,218904,18912,177.342,65.27,0.698
3203130,João Neiva,ES,Sudeste,14295,14079,2366,47,615682,43731,284.735,49.45,0.753
3203163,Laranja da Terra,ES,Sudeste,11597,11094,2731,61,272934,24602,458.37,24.2,0.656
3203205,Linhares,ES,Sudeste,183797,166786,169,6,10014356,60043,3496.263,47.7,0.724
3203304,Mantenópolis,ES,Sudeste,13131,12770,2548,54,250803,19640,321.418,39.73,0.657
3203320,Marataízes,ES,Sudeste,45953,41929,742,13,7102418,169392,130.268,321.87,0.696
3203346,Marechal Floriano,ES,Sudeste,18964,17641,1829,41,682791,38705,285.495,61.79,0.71
3203353,Marilândia,ES,Sudeste,13087,12387,2558,55,404453,32651,327.642,37.81,0.696
3203403,Mimoso do Sul,ES,Sudeste,25088,24475,1412,31,702863,28718,869.439,28.15,0.67
3203502,Montanha,ES,Sudeste,19830,18900,1765,39,564549,29870,1099.06,17.2,0.667
3203601,Mucurici,ES,Sudeste,5653,5466,4092,77,136015,24884,540.529,10.11,0.666
3203700,Muniz Freire,ES,Sudeste,18809,18153,1846,43,509938,28091,678.804,26.74,0.645
3203809,Muqui,ES,Sudeste,14185,13745,2393,49,307885,22400,327.268,42,0.694
3203908,Nova Venécia,ES,Sudeste,52324,49065,655,12,1886121,38441,1439.571,34.08,0.712
3204005,Pancas,ES,Sudeste,19120,18893,1820,40,467082,24722,837.842,22.55,0.667
3204054,Pedro Canário,ES,Sudeste,21923,21522,1617,36,545057,25326,433.453,49.65,0.654
3204104,Pinheiros,ES,Sudeste,24843,23915,1442,32,1024676,42847,973.136,24.58,0.673
3204203,Piúma,ES,Sudeste,23912,22300,1511,33,1056103,47359,74.046,301.16,0.727
3204252,Ponto Belo,ES,Sudeste,6671,6497,3778,76,141034,21708,360.11,18.04,0.669
3204302,Presidente Kennedy,ES,Sudeste,14852,13696,2265,44,7368211,537983,594.897,23.02,0.657
3204351,Rio Bananal,ES,Sudeste,20350,19274,1728,38,787898,40879,641.929,30.03,0.681
3204401,Rio Novo do Sul,ES,Sudeste,11471,11069,2757,63,293579,26523,204.464,54.14,0.711
3204500,Santa Leopoldina,ES,Sudeste,13813,13106,2477,52,439644,33545,718.325,18.25,0.626
3204559,Santa Maria de Jetibá,ES,Sudeste,45575,41636,750,14,2592685,62270,735.198,56.63,0.671
3204609,Santa Teresa,ES,Sudeste,23872,22808,1515,34,820679,35982,683.032,33.39,0.714
3204658,São Domingos do Norte,ES,Sudeste,9051,8589,3260,72,391545,45587,298.58,28.77,0.682
3204708,São Gabriel da Palha,ES,Sudeste,34272,32252,1012,19,988351,30645,434.887,74.16,0.709
3204807,São José do Calçado,ES,Sudeste,11411,10878,2776,64,230812,21218,273.489,39.77,0.688
3204906,São Mateus,ES,Sudeste,134423,123752,241,8,4355437,35195,2346.049,52.75,0.735
3204955,São Roque do Canaã,ES,Sudeste,11256,10886,2814,65,301801,27724,341.944,31.84,0.7
3205002,Serra,ES,Sudeste,579720,520653,39,1,37649155,72311,547.631,950.74,0.739
3205010,Sooretama,ES,Sudeste,28668,26502,1240,28,911932,34410,587.036,45.15,0.662
3205036,Vargem Alta,ES,Sudeste,20390,19563,1723,37,523374,26753,417.76,46.83,0.663
3205069,Venda Nova do Imigrante,ES,Sudeste,25395,23831,1385,30,945412,39672,185.909,128.19,0.728
3205101,Viana,ES,Sudeste,79043,73423,432,11,5957536,81140,312.279,235.12,0.686
3205150,Vila Pavão,ES,Sudeste,9319,8911,3214,71,213352,23943,433.257,20.57,0.681
3205176,Vila Valério,ES,Sudeste,14267,13728,2374,48,615692,44849,470.343,29.19,0.675
3205200,Vila Velha,ES,Sudeste,506779,467722,47,2,19711328,42143,210.225,2224.86,0.8
3205309,Vitória,ES,Sudeste,343378,322869,85,4,28257606,87520,97.123,3324.33,0.845
3300100,Angra dos Reis,RJ,Sudeste,179142,167434,175,18,11900498,71076,813.42,205.84,0.724
3300159,Aperibé,RJ,Sudeste,11426,11034,2771,82,301129,27291,94.542,116.71,0.692
3300209,Araruama,RJ,Sudeste,137906,129671,232,24,13156181,101458,638.276,203.16,0.718
3300225,Areal,RJ,Sudeste,12239,11828,2656,81,597072,50480,110.724,106.82,0.684
3300233,Armação dos Búzios,RJ,Sudeste,42527,40006,803,45,5019621,125472,70.977,563.65,0.728
3300258,Arraial do Cabo,RJ,Sudeste,32822,30986,1075,51,9335374,301277,152.106,203.71,0.733
3300308,Barra do Piraí,RJ,Sudeste,98506,92883,345,30,3225723,34729,584.61,158.88,0.733
3300407,Barra Mansa,RJ,Sudeste,181679,169894,173,17,6831115,40208,547.133,310.52,0.729
3300456,Belford Roxo,RJ,Sudeste,518384,483087,43,6,9686339,20051,78.985,6116.19,0.684
3300506,Bom Jardim,RJ,Sudeste,29758,28102,1194,54,1018920,36258,382.43,73.48,0.66
3300605,Bom Jesus do Itabapoana,RJ,Sudeste,37176,35173,931,48,1207611,34333,596.659,58.95,0.732
3300704,Cabo Frio,RJ,Sudeste,238438,222161,138,14,16964472,76361,413.449,537.34,0.735
3300803,Cachoeiras de Macacu,RJ,Sudeste,59861,56943,576,35,1702402,29897,954.749,59.64,0.7
3300902,Cambuci,RJ,Sudeste,15069,14616,2237,75,479568,32811,558.281,26.18,0.691
3300936,Carapebus,RJ,Sudeste,14329,13847,2357,77,1045633,75513,304.885,45.42,0.713
3300951,Comendador Levy Gasparian,RJ,Sudeste,9048,8741,3261,88,633562,72482,108.639,80.46,0.685
3301009,Campos dos Goytacazes,RJ,Sudeste,519259,483540,42,5,42953469,88831,4032.487,119.91,0.716
3301108,Cantagalo,RJ,Sudeste,19995,19390,1754,67,1075296,55456,747.21,25.95,0.709
3301157,Cardoso Moreira,RJ,Sudeste,13407,12958,2524,79,393125,30338,522.596,24.8,0.648
3301207,Carmo,RJ,Sudeste,17741,17198,1979,72,671866,39067,305.749,56.25,0.696
3301306,Casimiro de Abreu,RJ,Sudeste,48636,46110,706,38,3363239,72939,462.918,99.61,0.726
3301405,Conceição de Macabu,RJ,Sudeste,21770,21104,1627,64,504000,23882,338.26,62.39,0.712
3301504,Cordeiro,RJ,Sudeste,21448,20783,1656,65,530533,25527,113.048,183.84,0.729
3301603,Duas Barras,RJ,Sudeste,11355,10980,2786,83,285448,25997,379.619,28.92,0.659
3301702,Duque de Caxias,RJ,Sudeste,866225,808161,21,3,70068007,86701,467.319,1729.36,0.711
3301801,Engenheiro Paulo de Frontin,RJ,Sudeste,12644,12242,2601,80,320438,26175,139.381,87.83,0.722
3301850,Guapimirim,RJ,Sudeste,54311,51696,627,37,1589983,30756,358.443,144.22,0.698
3301876,Iguaba Grande,RJ,Sudeste,29616,27920,1199,55,814661,29178,50.977,547.7,0.761
3301900,Itaboraí,RJ,Sudeste,240127,224267,136,13,6278393,27995,429.961,521.6,0.693
3302007,Itaguaí,RJ,Sudeste,124021,116841,259,26,11383962,97431,282.606,413.44,0.715
3302056,Italva,RJ,Sudeste,14518,14073,2313,76,431493,30661,291.193,48.33,0.688
3302106,Itaocara,RJ,Sudeste,23645,22919,1525,60,756489,33007,433.182,52.91,0.713
3302205,Itaperuna,RJ,Sudeste,107297,101041,315,28,4067637,40257,1106.694,91.3,0.73
3302254,Itatiaia,RJ,Sudeste,32713,30908,1079,52,6988685,226112,241.035,128.23,0.737
3302270,Japeri,RJ,Sudeste,102171,96289,332,29,1874798,19471,81.697,1178.61,0.659
3302304,Laje do Muriaé,RJ,Sudeste,7584,7336,3546,90,208603,28436,253.53,28.94,0.668
3302403,Macaé,RJ,Sudeste,264439,246391,116,11,22394860,90892,1216.989,202.46,0.764
3302452,Macuco,RJ,Sudeste,5602,5415,4110,92,282626,52193,78.364,69.1,0.703
3302502,Magé,RJ,Sudeste,244142,228127,130,12,5301411,23239,390.775,583.78,0.709
3302601,Mangaratiba,RJ,Sudeste,43660,41220,782,43,3443660,83543,367.606,112.13,0.753
3302700,Maricá,RJ,Sudeste,212470,197277,153,15,134092034,679714,361.572,545.61,0.765
3302809,Mendes,RJ,Sudeste,18048,17502,1934,69,444764,25412,95.324,183.61,0.736
3302858,Mesquita,RJ,Sudeste,178830,167127,176,19,3029007,18124,41.169,4059.54,0.737
3302908,Miguel Pereira,RJ,Sudeste,28142,26582,1264,58,847198,31871,287.933,92.32,0.745
3303005,Miracema,RJ,Sudeste,28416,26881,1250,57,742077,27606,303.27,88.64,0.713
3303104,Natividade,RJ,Sudeste,15551,15074,2199,74,408436,27095,387.073,38.94,0.73
3303203,Nilópolis,RJ,Sudeste,155500,146774,204,22,3339769,22755,19.393,7568.4,0.753
3303302,Niterói,RJ,Sudeste,516787,481749,45,7,76268005,158315,133.757,3601.67,0.837
3303401,Nova Friburgo,RJ,Sudeste,203417,189939,158,16,7367567,38789,935.429,203.05,0.745
3303500,Nova Iguaçu,RJ,Sudeste,843220,785867,22,4,20518624,26110,520.581,1509.6,0.713
3303609,Paracambi,RJ,Sudeste,43627,41375,785,44,1085489,26235,190.949,216.68,0.72
3303708,Paraíba do Sul,RJ,Sudeste,44479,42063,768,41,1399157,33263,571.118,73.65,0.702
3303807,Paraty,RJ,Sudeste,47668,45243,715,39,6324392,139787,924.296,48.95,0.693
3303856,Paty do Alferes,RJ,Sudeste,31370,29619,1142,53,862740,29128,314.341,94.23,0.671
3303906,Petrópolis,RJ,Sudeste,294926,278881,99,9,19907335,71383,791.144,352.5,0.745
3303955,Pinheiral,RJ,Sudeste,25096,24298,1410,59,1187697,48880,82.254,295.4,0.715
3304003,Piraí,RJ,Sudeste,29066,27474,1224,56,3388747,123344,490.255,56.04,0.708
3304102,Porciúncula,RJ,Sudeste,17832,17288,1963,71,559253,32349,291.847,59.24,0.697
3304110,Porto Real,RJ,Sudeste,21089,20373,1679,66,3205582,157345,50.892,400.32,0.713
3304128,Quatis,RJ,Sudeste,14165,13682,2400,78,400781,29293,284.826,48.04,0.69
3304144,Queimados,RJ,Sudeste,149135,140523,214,23,4938812,35146,75.927,1850.76,0.68
3304151,Quissamã,RJ,Sudeste,23142,22393,1545,61,5669644,253188,719.643,31.12,0.704
3304201,Resende,RJ,Sudeste,137697,129612,233,25,12267696,94649,1099.336,117.9,0.768
3304300,Rio Bonito,RJ,Sudeste,59126,56276,581,36,2038466,36223,459.458,122.48,0.71
3304409,Rio Claro,RJ,Sudeste,17951,17401,1946,70,577431,33184,846.797,20.55,0.683
3304508,Rio das Flores,RJ,Sudeste,9267,8954,3225,87,338695,37826,478.783,18.7,0.68
3304524,Rio das Ostras,RJ,Sudeste,168455,156491,190,21,10599898,67735,228.044,686.23,0.773
3304557,Rio de Janeiro,RJ,Sudeste,6730729,6211223,2,1,418462360,67372,1200.329,5174.6,0.799
3304607,Santa Maria Madalena,RJ,Sudeste,10580,10232,2990,85,275098,26886,810.963,12.62,0.668
3304706,Santo Antônio de Pádua,RJ,Sudeste,43697,41325,780,42,1686337,40807,603.633,68.46,0.718
3304755,São Francisco de Itabapoana,RJ,Sudeste,47397,45059,722,40,1481367,32876,1118.037,40.3,0.639
3304805,São Fidélis,RJ,Sudeste,41212,38961,829,46,985938,25306,1034.833,37.65,0.691
3304904,São Gonçalo,RJ,Sudeste,960196,896744,18,2,23063689,25719,248.16,3613.57,0.739
3305000,São João da Barra,RJ,Sudeste,38740,36573,888,47,13986152,382417,452.396,80.84,0.671
3305109,São João de Meriti,RJ,Sudeste,466503,440962,53,8,11534047,26157,35.216,12521.64,0.719
3305133,São José de Ubá,RJ,Sudeste,7318,7070,3613,91,232730,32918,249.688,28.32,0.652
3305158,São José do Vale do Rio Preto,RJ,Sudeste,22813,22080,1558,62,941645,42647,220.178,100.28,0.66
3305208,São Pedro da Aldeia,RJ,Sudeste,110677,104029,301,27,3359011,32289,332.488,312.88,0.712
3305307,São Sebastião do Alto,RJ,Sudeste,7993,7750,3451,89,272845,35206,397.214,19.51,0.646
3305406,Sapucaia,RJ,Sudeste,18291,17729,1898,68,1227721,69249,540.673,32.79,0.675
3305505,Saquarema,RJ,Sudeste,95315,89559,364,31,64701140,722442,352.13,254.34,0.709
3305554,Seropédica,RJ,Sudeste,84794,80596,399,32,3760076,46653,265.189,303.92,0.713
3305604,Silva Jardim,RJ,Sudeste,22028,21352,1612,63,705912,33061,937.755,22.77,0.654
3305703,Sumidouro,RJ,Sudeste,15693,15206,2183,73,733841,48260,413.407,36.78,0.611
3305752,Tanguá,RJ,Sudeste,32865,31086,1072,50,858815,27627,143.007,217.37,0.654
3305802,Teresópolis,RJ,Sudeste,176735,165123,177,20,7104546,43026,773.338,213.52,0.73
3305901,Trajano de Moraes,RJ,Sudeste,10654,10302,2961,84,290439,28192,591.151,17.43,0.667
3306008,Três Rios,RJ,Sudeste,82319,78346,413,33,6017636,76808,322.843,242.68,0.725
3306107,Valença,RJ,Sudeste,71449,68088,484,34,3104489,45595,1300.767,52.34,0.738
3306156,Varre-Sai,RJ,Sudeste,10563,10207,2994,86,407915,39964,201.938,50.55,0.659
3306206,Vassouras,RJ,Sudeste,35907,33976,963,49,1472880,43351,536.073,63.38,0.714
3306305,Volta Redonda,RJ,Sudeste,279971,261563,109,10,15307615,58524,182.105,1436.33,0.771
3500105,Adamantina,SP,Sudeste,35673,34687,967,178,1705895,49180,411.987,84.19,0.79
3500204,Adolfo,SP,Sudeste,4505,4351,4474,514,215283,49479,211.055,20.62,0.73
3500303,Aguaí,SP,Sudeste,32886,32072,1070,188,1773843,55308,474.554,67.58,0.715
3500402,Águas da Prata,SP,Sudeste,7463,7369,3574,423,272359,36960,142.673,51.65,0.781
3500501,Águas de Lindóia,SP,Sudeste,18257,17930,1903,271,801115,44680,60.126,298.21,0.745
3500550,Águas de Santa Bárbara,SP,Sudeste,7460,7177,3576,424,375562,52329,404.463,17.74,0.757
3500600,Águas de São Pedro,SP,Sudeste,2928,2780,5121,586,185390,66687,3.612,769.66,0.854
3500709,Agudos,SP,Sudeste,38988,37680,885,166,3415809,90653,966.708,38.98,0.745
3500758,Alambari,SP,Sudeste,6373,6141,3869,462,160252,26095,159.6,38.48,0.712
3500808,Alfredo Marcondes,SP,Sudeste,4574,4445,4445,513,158137,35576,118.915,37.38,0.741
3500907,Altair,SP,Sudeste,3467,3451,4890,567,210529,61005,313.007,11.03,0.687
3501004,Altinópolis,SP,Sudeste,17197,16818,2055,283,946538,56281,928.956,18.1,0.73
3501103,Alto Alegre,SP,Sudeste,3874,3841,4743,552,172396,44883,318.574,12.06,0.7
3501152,Alumínio,SP,Sudeste,17607,17301,1996,277,3438994,198774,83.619,206.9,0.766
3501202,Álvares Florence,SP,Sudeste,3979,3915,4716,548,175598,44853,362.411,10.8,0.728
3501301,Álvares Machado,SP,Sudeste,28386,27255,1253,210,859771,31545,347.647,78.4,0.758
3501400,Álvaro de Carvalho,SP,Sudeste,4901,4808,4324,499,69377,14429,153.662,31.29,0.688
3501509,Alvinlândia,SP,Sudeste,2919,2885,5123,587,82613,28635,84.879,33.99,0.722
3501608,Americana,SP,Sudeste,247571,237240,127,37,17600566,74189,133.912,1771.61,0.811
3501707,Américo Brasiliense,SP,Sudeste,33708,33019,1038,183,1504962,45579,122.958,268.54,0.751
3501806,Américo de Campos,SP,Sudeste,5981,5870,3995,474,175848,29957,252.876,23.21,0.745
3501905,Amparo,SP,Sudeste,69792,68008,490,107,6698469,98495,445.323,152.72,0.785
3502002,Analândia,SP,Sudeste,4694,4589,4405,510,266292,58028,325.953,14.08,0.754
3502101,Andradina,SP,Sudeste,61625,59783,562,122,4464940,74686,964.226,62,0.779
3502200,Angatuba,SP,Sudeste,24573,24022,1461,227,1776475,73952,1027.288,23.38,0.719
3502309,Anhembi,SP,Sudeste,5766,5674,4051,477,315144,55542,736.557,7.7,0.721
3502408,Anhumas,SP,Sudeste,4118,4023,4652,536,132376,32905,320.84,12.54,0.741
3502507,Aparecida,SP,Sudeste,33141,32569,1062,186,1369699,42055,120.89,269.41,0.755
3502606,Aparecida d'Oeste,SP,Sudeste,4112,4086,4655,539,225794,55260,179.004,22.83,0.721
3502705,Apiaí,SP,Sudeste,24857,24585,1439,224,1235626,50259,974.322,25.23,0.71
3502754,Araçariguama,SP,Sudeste,22314,21522,1592,243,4832077,224518,145.204,148.22,0.704
3502804,Araçatuba,SP,Sudeste,208415,200124,156,42,11457740,57253,1167.126,171.47,0.788
3502903,Araçoiaba da Serra,SP,Sudeste,33832,32443,1033,182,1523194,46950,255.305,127.08,0.776
3503000,Aramina,SP,Sudeste,5535,5420,4125,485,219179,40439,202.829,26.72,0.74
3503109,Arandu,SP,Sudeste,7076,6885,3677,440,217238,31552,285.908,24.08,0.685
3503158,Arapeí,SP,Sudeste,2355,2330,5332,614,53236,22848,156.903,14.85,0.68
3503208,Araraquara,SP,Sudeste,253474,242228,122,34,14689500,60643,1003.625,241.35,0.815
3503307,Araras,SP,Sudeste,135744,130866,237,60,10022873,76589,644.831,202.95,0.781
3503356,Arco-Íris,SP,Sudeste,2089,2044,5425,622,136329,66697,264.904,7.72,0.722
3503406,Arealva,SP,Sudeste,8290,8130,3386,403,301110,37037,506.226,16.06,0.744
3503505,Areias,SP,Sudeste,3617,3577,4831,562,75042,20979,305.227,11.72,0.697
3503604,Areiópolis,SP,Sudeste,10242,10130,3074,372,221707,21886,85.907,117.92,0.695
3503703,Ariranha,SP,Sudeste,7621,7602,3533,416,1252002,164694,132.624,57.32,0.733
3503802,Artur Nogueira,SP,Sudeste,53467,51456,640,131,2162833,42033,178.026,289.04,0.749
3503901,Arujá,SP,Sudeste,90273,86678,377,90,10426127,120286,96.167,901.33,0.784
3503950,Aspásia,SP,Sudeste,1875,1842,5478,631,65851,35750,69.373,26.55,0.735
3504008,Assis,SP,Sudeste,104858,101409,323,78,4682609,46175,460.609,220.16,0.805
3504107,Atibaia,SP,Sudeste,167161,158647,191,50,9426584,59419,478.521,331.54,0.765
3504206,Auriflama,SP,Sudeste,13856,13692,2473,321,443572,32396,434.498,31.51,0.773
3504305,Avaí,SP,Sudeste,4503,4483,4478,515,500953,111745,540.689,8.29,0.714
3504404,Avanhandava,SP,Sudeste,11436,11263,2765,350,295755,26259,338.37,33.29,0.705
3504503,Avaré,SP,Sudeste,96450,92805,355,86,4408538,47503,1213.055,76.51,0.767
3504602,Bady Bassitt,SP,Sudeste,29346,27260,1210,203,762195,27960,110.372,246.98,0.746
3504701,Balbinos,SP,Sudeste,3969,3887,4718,549,82895,21326,91.635,42.42,0.669
3504800,Bálsamo,SP,Sudeste,9902,9596,3116,378,367871,38336,149.881,64.02,0.756
3504909,Bananal,SP,Sudeste,10097,9969,3086,374,282444,28332,616.429,16.17,0.733
3505005,Barão de Antonina,SP,Sudeste,3632,3531,4828,561,80403,22771,153.142,23.06,0.711
3505104,Barbosa,SP,Sudeste,5627,5640,4101,482,186923,33142,205.212,27.48,0.699
3505203,Bariri,SP,Sudeste,32406,31595,1094,192,1863764,58989,444.405,71.1,0.75
3505302,Barra Bonita,SP,Sudeste,35129,34346,988,179,2077901,60499,150.121,228.79,0.788
3505351,Barra do Chapéu,SP,Sudeste,5254,5179,4201,492,202870,39172,405.681,12.77,0.66
3505401,Barra do Turvo,SP,Sudeste,6894,6876,3721,446,145159,21111,1007.684,6.82,0.641
3505500,Barretos,SP,Sudeste,126957,122485,254,66,6715414,54826,1566.161,78.21,0.789
3505609,Barrinha,SP,Sudeste,33304,32092,1050,184,737580,22983,146.025,219.77,0.725
3505708,Barueri,SP,Sudeste,333737,316473,88,23,71646710,226391,65.701,4816.87,0.786
3505807,Bastos,SP,Sudeste,21936,21503,1615,245,1596603,74250,170.912,125.81,0.751
3505906,Batatais,SP,Sudeste,59939,58402,574,124,3328690,56996,849.526,68.75,0.761
3506003,Bauru,SP,Sudeste,392947,379146,68,18,20654759,54477,667.684,567.85,0.801
3506102,Bebedouro,SP,Sudeste,78257,76373,436,97,5343661,69968,683.192,111.79,0.78
3506201,Bento de Abreu,SP,Sudeste,2640,2606,5244,603,288020,110522,301.687,8.64,0.744
3506300,Bernardino de Campos,SP,Sudeste,11881,11607,2697,341,605499,52167,244.158,47.54,0.734
3506359,Bertioga,SP,Sudeste,67436,64188,510,112,2663550,41496,491.546,130.58,0.73
3506409,Bilac,SP,Sudeste,7464,7319,3572,421,307745,42047,158.025,46.32,0.768
3506508,Birigui,SP,Sudeste,123340,118979,261,67,4866490,40902,530.031,224.48,0.78
3506607,Biritiba Mirim,SP,Sudeste,30564,29683,1167,197,1111541,37447,317.406,93.52,0.712
3506706,Boa Esperança do Sul,SP,Sudeste,13113,12978,2553,327,633216,48791,690.748,18.79,0.681
3506805,Bocaina,SP,Sudeste,11480,11259,2753,347,381376,33873,363.926,30.94,0.742
3506904,Bofete,SP,Sudeste,10710,10460,2941,360,309773,29615,653.541,16.01,0.705
3507001,Boituva,SP,Sudeste,63850,61081,538,117,4474130,73249,248.954,245.35,0.78
3507100,Bom Jesus dos Perdões,SP,Sudeste,22579,22006,1572,239,1627411,73953,108.366,203.07,0.713
3507159,Bom Sucesso de Itararé,SP,Sudeste,3609,3555,4835,563,77487,21797,133.578,26.61,0.66
3507209,Borá,SP,Sudeste,932,907,5569,645,120962,133365,118.951,7.62,0.746
3507308,Boracéia,SP,Sudeste,4838,4715,4345,503,657535,139456,122.11,38.61,0.754
3507407,Borborema,SP,Sudeste,14405,14226,2335,312,704921,49552,552.256,25.76,0.73
3507456,Borebi,SP,Sudeste,2801,2713,5174,593,118452,43661,347.989,7.8,0.705
3507506,Botucatu,SP,Sudeste,151053,145155,211,55,7992148,55059,1482.642,97.9,0.8
3507605,Bragança Paulista,SP,Sudeste,185688,176811,168,45,10443288,59065,512.584,344.94,0.776
3507704,Braúna,SP,Sudeste,5477,5356,4145,487,157855,29473,195.176,27.44,0.737
3507753,Brejo Alegre,SP,Sudeste,2605,2565,5267,606,90697,35359,105.689,24.27,0.71
3507803,Brodowski,SP,Sudeste,26314,25201,1337,215,1210305,48026,278.458,90.5,0.755
3507902,Brotas,SP,Sudeste,24501,23898,1471,228,1555980,65109,1101.373,21.7,0.74
3508009,Buri,SP,Sudeste,20731,20250,1699,249,907833,44831,1196.463,16.92,0.667
3508108,Buritama,SP,Sudeste,17658,17210,1991,276,746204,43359,326.921,52.64,0.763
3508207,Buritizal,SP,Sudeste,4458,4356,4506,518,305568,70149,266.42,16.35,0.735
3508306,Cabrália Paulista,SP,Sudeste,4360,4299,4546,523,177481,41284,239.974,17.91,0.694
3508405,Cabreúva,SP,Sudeste,48654,47011,705,141,7240981,154027,260.234,180.65,0.738
3508504,Caçapava,SP,Sudeste,100071,96202,338,81,6516271,67735,368.99,260.72,0.788
3508603,Cachoeira Paulista,SP,Sudeste,32534,31564,1088,191,847786,26859,287.99,109.6,0.764
3508702,Caconde,SP,Sudeste,17228,17101,2052,281,554109,32402,468.214,36.52,0.72
3508801,Cafelândia,SP,Sudeste,16907,16654,2081,287,930635,55881,920.28,18.1,0.742
3508900,Caiabu,SP,Sudeste,3726,3712,4800,557,88015,23711,253.352,14.65,0.729
3509007,Caieiras,SP,Sudeste,98549,95032,344,82,5507619,57955,97.642,973.27,0.781
3509106,Caiuá,SP,Sudeste,5599,5466,4113,484,111895,20471,551.159,9.92,0.697
3509205,Cajamar,SP,Sudeste,98365,92689,346,83,28984602,312708,131.386,705.47,0.728
3509254,Cajati,SP,Sudeste,29262,28515,1215,204,1987670,69706,454.436,62.75,0.694
3509304,Cajobi,SP,Sudeste,9210,9133,3233,388,275001,30111,176.929,51.62,0.734
3509403,Cajuru,SP,Sudeste,24233,23830,1492,230,1123799,47159,660.088,36.1,0.713
3509452,Campina do Monte Alegre,SP,Sudeste,6090,5954,3967,472,211436,35512,184.479,32.27,0.717
3509502,Campinas,SP,Sudeste,1187974,1139047,14,3,91968328,80741,794.571,1433.54,0.805
3509601,Campo Limpo Paulista,SP,Sudeste,79781,77632,425,95,3233935,41657,79.403,977.7,0.769
3509700,Campos do Jordão,SP,Sudeste,47956,46974,710,142,1946799,41444,289.981,161.99,0.749
3509809,Campos Novos Paulista,SP,Sudeste,5003,4888,4284,497,342295,70028,484.199,10.1,0.706
3509908,Cananéia,SP,Sudeste,12491,12289,2620,336,330538,26897,1237.354,9.93,0.72
3509957,Canas,SP,Sudeste,5068,4931,4265,496,121017,24542,53.261,92.58,0.704
3510005,Cândido Mota,SP,Sudeste,30157,29449,1182,199,2482755,84307,595.811,49.43,0.747
3510104,Cândido Rodrigues,SP,Sudeste,2959,2889,5110,585,157951,54673,70.892,40.75,0.789
3510153,Canitar,SP,Sudeste,6589,6283,3796,454,218328,34749,57.459,109.35,0.68
3510203,Capão Bonito,SP,Sudeste,47409,46337,721,144,1668882,36016,1640.229,28.25,0.721
3510302,Capela do Alto,SP,Sudeste,23777,22866,1518,232,536048,23443,169.89,134.59,0.699
3510401,Capivari,SP,Sudeste,51369,50068,662,137,3824460,76385,322.878,155.07,0.75
3510500,Caraguatatuba,SP,Sudeste,142248,134873,221,57,5822815,43173,484.947,278.12,0.759
3510609,Carapicuíba,SP,Sudeste,398236,386984,66,17,8436817,21801,34.546,11201.99,0.749
3510708,Cardoso,SP,Sudeste,11476,11345,2756,349,440025,38786,639.248,17.75,0.722
3510807,Casa Branca,SP,Sudeste,28779,28083,1233,206,1494279,53209,864.225,32.5,0.73
3510906,Cássia dos Coqueiros,SP,Sudeste,2861,2799,5149,588,306056,109345,191.683,14.6,0.734
3511003,Castilho,SP,Sudeste,20485,19977,1714,252,2275541,113908,1065.318,18.75,0.731
3511102,Catanduva,SP,Sudeste,119275,115791,276,71,7029953,60712,290.596,398.46,0.785
3511201,Catiguá,SP,Sudeste,7101,7003,3672,438,196946,28123,148.393,47.19,0.751
3511300,Cedral,SP,Sudeste,13314,12618,2532,324,808870,64104,197.838,63.78,0.766
3511409,Cerqueira César,SP,Sudeste,22210,21469,1598,244,1400618,65239,511.621,41.96,0.729
3511508,Cerquilho,SP,Sudeste,46391,44695,736,147,2891328,64690,127.803,349.72,0.782
3511607,Cesário Lange,SP,Sudeste,19707,19048,1772,258,1215884,63833,190.392,100.05,0.706
3511706,Charqueada,SP,Sudeste,15814,15535,2167,294,790607,50892,175.846,88.34,0.736
3511904,Clementina,SP,Sudeste,7084,6982,3675,439,254107,36395,168.59,41.41,0.725
3512001,Colina,SP,Sudeste,18880,18486,1839,265,2052576,111034,422.303,43.77,0.757
3512100,Colômbia,SP,Sudeste,6802,6629,3742,448,743433,112149,728.648,9.1,0.71
3512209,Conchal,SP,Sudeste,29132,28101,1220,205,1093664,38919,182.793,153.73,0.708
3512308,Conchas,SP,Sudeste,15345,15232,2213,300,551103,36181,466.12,32.68,0.736
3512407,Cordeirópolis,SP,Sudeste,25286,24514,1396,220,4167915,170022,137.579,178.18,0.758
3512506,Coroados,SP,Sudeste,5504,5400,4132,486,335405,62112,246.825,21.88,0.719
3512605,Coronel Macedo,SP,Sudeste,4271,4280,4583,527,165849,38750,303.83,14.09,0.69
3512704,Corumbataí,SP,Sudeste,4296,4195,4572,526,354604,84530,278.622,15.06,0.754
3512803,Cosmópolis,SP,Sudeste,61167,59773,566,123,2313364,38702,154.665,386.47,0.769
3512902,Cosmorama,SP,Sudeste,9019,8719,3265,392,878427,100749,441.68,19.74,0.722
3513009,Cotia,SP,Sudeste,289493,274413,104,29,19060773,69460,323.994,846.97,0.78
3513108,Cravinhos,SP,Sudeste,34307,33281,1010,181,2357353,70832,311.423,106.87,0.756
3513207,Cristais Paulista,SP,Sudeste,9600,9272,3162,382,449171,48444,385.23,24.07,0.734
3513306,Cruzália,SP,Sudeste,2123,2108,5413,621,218199,103510,149.33,14.12,0.774
3513405,Cruzeiro,SP,Sudeste,76444,74961,451,100,4281962,57123,305.699,245.21,0.788
3513504,Cubatão,SP,Sudeste,114870,112476,290,75,27813388,247283,142.879,787.21,0.737
3513603,Cunha,SP,Sudeste,22460,22110,1583,241,432941,19581,1407.25,15.71,0.684
3513702,Descalvado,SP,Sudeste,32663,31756,1081,189,2584483,81386,753.706,42.13,0.76
3513801,Diadema,SP,Sudeste,403579,393237,65,16,21229085,53985,30.732,12795.69,0.757
3513850,Dirce Reis,SP,Sudeste,1639,1620,5531,640,99485,61410,88.133,18.38,0.741
3513900,Divinolândia,SP,Sudeste,11305,11158,2800,352,528584,47373,223.749,49.87,0.734
3514007,Dobrada,SP,Sudeste,8986,8759,3271,394,213755,24404,149.729,58.5,0.718
3514106,Dois Córregos,SP,Sudeste,24847,24510,1440,225,1187097,48433,632.972,38.72,0.725
3514205,Dolcinópolis,SP,Sudeste,2254,2207,5367,617,84390,38237,77.939,28.32,0.742
3514304,Dourado,SP,Sudeste,8169,8096,3415,406,1178140,145521,205.874,39.33,0.738
3514403,Dracena,SP,Sudeste,46735,45474,733,146,1855224,40797,487.688,93.24,0.776
3514502,Duartina,SP,Sudeste,12532,12328,2617,334,435780,35349,264.557,46.6,0.748
3514601,Dumont,SP,Sudeste,9764,9471,3131,379,414002,43713,111.376,85.04,0.744
3514700,Echaporã,SP,Sudeste,6291,6205,3897,464,187403,30202,515.258,12.04,0.745
3514809,Eldorado,SP,Sudeste,13109,13069,2554,328,423995,32443,1654.256,7.9,0.691
3514908,Elias Fausto,SP,Sudeste,18168,17699,1916,272,2159509,122013,202.36,87.46,0.695
3514924,Elisiário,SP,Sudeste,3190,3138,5009,577,121971,38869,93.98,33.39,0.747
3514957,Embaúba,SP,Sudeste,2349,2323,5337,615,93032,40048,83.129,27.94,0.73
3515004,Embu das Artes,SP,Sudeste,259788,250691,119,33,17290650,68972,70.398,3561.05,0.735
3515103,Embu-Guaçu,SP,Sudeste,68913,66970,496,109,1742920,26025,155.641,430.29,0.749
3515129,Emilianópolis,SP,Sudeste,3061,3014,5060,581,97866,32470,225.167,13.39,0.727
3515152,Engenheiro Coelho,SP,Sudeste,20261,19566,1735,254,814390,41623,109.941,177.97,0.732
3515186,Espírito Santo do Pinhal,SP,Sudeste,40610,39816,839,158,2715247,68195,389.235,102.29,0.787
3515194,Espírito Santo do Turvo,SP,Sudeste,4214,4157,4615,529,181809,43736,193.666,21.46,0.696
3515202,Estrela d'Oeste,SP,Sudeste,9696,9417,3146,380,1317163,139871,296.281,31.78,0.76
3515301,Estrela do Norte,SP,Sudeste,2751,2703,5196,596,69692,25783,264.987,10.2,0.74
3515350,Euclides da Cunha Paulista,SP,Sudeste,7883,7924,3472,412,162208,20470,573.894,13.81,0.704
3515400,Fartura,SP,Sudeste,17029,16641,2069,286,566395,34036,429.171,38.77,0.732
3515509,Fernandópolis,SP,Sudeste,73508,71186,476,104,2790708,39203,549.797,129.48,0.797
3515608,Fernando Prestes,SP,Sudeste,6080,5942,3969,473,281662,47402,169.99,34.95,0.758
3515657,Fernão,SP,Sudeste,1692,1656,5521,637,102634,61977,100.504,16.48,0.703
3515707,Ferraz de Vasconcelos,SP,Sudeste,186479,179198,167,44,5523981,30826,29.547,6064.85,0.738
3515806,Flora Rica,SP,Sudeste,1483,1487,5549,642,65665,44159,224.711,6.62,0.727
3515905,Floreal,SP,Sudeste,2747,2733,5199,597,131171,47995,204.236,13.38,0.747
3516002,Flórida Paulista,SP,Sudeste,13175,12958,2542,325,361684,27912,524.138,24.72,0.715
3516101,Florínea,SP,Sudeste,4022,3851,4692,543,216161,56131,225.886,17.05,0.713
3516200,Franca,SP,Sudeste,365494,352536,77,21,14375667,40778,605.679,582.05,0.78
3516309,Francisco Morato,SP,Sudeste,171476,165139,186,49,2237469,13549,49.001,3370.11,0.703
3516408,Franco da Rocha,SP,Sudeste,150241,144849,212,56,5438089,37543,132.775,1090.94,0.731
3516507,Gabriel Monteiro,SP,Sudeste,2813,2763,5167,592,123956,44863,138.681,19.92,0.763
3516606,Gália,SP,Sudeste,6413,6380,3854,461,220849,34616,355.914,17.93,0.709
3516705,Garça,SP,Sudeste,43081,42110,793,154,1893766,44972,555.807,75.76,0.769
3516804,Gastão Vidigal,SP,Sudeste,3203,3252,5001,575,101942,31347,180.569,18.01,0.723
3516853,Gavião Peixoto,SP,Sudeste,4806,4702,4360,504,1735633,369127,243.766,19.29,0.719
3516903,General Salgado,SP,Sudeste,10437,10312,3043,368,348923,33837,494.376,20.86,0.747
3517000,Getulina,SP,Sudeste,10337,10232,3055,370,272841,26665,676.755,15.12,0.717
3517109,Glicério,SP,Sudeste,4158,4138,4639,534,188392,45527,272.8,15.17,0.735
3517208,Guaiçara,SP,Sudeste,11478,11239,2754,348,310852,27658,277.154,40.55,0.739
3517307,Guaimbê,SP,Sudeste,5609,5512,4105,483,593772,107724,217.811,25.31,0.728
3517406,Guaíra,SP,Sudeste,40489,39279,841,159,3233958,82333,1258.465,31.21,0.753
3517505,Guapiaçu,SP,Sudeste,22445,21711,1585,242,1134077,52235,325.126,66.78,0.725
3517604,Guapiara,SP,Sudeste,17225,17071,2053,282,585182,34279,408.292,41.81,0.675
3517703,Guará,SP,Sudeste,18748,18606,1856,266,854715,45938,362.183,51.37,0.718
3517802,Guaraçaí,SP,Sudeste,7453,7441,3579,425,374454,50323,569.197,13.07,0.719
3517901,Guaraci,SP,Sudeste,10554,10350,3000,365,660486,63815,641.501,16.13,0.737
3518008,Guarani d'Oeste,SP,Sudeste,1999,1968,5454,626,48665,24728,85.7,22.96,0.732
3518107,Guarantã,SP,Sudeste,6532,6427,3811,456,312045,48552,461.746,13.92,0.713
3518206,Guararapes,SP,Sudeste,31888,31043,1124,195,1718488,55358,955.637,32.48,0.763
3518305,Guararema,SP,Sudeste,32620,31236,1082,190,2034663,65138,270.816,115.34,0.731
3518404,Guaratinguetá,SP,Sudeste,121916,118044,266,68,8369821,70904,752.636,156.84,0.798
3518503,Guareí,SP,Sudeste,15285,15013,2217,302,386201,25724,567.884,26.44,0.687
3518602,Guariba,SP,Sudeste,38678,37498,893,168,1517994,40482,270.289,138.73,0.719
3518701,Guarujá,SP,Sudeste,294871,287634,100,27,11536359,40108,144.794,1986.5,0.751
3518800,Guarulhos,SP,Sudeste,1349100,1291771,13,2,97557674,75522,318.675,4053.57,0.763
3518859,Guatapará,SP,Sudeste,7474,7320,3570,420,353798,48333,413.567,17.7,0.743
3518909,Guzolândia,SP,Sudeste,4259,4246,4587,528,120156,28299,252.477,16.82,0.697
3519006,Herculândia,SP,Sudeste,9316,9125,3215,386,552689,60569,364.252,25.05,0.727
3519055,Holambra,SP,Sudeste,15718,15094,2180,296,1806633,119692,65.577,230.17,0.793
3519071,Hortolândia,SP,Sudeste,248842,236641,126,36,22163924,93661,62.416,3791.35,0.756
3519105,Iacanga,SP,Sudeste,10648,10437,2965,364,687530,65874,547.393,19.07,0.745
3519204,Iacri,SP,Sudeste,6197,6131,3930,469,372134,60697,321.948,19.04,0.733
3519253,Iaras,SP,Sudeste,8313,8010,3382,402,326007,40700,401.381,19.96,0.674
3519303,Ibaté,SP,Sudeste,33160,32178,1061,185,1516837,47139,290.978,110.59,0.703
3519402,Ibirá,SP,Sudeste,11952,11690,2688,339,418178,35772,271.912,42.99,0.74
3519501,Ibirarema,SP,Sudeste,6450,6385,3840,458,331387,51901,228.23,27.98,0.708
3519600,Ibitinga,SP,Sudeste,62143,60033,558,120,2528835,42124,689.391,87.08,0.747
3519709,Ibiúna,SP,Sudeste,77801,75605,443,98,3023501,39991,1058.082,71.45,0.71
3519808,Icém,SP,Sudeste,7982,7819,3453,408,263932,33755,362.355,21.58,0.72
3519907,Iepê,SP,Sudeste,7739,7619,3506,414,503732,66115,594.974,12.81,0.736
3520004,Igaraçu do Tietê,SP,Sudeste,23421,23106,1533,234,477976,20686,97.747,236.39,0.727
3520103,Igarapava,SP,Sudeste,26696,26212,1319,214,1422122,54255,468.355,55.97,0.768
3520202,Igaratá,SP,Sudeste,10984,10605,2867,356,353163,33302,292.953,36.2,0.711
3520301,Iguape,SP,Sudeste,29891,29115,1189,200,1896850,65150,1978.795,14.71,0.726
3520400,Ilhabela,SP,Sudeste,36559,34934,946,174,14830715,424535,346.389,100.85,0.756
3520426,Ilha Comprida,SP,Sudeste,14104,13419,2415,317,2802536,208848,196.567,68.27,0.725
3520442,Ilha Solteira,SP,Sudeste,26257,25549,1339,216,917732,35920,652.641,39.15,0.812
3520509,Indaiatuba,SP,Sudeste,269657,255748,113,31,28264863,110518,311.545,820.9,0.788
3520608,Indiana,SP,Sudeste,5200,5090,4215,493,99886,19624,129.367,39.35,0.761
3520707,Indiaporã,SP,Sudeste,4113,4035,4654,538,167087,41409,279.606,14.43,0.751
3520806,Inúbia Paulista,SP,Sudeste,3671,3615,4818,560,176723,48886,87.119,41.49,0.759
3520905,Ipaussu,SP,Sudeste,13935,13712,2457,320,678118,49454,209.554,65.43,0.727
3521002,Iperó,SP,Sudeste,38277,36459,906,171,1291003,35410,170.289,214.1,0.719
3521101,Ipeúna,SP,Sudeste,7027,6831,3693,442,1055776,154557,190.01,35.95,0.753
3521150,Ipiguá,SP,Sudeste,7115,6761,3666,437,173091,25601,136.028,49.7,0.73
3521200,Iporanga,SP,Sudeste,4083,4046,4665,540,70829,17506,1152.059,3.51,0.703
3521309,Ipuã,SP,Sudeste,14701,14454,2287,309,589810,40806,466.461,30.99,0.749
3521408,Iracemápolis,SP,Sudeste,22500,21967,1580,240,2403778,109427,115.118,190.82,0.776
3521507,Irapuã,SP,Sudeste,6932,6867,3713,445,282416,41127,257.612,26.66,0.713
3521606,Irapuru,SP,Sudeste,7120,7085,3665,436,142422,20102,214.461,33.04,0.712
3521705,Itaberá,SP,Sudeste,18263,17983,1902,270,1058159,58842,1100.247,16.34,0.693
3521804,Itaí,SP,Sudeste,25979,25180,1355,219,1082752,43000,1092.884,23.04,0.713
3521903,Itajobi,SP,Sudeste,17502,16989,2024,278,1278534,75257,502.066,33.84,0.73
3522000,Itaju,SP,Sudeste,3715,3618,4803,558,308305,85214,230.355,15.71,0.705
3522109,Itanhaém,SP,Sudeste,118495,112476,280,73,2956406,26285,601.711,186.93,0.745
3522158,Itaoca,SP,Sudeste,3497,3422,4873,565,67982,19866,183.015,18.7,0.68
3522208,Itapecerica da Serra,SP,Sudeste,163003,158522,196,53,6215134,39207,150.742,1051.61,0.742
3522307,Itapetininga,SP,Sudeste,164256,157790,193,51,7962802,50465,1789.35,88.18,0.763
3522406,Itapeva,SP,Sudeste,92393,89728,371,89,4558512,50804,1826.258,49.13,0.732
3522505,Itapevi,SP,Sudeste,242995,232297,133,39,15615097,67220,82.658,2810.34,0.735
3522604,Itapira,SP,Sudeste,74038,72022,471,103,6365974,88389,518.416,138.93,0.762
3522653,Itapirapuã Paulista,SP,Sudeste,4420,4306,4522,520,77308,17954,406.478,10.59,0.661
3522703,Itápolis,SP,Sudeste,40445,39493,844,160,2524858,63932,996.747,39.62,0.744
3522802,Itaporanga,SP,Sudeste,14245,14085,2379,313,408307,28989,507.997,27.73,0.719
3522901,Itapuí,SP,Sudeste,14035,13659,2434,319,1311338,96005,140.023,97.55,0.725
3523008,Itapura,SP,Sudeste,4002,3979,4700,545,209349,52613,301.653,13.19,0.72
3523107,Itaquaquecetuba,SP,Sudeste,382983,369275,71,19,11979260,32440,82.622,4469.45,0.714
3523206,Itararé,SP,Sudeste,45213,44438,755,152,1406445,31650,1003.86,44.27,0.703
3523305,Itariri,SP,Sudeste,15916,15528,2153,293,400627,25800,273.667,56.74,0.677
3523404,Itatiba,SP,Sudeste,127112,121590,253,65,10327467,84937,322.269,377.29,0.778
3523503,Itatinga,SP,Sudeste,19462,19070,1791,261,601161,31524,979.817,19.46,0.706
3523602,Itirapina,SP,Sudeste,16454,16148,2114,289,1570273,97243,564.603,28.6,0.724
3523701,Itirapuã,SP,Sudeste,5857,5779,4025,476,190876,33029,161.118,35.87,0.707
3523800,Itobi,SP,Sudeste,8227,8046,3407,405,251138,31213,138.986,57.89,0.717
3523909,Itu,SP,Sudeste,175047,168240,178,46,14012530,83289,640.719,262.58,0.773
3524006,Itupeva,SP,Sudeste,74994,70616,466,102,10529260,149106,200.876,351.54,0.762
3524105,Ituverava,SP,Sudeste,38413,37571,900,169,2218625,59052,704.659,53.32,0.765
3524204,Jaborandi,SP,Sudeste,6280,6221,3903,465,247095,39719,273.438,22.75,0.711
3524303,Jaboticabal,SP,Sudeste,73473,71821,477,105,4156253,57870,706.602,101.64,0.778
3524402,Jacareí,SP,Sudeste,250952,240275,125,35,19692996,81960,464.272,517.53,0.777
3524501,Jaci,SP,Sudeste,7944,7613,3461,410,880800,115697,145.133,52.46,0.723
3524600,Jacupiranga,SP,Sudeste,16216,16097,2131,291,698901,43418,704.189,22.86,0.717
3524709,Jaguariúna,SP,Sudeste,62309,59347,553,119,14680878,247374,141.391,419.74,0.784
3524808,Jales,SP,Sudeste,50078,48776,680,138,2590208,53104,368.574,132.34,0.776
3524907,Jambeiro,SP,Sudeste,6611,6397,3790,453,461642,72165,184.413,34.69,0.756
3525003,Jandira,SP,Sudeste,121550,118045,268,69,5547107,46991,17.449,6765.14,0.76
3525102,Jardinópolis,SP,Sudeste,47125,45282,725,145,2398612,52971,501.87,90.23,0.735
3525201,Jarinu,SP,Sudeste,40007,37535,855,162,3546444,94484,207.549,180.85,0.733
3525300,Jaú,SP,Sudeste,137409,133497,234,59,6542933,49012,687.103,194.29,0.778
3525409,Jeriquara,SP,Sudeste,4000,3863,4701,546,308789,79935,141.971,27.21,0.703
3525508,Joanópolis,SP,Sudeste,13131,12815,2549,326,335737,26199,374.293,34.24,0.699
3525607,João Ramalho,SP,Sudeste,4464,4371,4502,516,187000,42782,415.452,10.52,0.741
3525706,José Bonifácio,SP,Sudeste,37992,36633,912,173,1940540,52972,860.2,42.59,0.777
3525805,Júlio Mesquita,SP,Sudeste,4302,4254,4568,525,82839,19473,128.183,33.19,0.716
3525854,Jumirim,SP,Sudeste,3132,3056,5037,579,287951,94225,56.685,53.91,0.741
3525904,Jundiaí,SP,Sudeste,463039,443221,54,12,65418378,147598,431.204,1027.87,0.822
3526001,Junqueirópolis,SP,Sudeste,20939,20448,1688,247,940871,46013,582.565,35.1,0.745
3526100,Juquiá,SP,Sudeste,17184,17154,2056,284,446418,26024,812.799,21.1,0.7
3526209,Juquitiba,SP,Sudeste,27969,27404,1272,211,660665,24108,522.169,52.48,0.709
3526308,Lagoinha,SP,Sudeste,5183,5083,4222,494,101411,19951,255.472,19.9,0.693
3526407,Laranjal Paulista,SP,Sudeste,27044,26261,1305,212,1688979,64315,384.274,68.34,0.729
3526506,Lavínia,SP,Sudeste,9940,9689,3110,376,262294,27071,537.675,18.02,0.721
3526605,Lavrinhas,SP,Sudeste,7348,7171,3606,428,169896,23692,167.067,42.92,0.729
3526704,Leme,SP,Sudeste,101537,98161,335,79,4938512,50310,402.871,243.65,0.744
3526803,Lençóis Paulista,SP,Sudeste,68568,66505,501,110,6564648,98709,809.541,82.15,0.764
3526902,Limeira,SP,Sudeste,301292,291869,96,26,20876940,71528,580.711,502.61,0.775
3527009,Lindóia,SP,Sudeste,7158,7014,3652,433,405308,57786,48.756,143.86,0.742
3527108,Lins,SP,Sudeste,76844,74779,448,99,8610363,115144,570.058,131.18,0.786
3527207,Lorena,SP,Sudeste,87468,84855,387,91,4501318,53047,414.16,204.88,0.766
3527256,Lourdes,SP,Sudeste,1962,1950,5464,628,55440,28431,113.94,17.11,0.742
3527306,Louveira,SP,Sudeste,54865,51847,621,127,20154612,388732,55.738,930.19,0.777
3527405,Lucélia,SP,Sudeste,20378,20061,1725,253,600068,29912,314.81,63.72,0.752
3527504,Lucianópolis,SP,Sudeste,2423,2372,5312,612,138654,58454,189.536,12.51,0.733
3527603,Luís Antônio,SP,Sudeste,12564,12265,2613,333,2385617,194506,598.257,20.5,0.731
3527702,Luiziânia,SP,Sudeste,4740,4701,4388,507,117809,25060,166.576,28.22,0.702
3527801,Lupércio,SP,Sudeste,4004,3981,4696,544,115244,28949,155.171,25.66,0.724
3527900,Lutécia,SP,Sudeste,2697,2661,5224,599,135645,50975,475.226,5.6,0.72
3528007,Macatuba,SP,Sudeste,17140,16829,2061,285,691847,41110,224.514,74.96,0.77
3528106,Macaubal,SP,Sudeste,7581,7481,3547,417,245038,32755,248.087,30.15,0.743
3528205,Macedônia,SP,Sudeste,4058,3963,4673,542,123750,31226,327.567,12.1,0.74
3528304,Magda,SP,Sudeste,3211,3165,4997,573,168949,53380,312.282,10.14,0.753
3528403,Mairinque,SP,Sudeste,51888,50027,659,136,2923463,58438,210.149,238.05,0.743
3528502,Mairiporã,SP,Sudeste,97835,93853,348,84,2767181,29484,320.697,292.65,0.788
3528601,Manduri,SP,Sudeste,10122,9871,3083,373,361118,36584,229.046,43.1,0.739
3528700,Marabá Paulista,SP,Sudeste,4619,4573,4430,512,201668,44100,919.519,4.97,0.677
3528809,Maracaí,SP,Sudeste,12804,12673,2585,332,1039676,82039,533.498,23.75,0.771
3528858,Marapoama,SP,Sudeste,3415,3292,4907,570,163562,49685,111.267,29.59,0.752
3528908,Mariápolis,SP,Sudeste,3526,3513,4863,564,90255,25692,186.544,18.83,0.718
3529005,Marília,SP,Sudeste,247348,237627,128,38,12507571,52635,1170.515,203.01,0.798
3529104,Marinópolis,SP,Sudeste,1862,1860,5482,632,56365,30304,77.827,23.9,0.731
3529203,Martinópolis,SP,Sudeste,25240,24881,1401,221,949416,38158,1253.564,19.85,0.721
3529302,Matão,SP,Sudeste,81075,79033,422,94,7646780,96754,524.899,150.57,0.773
3529401,Mauá,SP,Sudeste,429014,418261,61,15,25000732,59773,61.937,6753.01,0.766
3529500,Mendonça,SP,Sudeste,6420,6159,3846,459,593745,96403,195.151,31.56,0.744
3529609,Meridiano,SP,Sudeste,4721,4572,4393,508,437548,95702,228.199,20.04,0.731
3529658,Mesópolis,SP,Sudeste,1990,1952,5457,627,108331,55497,148.636,13.13,0.724
3529708,Miguelópolis,SP,Sudeste,19621,19441,1777,259,1113098,57255,820.849,23.68,0.741
3529807,Mineiros do Tietê,SP,Sudeste,11322,11230,2795,351,309941,27599,213.242,52.66,0.73
3529906,Miracatu,SP,Sudeste,18610,18553,1873,268,560827,30228,1001.484,18.53,0.697
3530003,Mira Estrela,SP,Sudeste,3209,3126,4999,574,77240,24709,216.825,14.42,0.743
3530102,Mirandópolis,SP,Sudeste,28754,27983,1234,207,978818,34979,917.694,30.49,0.751
3530201,Mirante do Paranapanema,SP,Sudeste,16031,15917,2147,292,651108,40906,1238.931,12.85,0.724
3530300,Mirassol,SP,Sudeste,65811,63337,520,113,3345888,52827,243.228,260.4,0.762
3530409,Mirassolândia,SP,Sudeste,4783,4669,4372,505,378154,80993,166.125,28.11,0.738
3530508,Mococa,SP,Sudeste,69372,67681,493,108,4014553,59316,855.156,79.14,0.762
3530607,Mogi das Cruzes,SP,Sudeste,470302,451505,52,11,26072522,57746,712.541,633.65,0.783
3530706,Mogi Guaçu,SP,Sudeste,160318,153658,202,54,9433838,61395,812.753,189.06,0.774
3530805,Mogi Mirim,SP,Sudeste,95742,92558,363,88,8092719,87434,497.708,185.97,0.784
3530904,Mombuca,SP,Sudeste,3830,3722,4758,553,179189,48143,133.698,27.84,0.719
3531001,Monções,SP,Sudeste,1947,1937,5466,629,77881,40207,104.352,18.56,0.772
3531100,Mongaguá,SP,Sudeste,64845,61951,527,115,1535906,24792,142.755,433.97,0.754
3531209,Monte Alegre do Sul,SP,Sudeste,8923,8627,3285,397,304555,35303,110.308,78.21,0.759
3531308,Monte Alto,SP,Sudeste,48758,47574,699,140,3062782,64379,346.95,137.12,0.768
3531407,Monte Aprazível,SP,Sudeste,22668,22280,1566,237,1038560,46614,495.559,44.96,0.785
3531506,Monte Azul Paulista,SP,Sudeste,18337,18151,1892,269,958014,52780,263.462,68.89,0.753
3531605,Monte Castelo,SP,Sudeste,4306,4222,4565,524,161947,38358,233.547,18.08,0.741
3531704,Monteiro Lobato,SP,Sudeste,4205,4138,4617,530,113891,27523,332.742,12.44,0.71
3531803,Monte Mor,SP,Sudeste,67832,64662,506,111,6049398,93554,240.566,268.79,0.733
3531902,Morro Agudo,SP,Sudeste,28521,27933,1243,208,1980195,70891,1388.127,20.12,0.712
3532009,Morungaba,SP,Sudeste,14147,13720,2402,316,765641,55805,146.752,93.49,0.715
3532058,Motuca,SP,Sudeste,4071,4034,4670,541,171027,42396,228.7,17.64,0.741
3532108,Murutinga do Sul,SP,Sudeste,3748,3737,4789,556,113474,30365,250.873,14.9,0.726
3532157,Nantes,SP,Sudeste,2697,2660,5225,600,189556,71262,286.647,9.28,0.714
3532207,Narandiba,SP,Sudeste,5956,5713,3999,475,896057,156845,357.325,15.99,0.718
3532306,Natividade da Serra,SP,Sudeste,7155,6999,3653,434,159425,22778,833.372,8.4,0.655
3532405,Nazaré Paulista,SP,Sudeste,18675,18217,1863,267,595410,32684,326.254,55.84,0.678
3532504,Neves Paulista,SP,Sudeste,9953,9699,3108,375,384592,39653,219.05,44.28,0.754
3532603,Nhandeara,SP,Sudeste,9915,9852,3113,377,507862,51549,436.159,22.59,0.751
3532702,Nipoã,SP,Sudeste,4876,4750,4331,501,146719,30888,137.609,34.52,0.713
3532801,Nova Aliança,SP,Sudeste,6885,6693,3724,447,361490,54010,217.515,30.77,0.738
3532827,Nova Campina,SP,Sudeste,8630,8497,3330,398,260753,30688,385.375,22.05,0.651
3532843,Nova Canaã Paulista,SP,Sudeste,2055,2032,5437,624,57172,28136,124.473,16.32,0.715
3532868,Nova Castilho,SP,Sudeste,1072,1062,5567,644,91228,85902,183.396,5.79,0.756
3532900,Nova Europa,SP,Sudeste,9459,9311,3188,384,556400,59757,160.25,58.1,0.765
3533007,Nova Granada,SP,Sudeste,19733,19419,1769,256,732341,37713,531.796,36.52,0.739
3533106,Nova Guataporanga,SP,Sudeste,2188,2156,5389,618,47451,22009,34.158,63.12,0.726
3533205,Nova Independência,SP,Sudeste,4847,4609,4340,502,285939,62039,265.029,17.39,0.735
3533254,Novais,SP,Sudeste,4463,4412,4503,517,105507,23914,117.772,37.46,0.719
3533304,Nova Luzitânia,SP,Sudeste,2817,2837,5163,591,70080,24702,73.816,38.43,0.743
3533403,Nova Odessa,SP,Sudeste,64596,62019,533,116,5613297,90509,73.788,840.5,0.791
3533502,Novo Horizonte,SP,Sudeste,39494,38324,871,164,2313783,60374,931.743,41.13,0.753
3533601,Nuporanga,SP,Sudeste,7570,7391,3550,419,1235537,167168,348.265,21.22,0.746
3533700,Ocauçu,SP,Sudeste,4418,4331,4523,521,163910,37846,301.036,14.39,0.717
3533809,Óleo,SP,Sudeste,2535,2512,5280,608,143212,57011,198.938,12.63,0.73
3533908,Olímpia,SP,Sudeste,56874,55074,601,126,3569676,64816,802.555,68.62,0.773
3534005,Onda Verde,SP,Sudeste,4942,4771,4309,498,370589,77675,242.946,19.64,0.738
3534104,Oriente,SP,Sudeste,6180,6085,3934,470,194079,31895,218.668,27.83,0.77
3534203,Orindiúva,SP,Sudeste,6157,6024,3943,471,830370,137844,247.378,24.35,0.767
3534302,Orlândia,SP,Sudeste,39144,38319,878,165,3247648,84753,291.765,131.34,0.78
3534401,Osasco,SP,Sudeste,759524,728615,28,7,119404053,163878,64.954,11217.4,0.776
3534500,Oscar Bressane,SP,Sudeste,2502,2470,5291,610,123399,49959,222.13,11.12,0.749
3534609,Osvaldo Cruz,SP,Sudeste,32112,31272,1111,194,1615248,51652,248.038,126.08,0.762
3534708,Ourinhos,SP,Sudeste,106911,103970,316,76,4902762,47156,295.818,351.47,0.778
3534757,Ouroeste,SP,Sudeste,10660,10294,2956,363,670735,65158,288.648,35.66,0.77
3534807,Ouro Verde,SP,Sudeste,7900,7779,3468,411,186891,24025,266.778,29.16,0.692
3534906,Pacaembu,SP,Sudeste,15273,14877,2219,303,285244,19173,339.375,43.84,0.725
3535002,Palestina,SP,Sudeste,11704,11476,2716,342,603348,52575,697.701,16.45,0.732
3535101,Palmares Paulista,SP,Sudeste,9666,9650,3149,381,209646,21725,82.125,117.5,0.722
3535200,Palmeira d'Oeste,SP,Sudeste,8971,8903,3274,396,308864,34692,318.74,27.93,0.753
3535309,Palmital,SP,Sudeste,19714,19594,1770,257,1405807,71747,548.407,35.73,0.746
3535408,Panorama,SP,Sudeste,15227,14964,2223,304,397153,26541,356.05,42.03,0.722
3535507,Paraguaçu Paulista,SP,Sudeste,42049,41120,812,155,3133902,76214,1001.492,41.06,0.762
3535606,Paraibuna,SP,Sudeste,17959,17667,1945,274,408569,23126,809.576,21.82,0.719
3535705,Paraíso,SP,Sudeste,6218,6099,3921,468,436076,71500,155.186,39.3,0.749
3535804,Paranapanema,SP,Sudeste,19853,19395,1764,255,1222547,63034,1018.724,19.04,0.717
3535903,Paranapuã,SP,Sudeste,4118,4031,4653,537,160653,39854,140.354,28.72,0.732
3536000,Parapuã,SP,Sudeste,10720,10580,2938,359,1150356,108729,366.664,28.85,0.737
3536109,Pardinho,SP,Sudeste,7435,7153,3585,426,515971,72134,209.894,34.08,0.727
3536208,Pariquera-Açu,SP,Sudeste,19603,19233,1780,260,753097,39157,359.414,53.51,0.736
3536257,Parisi,SP,Sudeste,3030,2892,5079,583,67931,23489,84.737,34.13,0.721
3536307,Patrocínio Paulista,SP,Sudeste,14888,14512,2262,306,1850012,127482,602.848,24.07,0.73
3536406,Paulicéia,SP,Sudeste,8255,7955,3394,404,322394,40527,374.091,21.26,0.711
3536505,Paulínia,SP,Sudeste,116674,110537,288,74,67067300,606741,138.777,796.51,0.795
3536570,Paulistânia,SP,Sudeste,2156,2090,5403,620,74506,35649,256.178,8.16,0.718
3536604,Paulo de Faria,SP,Sudeste,7390,7400,3595,427,426146,57587,737.986,10.03,0.725
3536703,Pederneiras,SP,Sudeste,46337,44827,738,148,3840421,85672,727.482,61.62,0.739
3536802,Pedra Bela,SP,Sudeste,6745,6557,3758,450,147569,22506,158.587,41.35,0.677
3536901,Pedranópolis,SP,Sudeste,2856,2787,5151,589,116928,41955,260.101,10.72,0.742
3537008,Pedregulho,SP,Sudeste,15737,15525,2178,295,1417488,91304,712.604,21.79,0.715
3537107,Pedreira,SP,Sudeste,44385,43112,771,153,1817292,42153,108.817,396.19,0.769
3537156,Pedrinhas Paulista,SP,Sudeste,2833,2804,5159,590,177967,63469,152.309,18.41,0.774
3537206,Pedro de Toledo,SP,Sudeste,11617,11281,2728,344,208399,18473,670.44,16.83,0.696
3537305,Penápolis,SP,Sudeste,63426,61679,544,118,2743180,44475,711.315,86.71,0.759
3537404,Pereira Barreto,SP,Sudeste,24360,24095,1485,229,1495859,62082,974.247,24.73,0.766
3537503,Pereiras,SP,Sudeste,9013,8737,3266,393,410463,46980,223.136,39.16,0.736
3537602,Peruíbe,SP,Sudeste,70629,68352,488,106,2366996,34630,326.216,209.53,0.749
3537701,Piacatu,SP,Sudeste,5631,5519,4098,480,160075,29004,232.488,23.74,0.732
3537800,Piedade,SP,Sudeste,54266,52970,628,129,1839652,34730,746.868,70.92,0.716
3537909,Pilar do Sul,SP,Sudeste,28459,27619,1245,209,1502794,54412,681.248,40.54,0.69
3538006,Pindamonhangaba,SP,Sudeste,172681,165428,181,48,13674680,82662,731.355,226.19,0.773
3538105,Pindorama,SP,Sudeste,14704,14542,2286,308,733296,50426,184.825,78.68,0.737
3538204,Pinhalzinho,SP,Sudeste,15676,15224,2186,297,416405,27352,154.529,98.52,0.725
3538303,Piquerobi,SP,Sudeste,3287,3264,4959,572,100296,30728,482.769,6.76,0.711
3538501,Piquete,SP,Sudeste,12516,12490,2618,335,227361,18203,175.996,70.97,0.757
3538600,Piracaia,SP,Sudeste,26795,26029,1313,213,799449,30714,385.568,67.51,0.739
3538709,Piracicaba,SP,Sudeste,440835,423323,56,13,44351588,104770,1378.069,307.19,0.785
3538808,Piraju,SP,Sudeste,30294,29436,1177,198,1088629,36983,504.591,58.34,0.758
3538907,Pirajuí,SP,Sudeste,22734,22431,1565,236,737809,32892,823.758,27.23,0.749
3539004,Pirangi,SP,Sudeste,11085,10885,2845,354,535545,49200,215.809,50.44,0.756
3539103,Pirapora do Bom Jesus,SP,Sudeste,18925,18370,1834,264,693314,37742,108.489,169.33,0.727
3539202,Pirapozinho,SP,Sudeste,26097,25348,1349,217,1410928,55662,477.673,53.07,0.776
3539301,Pirassununga,SP,Sudeste,75594,73545,457,101,4304413,58528,727.118,101.15,0.801
3539400,Piratininga,SP,Sudeste,15657,15108,2188,298,389655,25791,402.409,37.54,0.779
3539509,Pitangueiras,SP,Sudeste,34361,33674,1007,180,1830160,54349,430.638,78.2,0.723
3539608,Planalto,SP,Sudeste,4451,4389,4509,519,331487,75527,289.825,15.14,0.719
3539707,Platina,SP,Sudeste,3055,3025,5066,582,160406,53027,327.48,9.24,0.719
3539806,Poá,SP,Sudeste,106355,103765,320,77,4610760,44435,17.264,6010.48,0.771
3539905,Poloni,SP,Sudeste,5702,5592,4077,479,199994,35764,135.12,41.39,0.766
3540002,Pompéia,SP,Sudeste,20520,20196,1712,251,2509065,124236,784.674,25.74,0.786
3540101,Pongaí,SP,Sudeste,3440,3395,4902,569,124380,36636,183.399,18.51,0.755
3540200,Pontal,SP,Sudeste,38286,37607,905,170,2153954,57275,356.371,105.53,0.725
3540259,Pontalinda,SP,Sudeste,4198,4127,4621,531,131997,31984,209.525,19.7,0.702
3540309,Pontes Gestal,SP,Sudeste,2411,2387,5316,613,152499,63887,217.505,10.97,0.732
3540408,Populina,SP,Sudeste,4182,4127,4627,532,156037,37809,315.938,13.06,0.714
3540507,Porangaba,SP,Sudeste,10850,10451,2900,358,309200,29586,265.689,39.34,0.703
3540606,Porto Feliz,SP,Sudeste,58605,56497,587,125,5067049,89687,556.706,101.48,0.758
3540705,Porto Ferreira,SP,Sudeste,53966,52649,634,130,3069355,58298,244.906,214.98,0.751
3540754,Potim,SP,Sudeste,20801,20392,1695,248,355271,17422,44.643,456.78,0.697
3540804,Potirendaba,SP,Sudeste,19097,18496,1822,262,1017223,54997,342.492,54,0.747
3540853,Pracinha,SP,Sudeste,2589,2578,5271,607,44001,17068,63.054,40.89,0.696
3540903,Pradópolis,SP,Sudeste,17299,17078,2043,280,1456796,85302,167.378,102.03,0.733
3541000,Praia Grande,SP,Sudeste,368539,349935,75,20,11396646,32568,149.652,2338.32,0.754
3541059,Pratânia,SP,Sudeste,5264,5126,4197,491,252655,49289,175.1,29.27,0.701
3541109,Presidente Alves,SP,Sudeste,3830,3804,4759,554,112972,29698,286.642,13.27,0.735
3541208,Presidente Bernardes,SP,Sudeste,14803,14490,2276,307,351783,24278,749.233,19.34,0.757
3541307,Presidente Epitácio,SP,Sudeste,40322,39505,846,161,1521762,38521,1260.281,31.35,0.75
3541406,Presidente Prudente,SP,Sudeste,234706,225668,141,40,11617599,51481,560.637,402.52,0.806
3541505,Presidente Venceslau,SP,Sudeste,35810,35201,965,177,1096298,31144,755.203,46.61,0.763
3541604,Promissão,SP,Sudeste,35973,35131,962,176,3349681,95348,779.2,45.09,0.743
3541653,Quadra,SP,Sudeste,3477,3405,4883,566,209960,61662,205.672,16.56,0.678
3541703,Quatá,SP,Sudeste,13412,13163,2523,323,1087543,82621,651.341,20.21,0.738
3541802,Queiroz,SP,Sudeste,3366,3265,4922,571,1095800,335620,234.914,13.9,0.715
3541901,Queluz,SP,Sudeste,9074,9159,3257,391,481509,52572,249.399,36.72,0.722
3542008,Quintana,SP,Sudeste,7260,7038,3624,431,371696,52813,318.937,22.07,0.732
3542107,Rafard,SP,Sudeste,9145,8965,3246,389,594930,66361,121.645,73.7,0.745
3542206,Rancharia,SP,Sudeste,29387,28588,1209,202,1999657,69947,1587.498,18.01,0.751
3542305,Redenção da Serra,SP,Sudeste,4637,4494,4426,511,122059,27160,309.441,14.52,0.657
3542404,Regente Feijó,SP,Sudeste,20620,20145,1704,250,1293798,64224,263.28,76.52,0.768
3542503,Reginópolis,SP,Sudeste,7820,7662,3483,413,270644,35323,410.406,18.67,0.728
3542602,Registro,SP,Sudeste,61927,59947,561,121,2931915,48908,722.201,83.01,0.754
3542701,Restinga,SP,Sudeste,6486,6404,3828,457,311797,48688,245.746,26.06,0.705
3542800,Ribeira,SP,Sudeste,3158,3132,5022,578,61922,19771,335.759,9.33,0.698
3542909,Ribeirão Bonito,SP,Sudeste,11040,10989,2856,355,494054,44959,471.553,23.3,0.712
3543006,Ribeirão Branco,SP,Sudeste,18942,18627,1833,263,640749,34399,697.5,26.71,0.639
3543105,Ribeirão Corrente,SP,Sudeste,4717,4608,4398,509,282574,61322,148.332,31.07,0.711
3543204,Ribeirão do Sul,SP,Sudeste,4776,4677,4376,506,326855,69886,203.208,23.02,0.747
3543238,Ribeirão dos Índios,SP,Sudeste,2040,2025,5443,625,56509,27906,196.446,10.31,0.721
3543253,Ribeirão Grande,SP,Sudeste,7571,7450,3549,418,127269,17083,333.363,22.35,0.705
3543303,Ribeirão Pires,SP,Sudeste,118954,115559,277,72,4853229,41998,98.972,1167.59,0.784
3543402,Ribeirão Preto,SP,Sudeste,731639,698642,29,8,52306820,74869,650.916,1073.32,0.8
3543501,Riversul,SP,Sudeste,5628,5599,4100,481,119164,21283,385.878,14.51,0.664
3543600,Rifaina,SP,Sudeste,4179,4049,4629,533,232911,57523,162.508,24.92,0.74
3543709,Rincão,SP,Sudeste,9101,9098,3255,390,346937,38133,316.639,28.73,0.734
3543808,Rinópolis,SP,Sudeste,9334,9259,3210,385,495680,53535,358.481,25.83,0.723
3543907,Rio Claro,SP,Sudeste,210323,201418,154,41,15427117,76593,498.422,404.11,0.803
3544004,Rio das Pedras,SP,Sudeste,32329,31328,1096,193,2037526,65038,226.657,138.22,0.759
3544103,Rio Grande da Serra,SP,Sudeste,45324,44170,753,150,1166050,26399,36.341,1215.43,0.749
3544202,Riolândia,SP,Sudeste,10444,10309,3038,367,390635,37893,631.897,16.31,0.703
3544251,Rosana,SP,Sudeste,17434,17440,2031,279,1542731,88459,744.011,23.44,0.764
3544301,Roseira,SP,Sudeste,11137,10832,2837,353,450314,41573,129.847,83.42,0.737
3544400,Rubiácea,SP,Sudeste,2740,2700,5202,598,88679,32844,236.484,11.42,0.721
3544509,Rubinéia,SP,Sudeste,3998,3833,4704,547,196382,51235,242.877,15.78,0.759
3544608,Sabino,SP,Sudeste,5182,5112,4223,495,183225,35842,305.285,16.75,0.728
3544707,Sagres,SP,Sudeste,2522,2474,5284,609,72625,29355,147.935,16.72,0.73
3544806,Sales,SP,Sudeste,6645,6437,3780,451,266234,41360,308.555,20.86,0.751
3544905,Sales Oliveira,SP,Sudeste,11683,11411,2718,343,529464,46399,305.776,37.32,0.772
3545001,Salesópolis,SP,Sudeste,15381,15202,2211,299,310985,20457,424.997,35.77,0.732
3545100,Salmourão,SP,Sudeste,4883,4808,4329,500,114824,23882,172.934,27.8,0.719
3545159,Saltinho,SP,Sudeste,8407,8161,3366,400,471342,57755,99.738,81.82,0.791
3545209,Salto,SP,Sudeste,141111,134319,223,58,11498959,85609,133.057,1009.48,0.78
3545308,Salto de Pirapora,SP,Sudeste,45262,43748,754,151,2856415,65292,280.412,156.01,0.729
3545407,Salto Grande,SP,Sudeste,9221,9050,3231,387,394928,43638,188.441,48.03,0.704
3545506,Sandovalina,SP,Sudeste,3697,3645,4809,559,455962,125092,455.856,8,0.709
3545605,Santa Adélia,SP,Sudeste,14193,14018,2392,315,560339,39973,330.269,42.44,0.76
3545704,Santa Albertina,SP,Sudeste,6566,6393,3800,455,333897,52229,272.692,23.44,0.728
3545803,Santa Bárbara d'Oeste,SP,Sudeste,189456,183347,165,43,10803992,58926,271.03,676.48,0.781
3546009,Santa Branca,SP,Sudeste,14219,13975,2383,314,357556,25585,272.238,51.33,0.735
3546108,Santa Clara d'Oeste,SP,Sudeste,2694,2598,5227,601,130553,50251,183.458,14.16,0.733
3546207,Santa Cruz da Conceição,SP,Sudeste,4375,4277,4541,522,200490,46876,150.13,28.49,0.79
3546256,Santa Cruz da Esperança,SP,Sudeste,2168,2116,5401,619,101459,47948,148.062,14.29,0.743
3546306,Santa Cruz das Palmeiras,SP,Sudeste,29489,28864,1206,201,788978,27334,295.337,97.73,0.728
3546405,Santa Cruz do Rio Pardo,SP,Sudeste,47759,46442,713,143,4319822,93015,1114.747,41.66,0.762
3546504,Santa Ernestina,SP,Sudeste,6274,6118,3906,466,152155,24870,134.421,45.51,0.738
3546603,Santa Fé do Sul,SP,Sudeste,36288,34794,951,175,1988880,57162,206.537,168.46,0.784
3546702,Santa Gertrudes,SP,Sudeste,23192,23611,1542,235,3568257,151127,98.291,240.22,0.737
3546801,Santa Isabel,SP,Sudeste,54691,53174,623,128,2298061,43218,363.332,146.35,0.738
3546900,Santa Lúcia,SP,Sudeste,7144,7149,3656,435,185362,25928,153.86,46.46,0.737
3547007,Santa Maria da Serra,SP,Sudeste,5308,5243,4191,489,197769,37721,252.621,20.75,0.686
3547106,Santa Mercedes,SP,Sudeste,3017,2956,5085,584,97262,32903,166.753,17.73,0.739
3547205,Santana da Ponte Pensa,SP,Sudeste,1699,1670,5519,636,56776,33998,129.888,12.86,0.773
3547304,Santana de Parnaíba,SP,Sudeste,163787,154105,194,52,14328397,92978,179.949,856.38,0.814
3547403,Santa Rita d'Oeste,SP,Sudeste,2796,2733,5179,594,105525,38611,209.8,13.03,0.761
3547502,Santa Rita do Passa Quatro,SP,Sudeste,24996,24833,1420,222,992180,39954,754.141,32.93,0.775
3547601,Santa Rosa de Viterbo,SP,Sudeste,23710,23411,1523,233,1131989,48353,288.576,81.13,0.77
3547650,Santa Salete,SP,Sudeste,1692,1645,5522,638,66140,40207,79.192,20.77,0.772
3547700,Santo Anastácio,SP,Sudeste,17960,17963,1944,273,630473,35098,552.876,32.49,0.753
3547809,Santo André,SP,Sudeste,782048,748919,25,5,36931351,49313,175.782,4260.5,0.815
3547908,Santo Antônio da Alegria,SP,Sudeste,6933,6775,3712,444,282937,41762,310.311,21.83,0.702
3548005,Santo Antônio de Posse,SP,Sudeste,23867,23244,1516,231,2146890,92363,154.133,150.8,0.702
3548054,Santo Antônio do Aracanguá,SP,Sudeste,8593,8379,3335,399,380219,45378,1308.432,6.4,0.757
3548104,Santo Antônio do Jardim,SP,Sudeste,6243,6126,3911,467,253743,41421,109.956,55.71,0.714
3548203,Santo Antônio do Pinhal,SP,Sudeste,7314,7133,3614,430,191747,26882,133.008,53.63,0.706
3548302,Santo Expedito,SP,Sudeste,3069,3000,5056,580,60256,20085,94.465,31.76,0.732
3548401,Santópolis do Aguapeí,SP,Sudeste,3921,3899,4729,550,97802,25084,128.026,30.45,0.74
3548500,Santos,SP,Sudeste,429547,418608,60,14,30961718,73964,281.033,1489.53,0.84
3548609,São Bento do Sapucaí,SP,Sudeste,11989,11674,2680,338,354768,30390,252.579,46.22,0.72
3548708,São Bernardo do Campo,SP,Sudeste,841154,810729,23,4,71965791,88767,409.532,1979.65,0.805
3548807,São Caetano do Sul,SP,Sudeste,172693,165655,180,47,22553448,136147,15.331,10805.23,0.862
3548906,São Carlos,SP,Sudeste,266427,254857,115,32,18386920,72146,1136.907,224.17,0.805
3549003,São Francisco,SP,Sudeste,2623,2602,5253,604,59556,22889,75.579,34.43,0.723
3549102,São João da Boa Vista,SP,Sudeste,96080,92547,358,87,5011181,54147,516.399,179.22,0.797
3549201,São João das Duas Pontes,SP,Sudeste,2623,2580,5254,605,72713,28183,129.462,19.93,0.72
3549250,São João de Iracema,SP,Sudeste,1882,1846,5476,630,69614,37711,178.396,10.35,0.748
3549300,São João do Pau d'Alho,SP,Sudeste,2293,2242,5358,616,83376,37188,117.665,19.05,0.75
3549409,São Joaquim da Barra,SP,Sudeste,49885,48558,683,139,2733786,56299,410.863,118.19,0.762
3549508,São José da Bela Vista,SP,Sudeste,7664,7626,3521,415,336022,44063,276.952,27.54,0.693
3549607,São José do Barreiro,SP,Sudeste,3888,3853,4741,551,80553,20907,570.685,6.75,0.684
3549706,São José do Rio Pardo,SP,Sudeste,53427,52205,642,132,2876973,55109,419.684,124.39,0.774
3549805,São José do Rio Preto,SP,Sudeste,504166,480393,48,10,26390121,54934,431.944,1112.17,0.797
3549904,São José dos Campos,SP,Sudeste,727078,697054,30,9,61394524,88077,1099.409,634.03,0.807
3549953,São Lourenço da Serra,SP,Sudeste,16479,16067,2109,288,346115,21542,186.456,86.17,0.728
3550001,São Luiz do Paraitinga,SP,Sudeste,10487,10337,3020,366,252579,24434,617.315,16.75,0.697
3550100,São Manuel,SP,Sudeste,38131,37289,909,172,1889877,50682,650.734,57.3,0.744
3550209,São Miguel Arcanjo,SP,Sudeste,32924,32039,1069,187,1157726,36135,930.339,34.44,0.71
3550308,São Paulo,SP,Sudeste,11904961,11451999,1,1,1066825105,93156,1521.202,7528.26,0.805
3550407,São Pedro,SP,Sudeste,39855,38256,859,163,1243177,32496,611.278,62.58,0.755
3550506,São Pedro do Turvo,SP,Sudeste,7333,7217,3610,429,393936,54584,731.221,9.87,0.703
3550605,São Roque,SP,Sudeste,81366,79484,419,93,4532567,57025,306.908,258.98,0.768
3550704,São Sebastião,SP,Sudeste,84280,81595,403,92,17400619,213256,402.395,202.77,0.772
3550803,São Sebastião da Grama,SP,Sudeste,10428,10441,3046,369,481876,46152,252.41,41.37,0.701
3550902,São Simão,SP,Sudeste,13560,13442,2503,322,648092,48214,617.252,21.78,0.766
3551009,São Vicente,SP,Sudeste,338326,329911,86,22,7414656,22475,148.151,2226.86,0.768
3551108,Sarapuí,SP,Sudeste,10677,10369,2951,361,270123,26051,352.592,29.41,0.707
3551207,Sarutaiá,SP,Sudeste,3772,3704,4779,555,115635,31219,141.608,26.16,0.688
3551306,Sebastianópolis do Sul,SP,Sudeste,3191,3130,5007,576,454542,145221,167.848,18.65,0.773
3551405,Serra Azul,SP,Sudeste,13108,12746,2555,329,269297,21128,283.144,45.02,0.686
3551504,Serrana,SP,Sudeste,45580,43909,749,149,1454535,33126,126.046,348.36,0.729
3551603,Serra Negra,SP,Sudeste,31047,29894,1150,196,1025007,34288,203.734,146.73,0.767
3551702,Sertãozinho,SP,Sudeste,132176,126887,245,63,9075018,71520,403.089,314.79,0.761
3551801,Sete Barras,SP,Sudeste,12903,12730,2573,331,461849,36280,1062.699,11.98,0.673
3551900,Severínia,SP,Sudeste,14693,14576,2288,310,340597,23367,140.46,103.77,0.715
3552007,Silveiras,SP,Sudeste,6329,6186,3882,463,116266,18795,414.782,14.91,0.678
3552106,Socorro,SP,Sudeste,41527,40122,825,156,1449301,36122,449.029,89.35,0.729
3552205,Sorocaba,SP,Sudeste,762172,723682,26,6,58816286,81274,449.872,1608.64,0.798
3552304,Sud Mennucci,SP,Sudeste,7464,7355,3573,422,302801,41169,594.744,12.37,0.747
3552403,Sumaré,SP,Sudeste,291116,279545,102,28,19026093,68061,153.465,1821.56,0.762
3552502,Suzano,SP,Sudeste,320261,307429,92,25,18618698,60563,206.236,1490.67,0.765
3552551,Suzanápolis,SP,Sudeste,3465,3408,4891,568,511504,150089,330.587,10.31,0.699
3552601,Tabapuã,SP,Sudeste,11498,11323,2748,346,397691,35122,345.792,32.75,0.735
3552700,Tabatinga,SP,Sudeste,14997,14769,2246,305,512361,34692,368.604,40.07,0.704
3552809,Taboão da Serra,SP,Sudeste,285307,273542,106,30,12084179,44177,20.388,13416.81,0.769
3552908,Taciba,SP,Sudeste,6418,6260,3849,460,242091,38673,607.267,10.31,0.723
3553005,Taguaí,SP,Sudeste,13068,12669,2562,330,409335,32310,145.332,87.17,0.709
3553104,Taiaçu,SP,Sudeste,5744,5677,4060,478,155640,27416,107.059,53.03,0.71
3553203,Taiúva,SP,Sudeste,6770,6548,3750,449,188353,28765,132.459,49.43,0.76
3553302,Tambaú,SP,Sudeste,21650,21435,1637,246,966714,45100,561.788,38.15,0.731
3553401,Tanabi,SP,Sudeste,26071,25265,1351,218,1592467,63031,747.218,33.81,0.748
3553500,Tapiraí,SP,Sudeste,8122,7996,3426,407,223954,28008,755.1,10.59,0.681
3553609,Tapiratiba,SP,Sudeste,11903,11816,2693,340,358653,30353,221.891,53.25,0.751
3553658,Taquaral,SP,Sudeste,2649,2619,5242,602,92383,35274,53.892,48.6,0.759
3553708,Taquaritinga,SP,Sudeste,53264,52260,646,134,2307145,44147,594.335,87.93,0.748
3553807,Taquarituba,SP,Sudeste,24932,24350,1425,223,1279103,52530,448.515,54.29,0.701
3553856,Taquarivaí,SP,Sudeste,7170,6876,3649,432,433014,62975,231.792,29.66,0.679
3553906,Tarabai,SP,Sudeste,6633,6536,3782,452,187171,28637,201.385,32.46,0.726
3553955,Tarumã,SP,Sudeste,15315,14882,2215,301,1153083,77482,302.913,49.13,0.753
3554003,Tatuí,SP,Sudeste,129130,123942,249,64,6784535,54740,523.749,236.64,0.752
3554102,Taubaté,SP,Sudeste,322397,310739,90,24,22607800,72755,625.003,497.18,0.8
3554201,Tejupá,SP,Sudeste,4119,4127,4649,535,341127,82657,296.189,13.93,0.668
3554300,Teodoro Sampaio,SP,Sudeste,22598,22173,1571,238,822760,37106,1555.803,14.25,0.741
3554409,Terra Roxa,SP,Sudeste,7965,7904,3458,409,237426,30039,221.541,35.68,0.749
3554508,Tietê,SP,Sudeste,38723,37663,890,167,2954948,78458,404.396,93.13,0.778
3554607,Timburi,SP,Sudeste,2484,2464,5294,611,80268,32576,196.79,12.52,0.71
3554656,Torre de Pedra,SP,Sudeste,2056,2046,5435,623,44087,21548,71.348,28.68,0.714
3554706,Torrinha,SP,Sudeste,9484,9335,3183,383,380075,40715,315.267,29.61,0.744
3554755,Trabiju,SP,Sudeste,1724,1682,5514,635,66641,39620,63.421,26.52,0.722
3554805,Tremembé,SP,Sudeste,53426,51173,643,133,1091771,21335,191.094,267.79,0.785
3554904,Três Fronteiras,SP,Sudeste,7060,6804,3685,441,155505,22855,151.594,44.88,0.753
3554953,Tuiuti,SP,Sudeste,6976,6778,3702,443,239682,35362,126.731,53.48,0.728
3555000,Tupã,SP,Sudeste,65433,63928,522,114,3128302,48935,627.986,101.8,0.771
3555109,Tupi Paulista,SP,Sudeste,16259,15854,2127,290,446938,28191,244.77,64.77,0.769
3555208,Turiúba,SP,Sudeste,1835,1818,5490,633,88091,48455,153.235,11.86,0.751
3555307,Turmalina,SP,Sudeste,1662,1669,5528,639,100226,60052,147.797,11.29,0.736
3555356,Ubarana,SP,Sudeste,5458,5365,4151,488,298746,55684,209.861,25.56,0.7
3555406,Ubatuba,SP,Sudeste,97096,92981,352,85,3506919,37717,708.105,131.31,0.751
3555505,Ubirajara,SP,Sudeste,5289,5132,4194,490,201026,39171,282.179,18.19,0.727
3555604,Uchoa,SP,Sudeste,10670,10394,2953,362,521824,50204,252.434,41.18,0.721
3555703,União Paulista,SP,Sudeste,1628,1603,5533,641,72244,45068,79.056,20.28,0.749
3555802,Urânia,SP,Sudeste,8973,8833,3273,395,366620,41506,209.262,42.21,0.746
3555901,Uru,SP,Sudeste,1424,1387,5553,643,66750,48125,146.901,9.44,0.712
3556008,Urupês,SP,Sudeste,14073,13744,2421,318,647135,47085,323.916,42.43,0.745
3556107,Valentim Gentil,SP,Sudeste,14634,14098,2294,311,565653,40123,149.741,94.15,0.735
3556206,Valinhos,SP,Sudeste,132258,126373,244,62,10200701,80719,148.538,850.78,0.819
3556305,Valparaíso,SP,Sudeste,24779,24241,1447,226,1426927,58864,857.661,28.26,0.725
3556354,Vargem,SP,Sudeste,10863,10512,2897,357,222012,21120,142.595,73.72,0.699
3556404,Vargem Grande do Sul,SP,Sudeste,41256,40133,828,157,1431642,35672,267.178,150.21,0.737
3556453,Vargem Grande Paulista,SP,Sudeste,52352,50415,654,135,3524293,69906,42.489,1186.54,0.77
3556503,Várzea Paulista,SP,Sudeste,119655,115771,273,70,4736062,40909,35.12,3296.44,0.759
3556602,Vera Cruz,SP,Sudeste,10274,10176,3066,371,302805,29757,247.716,41.08,0.754
3556701,Vinhedo,SP,Sudeste,79089,76540,431,96,14699664,192052,80.95,945.52,0.817
3556800,Viradouro,SP,Sudeste,17685,17414,1988,275,563836,32378,217.726,79.98,0.739
3556909,Vista Alegre do Alto,SP,Sudeste,8368,8109,3369,401,705941,87056,95.429,84.97,0.744
3556958,Vitória Brasil,SP,Sudeste,1828,1794,5492,634,64481,35943,49.832,36,0.725
3557006,Votorantim,SP,Sudeste,133510,127923,242,61,5209654,40725,184.186,694.53,0.767
3557105,Votuporanga,SP,Sudeste,100568,96634,337,80,4582203,47418,420.703,229.7,0.79
3557154,Zacarias,SP,Sudeste,2773,2692,5190,595,177562,65959,319.056,8.44,0.729
3557204,Chavantes,SP,Sudeste,12415,12211,2629,337,477220,39081,188.727,64.7,0.729
3557303,Estiva Gerbi,SP,Sudeste,11609,11295,2730,345,532212,47119,74.144,152.34,0.74
4100103,Abatiá,PR,Sul,7233,7241,3635,236,297166,41039,228.717,31.66,0.687
4100202,Adrianópolis,PR,Sul,6319,6256,3888,262,467129,74669,1349.311,4.64,0.667
4100301,Agudos do Sul,PR,Sul,10770,10233,2925,183,279388,27303,192.261,53.22,0.66
4100400,Almirante Tamandaré,PR,Sul,125861,119825,255,19,2242620,18716,194.228,616.93,0.699
4100459,Altamira do Paraná,PR,Sul,3496,3590,4874,352,115509,32175,386.945,9.28,0.667
4100509,Altônia,PR,Sul,18634,18742,1869,104,546401,29154,661.56,28.33,0.721
4100608,Alto Paraná,PR,Sul,14183,13909,2394,139,562667,40453,407.719,34.11,0.696
4100707,Alto Piquiri,PR,Sul,9771,9727,3130,199,488594,50231,447.666,21.73,0.676
4100806,Alvorada do Sul,PR,Sul,10481,10326,3023,192,436443,42266,424.25,24.34,0.708
4100905,Amaporã,PR,Sul,4688,4762,4408,312,163899,34418,384.735,12.38,0.669
4101002,Ampére,PR,Sul,20337,19620,1730,94,1001174,51028,298.349,65.76,0.709
4101051,Anahy,PR,Sul,2971,2918,5106,372,124323,42606,102.895,28.36,0.695
4101101,Andirá,PR,Sul,19989,19878,1755,98,861173,43323,235.944,84.25,0.725
4101150,Ângulo,PR,Sul,3357,3235,4929,359,179778,55573,106.021,30.51,0.721
4101200,Antonina,PR,Sul,18140,18091,1919,107,1001675,55369,891.582,20.29,0.687
4101309,Antônio Olinto,PR,Sul,7048,7018,3689,239,282611,40269,469.62,14.94,0.656
4101408,Apucarana,PR,Sul,134910,130134,239,15,4834013,37146,556.99,233.64,0.748
4101507,Arapongas,PR,Sul,124838,119138,256,20,5715471,47974,382.215,311.7,0.748
4101606,Arapoti,PR,Sul,26325,25777,1335,74,1632919,63348,1358.176,18.98,0.723
4101655,Arapuã,PR,Sul,3573,3527,4846,349,154285,43744,217.371,16.23,0.676
4101705,Araruna,PR,Sul,14894,14485,2261,128,630796,43548,493.191,29.37,0.704
4101804,Araucária,PR,Sul,162247,151666,197,11,34075052,224672,469.24,323.22,0.74
4101853,Ariranha do Ivaí,PR,Sul,2351,2329,5336,387,144973,62247,234.076,9.95,0.67
4101903,Assaí,PR,Sul,13477,13797,2514,151,637194,46184,440.347,31.33,0.728
4102000,Assis Chateaubriand,PR,Sul,38357,36808,901,50,2033731,55252,980.727,37.53,0.729
4102109,Astorga,PR,Sul,26203,25475,1344,75,1164816,45724,434.792,58.59,0.747
4102208,Atalaia,PR,Sul,4046,3980,4683,335,254752,64008,137.663,28.91,0.736
4102307,Balsa Nova,PR,Sul,13867,13395,2469,144,1302016,97202,348.926,38.39,0.696
4102406,Bandeirantes,PR,Sul,31747,31273,1131,64,1362233,43559,445.192,70.25,0.727
4102505,Barbosa Ferraz,PR,Sul,10580,10795,2991,189,342155,31696,538.636,20.04,0.696
4102604,Barracão,PR,Sul,9903,9759,3115,197,323297,33128,161.213,60.53,0.706
4102703,Barra do Jacaré,PR,Sul,2872,2814,5142,374,187138,66502,115.855,24.29,0.744
4102752,Bela Vista da Caroba,PR,Sul,4122,4031,4648,330,126095,31281,148.107,27.22,0.681
4102802,Bela Vista do Paraíso,PR,Sul,14982,14833,2249,126,564054,38027,242.689,61.12,0.716
4102901,Bituruna,PR,Sul,15650,15533,2189,122,656377,42257,1234.946,12.58,0.667
4103008,Boa Esperança,PR,Sul,4595,4558,4438,315,342930,75237,302.739,15.06,0.72
4103024,Boa Esperança do Iguaçu,PR,Sul,2421,2455,5313,385,165031,67222,151.797,16.17,0.7
4103040,Boa Ventura de São Roque,PR,Sul,6241,6378,3912,264,449414,70463,620.453,10.28,0.655
4103057,Boa Vista da Aparecida,PR,Sul,8023,7924,3448,227,222437,28071,266.175,29.77,0.67
4103107,Bocaiúva do Sul,PR,Sul,13405,13299,2525,153,305498,22972,825.665,16.11,0.64
4103156,Bom Jesus do Sul,PR,Sul,4072,3980,4667,332,142418,35783,176.129,22.6,0.697
4103206,Bom Sucesso,PR,Sul,6674,6581,3777,251,221658,33682,322.755,20.39,0.686
4103222,Bom Sucesso do Sul,PR,Sul,3244,3202,4975,363,331505,103531,195.931,16.34,0.742
4103305,Borrazópolis,PR,Sul,7818,7735,3484,230,296465,38328,334.378,23.13,0.717
4103354,Braganey,PR,Sul,4745,4854,4384,309,261007,53772,343.321,14.14,0.701
4103370,Brasilândia do Sul,PR,Sul,3861,3708,4748,340,298634,80538,291.036,12.74,0.681
4103404,Cafeara,PR,Sul,2648,2627,5243,381,121532,46263,185.8,14.14,0.693
4103453,Cafelândia,PR,Sul,20145,18997,1744,95,2697734,142008,274.904,69.1,0.748
4103479,Cafezal do Sul,PR,Sul,4580,4473,4441,316,199026,44495,335.392,13.34,0.692
4103503,Califórnia,PR,Sul,8963,8710,3277,212,250999,28817,141.817,61.42,0.722
4103602,Cambará,PR,Sul,23393,23212,1535,88,985512,42457,366.153,63.39,0.721
4103701,Cambé,PR,Sul,110923,107208,299,22,6771173,63159,495.375,216.42,0.734
4103800,Cambira,PR,Sul,10045,9460,3095,195,349367,36931,164.786,57.41,0.725
4103909,Campina da Lagoa,PR,Sul,16014,15723,2149,118,674422,42894,796.614,19.74,0.704
4103958,Campina do Simão,PR,Sul,3954,3936,4723,339,195120,49573,448.424,8.78,0.63
4104006,Campina Grande do Sul,PR,Sul,50600,47825,673,37,2871767,60047,539.245,88.69,0.718
4104055,Campo Bonito,PR,Sul,3997,4027,4705,337,237197,58902,433.832,9.28,0.681
4104105,Campo do Tenente,PR,Sul,7693,7508,3513,232,306673,40846,304.488,24.66,0.686
4104204,Campo Largo,PR,Sul,144504,136327,216,14,7070393,51863,1243.551,109.63,0.745
4104253,Campo Magro,PR,Sul,31888,30160,1125,63,700583,23229,275.352,109.53,0.701
4104303,Campo Mourão,PR,Sul,104122,99432,326,23,5991908,60261,749.637,132.64,0.757
4104402,Cândido de Abreu,PR,Sul,15081,15244,2235,124,475235,31175,1510.16,10.09,0.629
4104428,Candói,PR,Sul,15174,14973,2227,123,901449,60205,1512.786,9.9,0.635
4104451,Cantagalo,PR,Sul,10672,10933,2952,185,386335,35337,583.304,18.74,0.635
4104501,Capanema,PR,Sul,21088,20481,1680,92,1592681,77764,419.036,48.88,0.706
4104600,Capitão Leônidas Marques,PR,Sul,14776,14648,2279,131,1300220,88764,280.063,52.3,0.716
4104659,Carambeí,PR,Sul,24469,23283,1474,83,1989896,85466,649.68,35.84,0.728
4104709,Carlópolis,PR,Sul,17788,16905,1971,109,575814,34062,451.418,37.45,0.713
4104808,Cascavel,PR,Sul,368195,348051,76,5,19204178,55176,2091.199,166.44,0.782
4104907,Castro,PR,Sul,75644,73075,456,30,4517501,61820,2531.503,28.87,0.703
4105003,Catanduvas,PR,Sul,10621,10446,2978,188,413685,39602,580.421,18,0.678
4105102,Centenário do Sul,PR,Sul,10903,10832,2886,180,376525,34760,371.834,29.13,0.668
4105201,Cerro Azul,PR,Sul,16287,16134,2125,115,374010,23181,1341.189,12.03,0.573
4105300,Céu Azul,PR,Sul,11255,11087,2815,175,1070583,96562,1179.449,9.4,0.732
4105409,Chopinzinho,PR,Sul,21604,21085,1639,91,1196360,56740,959.692,21.97,0.74
4105508,Cianorte,PR,Sul,82988,79527,411,27,3986697,50130,811.666,97.98,0.755
4105607,Cidade Gaúcha,PR,Sul,11705,11467,2715,169,620524,54114,403.045,28.45,0.718
4105706,Clevelândia,PR,Sul,14833,15070,2267,129,915575,60755,703.638,21.42,0.694
4105805,Colombo,PR,Sul,241672,232212,134,8,7628975,32853,197.58,1175.28,0.733
4105904,Colorado,PR,Sul,23313,22896,1538,89,1171688,51174,407.568,56.18,0.73
4106001,Congonhinhas,PR,Sul,8445,8320,3357,219,309517,37202,535.963,15.52,0.668
4106100,Conselheiro Mairinck,PR,Sul,3474,3461,4886,353,168785,48768,204.705,16.91,0.707
4106209,Contenda,PR,Sul,20006,19128,1752,97,627818,32822,299.037,63.97,0.681
4106308,Corbélia,PR,Sul,17933,17470,1949,108,993480,56868,529.137,33.02,0.738
4106407,Cornélio Procópio,PR,Sul,45720,45206,747,42,2382241,52697,635.1,71.18,0.759
4106456,Coronel Domingos Soares,PR,Sul,5427,5649,4158,290,328942,58230,1556.186,3.63,0.6
4106506,Coronel Vivida,PR,Sul,24010,23331,1504,85,1109441,47552,684.417,34.09,0.723
4106555,Corumbataí do Sul,PR,Sul,3770,3760,4780,344,104935,27908,164.341,22.88,0.638
4106571,Cruzeiro do Iguaçu,PR,Sul,4129,4133,4644,327,206651,50000,161.862,25.53,0.709
4106605,Cruzeiro do Oeste,PR,Sul,24859,23831,1438,81,1089269,45708,775.984,30.71,0.717
4106704,Cruzeiro do Sul,PR,Sul,4543,4494,4462,318,281275,62589,259.103,17.34,0.713
4106803,Cruz Machado,PR,Sul,15759,15978,2175,120,507964,31791,1478.35,10.81,0.664
4106852,Cruzmaltina,PR,Sul,2870,2892,5144,375,189224,65430,312.299,9.26,0.666
4106902,Curitiba,PR,Sul,1830795,1773718,8,1,120065276,67691,434.892,4078.53,0.823
4107009,Curiúva,PR,Sul,13784,13647,2480,145,332954,24398,576.263,23.68,0.656
4107108,Diamante do Norte,PR,Sul,5139,5142,4240,296,413933,80500,242.887,21.17,0.723
4107124,Diamante do Sul,PR,Sul,3147,3171,5026,367,85754,27043,347.233,9.13,0.608
4107157,Diamante D'Oeste,PR,Sul,4513,4557,4470,320,134493,29513,309.11,14.74,0.644
4107207,Dois Vizinhos,PR,Sul,47589,44869,718,40,2609173,58151,418.648,107.18,0.767
4107256,Douradina,PR,Sul,9631,9161,3155,202,859150,93783,420.604,21.78,0.724
4107306,Doutor Camargo,PR,Sul,6517,6327,3816,253,242635,38349,118.279,53.49,0.746
4107405,Enéas Marques,PR,Sul,6146,5999,3946,268,389460,64921,192.203,31.21,0.752
4107504,Engenheiro Beltrão,PR,Sul,12347,12454,2640,161,698650,56098,467.47,26.64,0.73
4107520,Esperança Nova,PR,Sul,1852,1849,5485,396,75224,40684,141.286,13.09,0.689
4107538,Entre Rios do Oeste,PR,Sul,4770,4575,4379,308,420778,91973,120.967,37.82,0.761
4107546,Espigão Alto do Iguaçu,PR,Sul,4880,4797,4330,302,201752,42058,326.44,14.69,0.636
4107553,Farol,PR,Sul,2994,3039,5095,371,255636,84118,289.232,10.51,0.715
4107603,Faxinal,PR,Sul,16596,16389,2102,113,625079,38140,715.943,22.89,0.687
4107652,Fazenda Rio Grande,PR,Sul,165943,148873,192,10,4139461,27805,116.678,1275.93,0.72
4107702,Fênix,PR,Sul,4488,4492,4495,322,243624,54235,234.099,19.19,0.716
4107736,Fernandes Pinheiro,PR,Sul,6400,6255,3862,260,323922,51786,406.5,15.39,0.645
4107751,Figueira,PR,Sul,8129,8062,3423,223,191682,23776,129.769,62.13,0.677
4107801,Floraí,PR,Sul,4805,4792,4362,305,310640,64825,191.133,25.07,0.745
4107850,Flor da Serra do Sul,PR,Sul,4342,4364,4558,323,206357,47286,255.721,17.07,0.682
4107900,Floresta,PR,Sul,11522,10458,2745,171,364240,34829,158.226,66.1,0.736
4108007,Florestópolis,PR,Sul,11653,11446,2722,170,623832,54502,246.853,46.37,0.701
4108106,Flórida,PR,Sul,2711,2652,5220,379,101261,38183,83.046,31.93,0.732
4108205,Formosa do Oeste,PR,Sul,7763,7635,3498,231,405549,53117,275.901,27.67,0.723
4108304,Foz do Iguaçu,PR,Sul,297352,285415,97,7,16973251,59469,609.192,468.51,0.751
4108320,Francisco Alves,PR,Sul,8573,8116,3338,216,254090,31307,321.898,25.21,0.669
4108403,Francisco Beltrão,PR,Sul,102312,96666,331,24,4525403,46815,735.111,131.5,0.774
4108452,Foz do Jordão,PR,Sul,4893,4926,4325,301,187782,38121,235.382,20.93,0.645
4108502,General Carneiro,PR,Sul,10691,11062,2950,184,437294,39531,1071.183,10.33,0.652
4108551,Godoy Moreira,PR,Sul,2911,2977,5126,373,96133,32292,131.012,22.72,0.675
4108601,Goioerê,PR,Sul,28931,28437,1225,71,1335666,46969,564.163,50.41,0.731
4108650,Goioxim,PR,Sul,6469,6566,3835,256,308612,47002,702.471,9.35,0.641
4108700,Grandes Rios,PR,Sul,5527,5641,4129,287,177555,31476,314.198,17.95,0.658
4108809,Guaíra,PR,Sul,33058,32097,1067,61,1438846,44828,563.742,56.94,0.724
4108908,Guairaçá,PR,Sul,6762,6587,3751,246,404827,61458,493.94,13.34,0.693
4108957,Guamiranga,PR,Sul,7916,7856,3466,228,357064,45451,244.795,32.09,0.669
4109005,Guapirama,PR,Sul,4857,4626,4335,304,228919,49485,189.1,24.46,0.702
4109104,Guaporema,PR,Sul,2210,2191,5380,390,106183,48463,201.15,10.89,0.719
4109203,Guaraci,PR,Sul,4743,4748,4386,310,192291,40499,211.68,22.43,0.698
4109302,Guaraniaçu,PR,Sul,13770,13735,2483,146,604224,43992,1238.32,11.09,0.677
4109401,Guarapuava,PR,Sul,189630,182093,164,9,9864113,54171,3168.087,57.48,0.731
4109500,Guaraqueçaba,PR,Sul,7446,7430,3582,235,146081,19661,2011.357,3.69,0.587
4109609,Guaratuba,PR,Sul,44913,42062,760,44,1220949,29027,1326.67,31.7,0.717
4109658,Honório Serpa,PR,Sul,4803,4941,4363,306,386521,78227,502.235,9.84,0.683
4109708,Ibaiti,PR,Sul,29464,28830,1207,69,1236457,42888,898.221,32.1,0.71
4109757,Ibema,PR,Sul,6343,6218,3879,261,208091,33466,145.446,42.75,0.685
4109807,Ibiporã,PR,Sul,53276,51603,645,35,4037855,78248,297.742,173.31,0.726
4109906,Icaraíma,PR,Sul,9149,8991,3245,210,329106,36604,675.24,13.32,0.666
4110003,Iguaraçu,PR,Sul,5693,5338,4080,282,267158,50048,164.983,32.35,0.758
4110052,Iguatu,PR,Sul,2156,2144,5404,392,94791,44212,106.937,20.05,0.703
4110078,Imbaú,PR,Sul,15068,14249,2238,125,320471,22491,330.734,43.08,0.622
4110102,Imbituva,PR,Sul,30849,29924,1154,66,1503418,50241,756.535,39.55,0.66
4110201,Inácio Martins,PR,Sul,9555,9670,3166,204,249949,25848,936.208,10.33,0.6
4110300,Inajá,PR,Sul,2481,2536,5295,383,76239,30063,194.704,13.02,0.705
4110409,Indianópolis,PR,Sul,4544,4448,4461,317,772540,173683,122.622,36.27,0.724
4110508,Ipiranga,PR,Sul,14317,14142,2360,137,776104,54879,900.721,15.7,0.652
4110607,Iporã,PR,Sul,16102,15746,2143,117,850007,53982,647.894,24.3,0.706
4110656,Iracema do Oeste,PR,Sul,2328,2343,5345,388,126065,53805,81.538,28.74,0.707
4110706,Irati,PR,Sul,61004,59250,567,31,2816144,47530,999.517,59.28,0.726
4110805,Iretama,PR,Sul,10832,10684,2907,182,409528,38331,570.459,18.73,0.665
4110904,Itaguajé,PR,Sul,4530,4481,4465,319,164295,36665,194.353,23.06,0.707
4110953,Itaipulândia,PR,Sul,12116,11485,2668,166,566776,49349,330.846,34.71,0.738
4111001,Itambaracá,PR,Sul,5819,5908,4035,275,279453,47301,207.342,28.49,0.694
4111100,Itambé,PR,Sul,6228,6111,3918,265,276022,45168,243.822,25.06,0.746
4111209,Itapejara d'Oeste,PR,Sul,12869,12344,2578,158,970545,78625,254.014,48.6,0.731
4111258,Itaperuçu,PR,Sul,33310,31217,1049,58,799718,25618,322.991,96.65,0.637
4111308,Itaúna do Sul,PR,Sul,3607,3572,4836,348,151825,42504,128.87,27.72,0.656
4111407,Ivaí,PR,Sul,13476,13229,2515,152,711073,53751,607.848,21.76,0.651
4111506,Ivaiporã,PR,Sul,33566,32720,1042,57,1142266,34910,436.989,74.88,0.73
4111555,Ivaté,PR,Sul,6788,6831,3744,243,280430,41053,410.156,16.65,0.706
4111605,Ivatuba,PR,Sul,2685,2708,5231,380,167215,61749,96.661,28.02,0.766
4111704,Jaboti,PR,Sul,5655,5427,4089,283,156576,28851,139.277,38.97,0.718
4111803,Jacarezinho,PR,Sul,41493,40375,826,48,1956993,48470,602.528,67.01,0.743
4111902,Jaguapitã,PR,Sul,15908,15122,2156,119,1452483,96051,475.004,31.84,0.715
4112009,Jaguariaíva,PR,Sul,36384,35141,949,53,2062535,58693,1453.066,24.18,0.743
4112108,Jandaia do Sul,PR,Sul,21930,21408,1616,90,962904,44979,187.6,114.12,0.747
4112207,Janiópolis,PR,Sul,5807,5870,4038,276,336925,57398,335.65,17.49,0.696
4112306,Japira,PR,Sul,5054,4972,4267,297,169940,34179,187.802,26.47,0.696
4112405,Japurá,PR,Sul,9393,9144,3197,208,441907,48328,165.185,55.36,0.712
4112504,Jardim Alegre,PR,Sul,12138,12004,2667,165,424449,35359,413.386,29.04,0.689
4112603,Jardim Olinda,PR,Sul,1349,1343,5558,398,78979,58808,128.515,10.45,0.682
4112702,Jataizinho,PR,Sul,11996,11813,2679,167,301470,25520,159.178,74.21,0.687
4112751,Jesuítas,PR,Sul,10954,10506,2875,178,556586,52978,247.496,42.45,0.705
4112801,Joaquim Távora,PR,Sul,12341,11945,2642,162,872246,73022,289.173,41.31,0.7
4112900,Jundiaí do Sul,PR,Sul,3372,3333,4917,355,157361,47213,320.816,10.39,0.688
4112959,Juranda,PR,Sul,7899,7771,3469,229,497087,63967,354.364,21.93,0.708
4113007,Jussara,PR,Sul,6786,6690,3745,244,370465,55376,210.869,31.73,0.718
4113106,Kaloré,PR,Sul,4666,4582,4418,314,201236,43919,193.299,23.7,0.721
4113205,Lapa,PR,Sul,45878,45003,744,41,2647566,58831,2093.859,21.49,0.706
4113254,Laranjal,PR,Sul,5525,5600,4130,288,125483,22408,559.439,10.01,0.585
4113304,Laranjeiras do Sul,PR,Sul,33179,32227,1060,59,1230924,38195,673.688,47.84,0.706
4113403,Leópolis,PR,Sul,3725,3752,4802,345,226118,60266,344.918,10.88,0.707
4113429,Lidianópolis,PR,Sul,3987,3938,4710,338,146837,37287,151.456,26,0.68
4113452,Lindoeste,PR,Sul,5217,5175,4212,292,249057,48127,347.093,14.91,0.666
4113502,Loanda,PR,Sul,23966,23225,1508,87,909384,39155,722.496,32.15,0.725
4113601,Lobato,PR,Sul,4707,4601,4400,311,333368,72456,240.904,19.1,0.744
4113700,Londrina,PR,Sul,581382,555965,38,2,27999537,50362,1652.569,336.42,0.778
4113734,Luiziana,PR,Sul,6659,6690,3779,252,599341,89588,916.839,7.3,0.668
4113759,Lunardelli,PR,Sul,4864,4872,4333,303,147290,30232,199.213,24.46,0.69
4113809,Lupionópolis,PR,Sul,4929,4813,4314,300,164846,34250,121.066,39.76,0.71
4113908,Mallet,PR,Sul,13681,13428,2491,148,973316,72484,760.224,17.66,0.708
4114005,Mamborê,PR,Sul,13551,13452,2504,149,859221,63873,788.061,17.07,0.719
4114104,Mandaguaçu,PR,Sul,34521,31457,1002,56,995410,31644,294.019,106.99,0.718
4114203,Mandaguari,PR,Sul,38313,36716,903,51,2916500,79434,335.814,109.33,0.751
4114302,Mandirituba,PR,Sul,29104,27439,1221,70,801433,29208,379.179,72.36,0.655
4114351,Manfrinópolis,PR,Sul,2790,2770,5182,377,104399,37689,215.779,12.84,0.645
4114401,Mangueirinha,PR,Sul,16737,16603,2091,111,1869715,112613,1055.458,15.73,0.688
4114500,Manoel Ribas,PR,Sul,14675,14240,2290,133,656196,46081,571.135,24.93,0.716
4114609,Marechal Cândido Rondon,PR,Sul,58734,55836,585,32,3919007,70188,745.748,74.87,0.774
4114708,Maria Helena,PR,Sul,5926,5865,4010,272,176407,30078,486.224,12.06,0.703
4114807,Marialva,PR,Sul,44749,41851,762,45,2964620,70837,475.564,88,0.735
4114906,Marilândia do Sul,PR,Sul,8761,8677,3306,214,510268,58807,384.424,22.57,0.691
4115002,Marilena,PR,Sul,7450,7253,3580,234,237237,32709,232.363,31.21,0.681
4115101,Mariluz,PR,Sul,9910,9847,3114,196,403957,41023,433.17,22.73,0.639
4115200,Maringá,PR,Sul,429660,409657,59,3,27817346,67904,487.012,841.16,0.808
4115309,Mariópolis,PR,Sul,6506,6371,3819,254,554034,86962,230.365,27.66,0.698
4115358,Maripá,PR,Sul,6824,6555,3738,242,535683,81721,283.793,23.1,0.758
4115408,Marmeleiro,PR,Sul,16605,15901,2100,112,738403,46438,387.612,41.02,0.722
4115457,Marquinho,PR,Sul,4491,4504,4491,321,134982,29969,503.858,8.94,0.614
4115507,Marumbi,PR,Sul,4780,4699,4374,307,134313,28583,208.47,22.54,0.721
4115606,Matelândia,PR,Sul,19223,18450,1808,100,1440815,78093,639.746,28.84,0.725
4115705,Matinhos,PR,Sul,42063,39259,811,47,1148205,29247,117.899,332.99,0.743
4115739,Mato Rico,PR,Sul,3249,3267,4973,362,157348,48163,394.533,8.28,0.632
4115754,Mauá da Serra,PR,Sul,9689,9383,3147,201,527212,56188,108.324,86.62,0.652
4115804,Medianeira,PR,Sul,57910,54369,591,33,3007596,55318,328.732,165.39,0.763
4115853,Mercedes,PR,Sul,6194,5931,3931,267,311869,52583,197.136,30.09,0.74
4115903,Mirador,PR,Sul,2248,2238,5370,389,178999,79982,221.708,10.09,0.68
4116000,Miraselva,PR,Sul,2017,1966,5450,395,69394,35297,90.294,21.77,0.748
4116059,Missal,PR,Sul,11423,11064,2773,172,496708,44894,324.397,34.11,0.711
4116109,Moreira Sales,PR,Sul,11043,11175,2855,177,382098,34192,353.772,31.59,0.675
4116208,Morretes,PR,Sul,19089,18309,1823,101,534712,29205,684.58,26.74,0.686
4116307,Munhoz de Melo,PR,Sul,4057,3951,4675,334,176663,44713,137.018,28.84,0.726
4116406,Nossa Senhora das Graças,PR,Sul,3669,3669,4820,346,126913,34591,185.769,19.75,0.709
4116505,Nova Aliança do Ivaí,PR,Sul,1322,1323,5559,399,71238,53846,131.272,10.08,0.717
4116604,Nova América da Colina,PR,Sul,3286,3280,4960,361,108097,32956,129.476,25.33,0.698
4116703,Nova Aurora,PR,Sul,14331,13765,2355,136,1040813,75613,470.642,29.25,0.733
4116802,Nova Cantu,PR,Sul,6739,6790,3759,247,341725,50328,555.488,12.22,0.658
4116901,Nova Esperança,PR,Sul,27142,26585,1299,72,1253498,47151,401.587,66.2,0.722
4116950,Nova Esperança do Sudoeste,PR,Sul,5783,5597,4048,278,198770,35514,208.472,26.85,0.714
4117008,Nova Fátima,PR,Sul,7140,7225,3658,237,327433,45319,283.423,25.49,0.688
4117057,Nova Laranjeiras,PR,Sul,12298,12074,2649,163,378372,31338,1210.205,9.98,0.642
4117107,Nova Londrina,PR,Sul,13074,12923,2560,156,718418,55592,269.389,47.97,0.758
4117206,Nova Olímpia,PR,Sul,5982,5833,3994,271,132741,22757,136.347,42.78,0.71
4117214,Nova Santa Bárbara,PR,Sul,4308,4184,4563,324,131609,31455,76.887,54.42,0.68
4117222,Nova Santa Rosa,PR,Sul,8581,8322,3336,215,484275,58192,204.665,40.66,0.731
4117255,Nova Prata do Iguaçu,PR,Sul,13340,12699,2530,154,560124,44108,352.565,36.02,0.716
4117271,Nova Tebas,PR,Sul,6852,6848,3730,241,237202,34638,545.686,12.55,0.651
4117297,Novo Itacolomi,PR,Sul,3227,3125,4990,364,124923,39975,161.411,19.36,0.71
4117305,Ortigueira,PR,Sul,24706,24192,1450,82,3592270,148490,2429.52,9.96,0.609
4117404,Ourizona,PR,Sul,3193,3187,5005,366,186573,58542,176.457,18.06,0.72
4117453,Ouro Verde do Oeste,PR,Sul,7102,6785,3670,238,297137,43793,293.042,23.15,0.709
4117503,Paiçandu,PR,Sul,48695,45962,702,39,1342362,29206,171.379,268.19,0.716
4117602,Palmas,PR,Sul,50238,48247,677,38,1728162,35819,1557.903,30.97,0.66
4117701,Palmeira,PR,Sul,34948,33855,990,54,2220003,65574,1470.072,23.03,0.718
4117800,Palmital,PR,Sul,12879,13033,2576,157,406781,31212,817.647,15.94,0.639
4117909,Palotina,PR,Sul,37039,35011,935,52,3698095,105627,651.238,53.76,0.768
4118006,Paraíso do Norte,PR,Sul,13728,13245,2486,147,533427,40274,204.564,64.75,0.746
4118105,Paranacity,PR,Sul,9549,9557,3168,205,517609,54160,348.631,27.41,0.717
4118204,Paranaguá,PR,Sul,150104,145829,213,13,15291703,104861,822.838,177.23,0.75
4118303,Paranapoema,PR,Sul,2352,2398,5335,386,88781,37023,175.875,13.63,0.709
4118402,Paranavaí,PR,Sul,96209,92001,356,26,4189765,45540,1202.266,76.52,0.763
4118451,Pato Bragado,PR,Sul,6004,5733,3986,270,269744,47051,135.6,42.28,0.747
4118501,Pato Branco,PR,Sul,97821,91836,349,25,5817896,63351,539.087,170.35,0.782
4118600,Paula Freitas,PR,Sul,5706,5666,4073,281,488532,86222,421.409,13.45,0.717
4118709,Paulo Frontin,PR,Sul,6414,6343,3853,258,473855,74705,363.351,17.46,0.708
4118808,Peabiru,PR,Sul,13494,13346,2511,150,530693,39764,468.594,28.48,0.723
4118857,Perobal,PR,Sul,7599,7189,3539,233,354948,49374,409.05,17.57,0.713
4118907,Pérola,PR,Sul,12389,11878,2632,160,364026,30647,236.186,50.29,0.7
4119004,Pérola d'Oeste,PR,Sul,6218,6221,3922,266,270487,43480,205.279,30.31,0.726
4119103,Piên,PR,Sul,14409,13655,2334,135,853225,62484,254.792,53.59,0.694
4119152,Pinhais,PR,Sul,131255,127019,246,16,9852601,77568,60.869,2086.76,0.751
4119202,Pinhalão,PR,Sul,6676,6566,3775,250,251911,38366,220.625,29.76,0.697
4119251,Pinhal de São Bento,PR,Sul,2805,2761,5172,376,82104,29737,97.463,28.33,0.695
4119301,Pinhão,PR,Sul,30451,29886,1173,67,1851108,61939,2001.588,14.93,0.654
4119400,Piraí do Sul,PR,Sul,23977,23651,1507,86,1441276,60939,1345.417,17.58,0.708
4119509,Piraquara,PR,Sul,127433,118730,252,18,1901529,16016,227.042,522.94,0.7
4119608,Pitanga,PR,Sul,34527,33567,1001,55,1448744,43160,1663.747,20.18,0.702
4119657,Pitangueiras,PR,Sul,3141,3046,5030,368,160573,52716,123.229,24.72,0.71
4119707,Planaltina do Paraná,PR,Sul,4125,4070,4647,329,149540,36742,356.192,11.43,0.705
4119806,Planalto,PR,Sul,14722,14374,2282,132,526048,36597,346.241,41.51,0.706
4119905,Ponta Grossa,PR,Sul,375632,358371,74,4,25583325,71388,2054.732,174.41,0.763
4119954,Pontal do Paraná,PR,Sul,33131,30425,1063,60,809708,26613,200.41,151.81,0.738
4120002,Porecatu,PR,Sul,11271,11624,2811,174,732948,63055,291.663,39.85,0.738
4120101,Porto Amazonas,PR,Sul,4072,4098,4668,333,391662,95574,186.581,21.96,0.7
4120150,Porto Barreiro,PR,Sul,3057,3110,5063,370,169168,54395,361.02,8.61,0.688
4120200,Porto Rico,PR,Sul,3370,3182,4918,356,152980,48077,217.676,14.62,0.735
4120309,Porto Vitória,PR,Sul,3515,3562,4868,350,98341,27608,213.013,16.72,0.685
4120333,Prado Ferreira,PR,Sul,3816,3709,4764,343,207955,56068,152.876,24.26,0.71
4120358,Pranchita,PR,Sul,5831,5737,4032,274,378687,66008,226.14,25.37,0.752
4120408,Presidente Castelo Branco,PR,Sul,4304,4336,4567,325,197136,45465,155.734,27.84,0.713
4120507,Primeiro de Maio,PR,Sul,10064,10082,3093,194,462476,45871,414.442,24.33,0.701
4120606,Prudentópolis,PR,Sul,50946,49393,668,36,1905943,38587,2247.141,21.98,0.676
4120655,Quarto Centenário,PR,Sul,4127,4201,4645,328,409019,97362,321.875,13.05,0.71
4120705,Quatiguá,PR,Sul,8426,8099,3362,220,244507,30190,112.689,71.87,0.714
4120804,Quatro Barras,PR,Sul,25397,24191,1384,77,2336181,96572,180.471,134.04,0.742
4120853,Quatro Pontes,PR,Sul,4672,4480,4413,313,307122,68554,114.393,39.16,0.791
4120903,Quedas do Iguaçu,PR,Sul,31423,30738,1139,65,1927945,62722,821.503,37.42,0.681
4121000,Querência do Norte,PR,Sul,10625,10685,2976,187,342244,32030,914.763,11.68,0.688
4121109,Quinta do Sol,PR,Sul,5052,5001,4268,298,314953,62978,326.177,15.33,0.715
4121208,Quitandinha,PR,Sul,18882,18398,1838,102,594459,32311,447.024,41.16,0.68
4121257,Ramilândia,PR,Sul,4279,4221,4579,326,126585,29989,237.196,17.8,0.63
4121307,Rancho Alegre,PR,Sul,3472,3512,4887,354,197170,56142,167.646,20.95,0.707
4121356,Rancho Alegre D'Oeste,PR,Sul,2623,2618,5255,382,235642,90008,241.386,10.85,0.704
4121406,Realeza,PR,Sul,20097,19247,1747,96,958987,49825,353.416,54.46,0.722
4121505,Rebouças,PR,Sul,14825,14514,2270,130,635752,43803,481.84,30.12,0.672
4121604,Renascença,PR,Sul,6945,6845,3711,240,460072,67213,425.273,16.1,0.733
4121703,Reserva,PR,Sul,24878,24573,1435,80,764371,31106,1635.535,15.02,0.618
4121752,Reserva do Iguaçu,PR,Sul,6493,6553,3823,255,257839,39347,834.232,7.86,0.648
4121802,Ribeirão Claro,PR,Sul,12856,12364,2579,159,609741,49316,629.224,19.65,0.716
4121901,Ribeirão do Pinhal,PR,Sul,13158,13060,2543,155,487933,37361,374.732,34.85,0.701
4122008,Rio Azul,PR,Sul,14174,14025,2398,140,996992,71087,599.056,23.41,0.687
4122107,Rio Bom,PR,Sul,3214,3197,4993,365,118815,37165,177.836,17.98,0.729
4122156,Rio Bonito do Iguaçu,PR,Sul,14297,13929,2365,138,514285,36922,681.406,20.44,0.629
4122172,Rio Branco do Ivaí,PR,Sul,3841,3808,4755,341,174700,45877,376.109,10.12,0.64
4122206,Rio Branco do Sul,PR,Sul,40308,37558,847,49,1850826,49279,811.425,46.29,0.679
4122305,Rio Negro,PR,Sul,31951,31324,1119,62,1456165,46487,604.138,51.85,0.76
4122404,Rolândia,PR,Sul,75818,71670,455,29,4602704,64221,459.024,156.14,0.739
4122503,Roncador,PR,Sul,11339,11251,2792,173,639474,56837,742.121,15.16,0.681
4122602,Rondon,PR,Sul,9255,9097,3227,209,538736,59221,555.125,16.39,0.713
4122651,Rosário do Ivaí,PR,Sul,5484,5435,4139,289,166638,30660,377.47,14.4,0.662
4122701,Sabáudia,PR,Sul,9511,8822,3180,207,741345,84034,190.329,46.35,0.74
4122800,Salgado Filho,PR,Sul,4090,4075,4663,331,144581,35480,181.015,22.51,0.7
4122909,Salto do Itararé,PR,Sul,5214,5192,4213,293,124160,23914,200.52,25.89,0.704
4123006,Salto do Lontra,PR,Sul,15706,15223,2182,121,628454,41283,312.717,48.68,0.718
4123105,Santa Amélia,PR,Sul,3358,3394,4927,358,141542,41704,78.045,43.49,0.653
4123204,Santa Cecília do Pavão,PR,Sul,3357,3365,4930,360,179166,53244,105.076,32.02,0.723
4123303,Santa Cruz de Monte Castelo,PR,Sul,8840,8613,3295,213,387175,44952,442.013,19.49,0.71
4123402,Santa Fé,PR,Sul,11730,11378,2711,168,449906,39542,276.241,41.19,0.705
4123501,Santa Helena,PR,Sul,26461,25492,1333,73,1641044,64375,754.701,33.78,0.744
4123600,Santa Inês,PR,Sul,1745,1748,5512,397,85155,48716,156.935,11.14,0.717
4123709,Santa Isabel do Ivaí,PR,Sul,9043,8912,3262,211,293692,32955,349.497,25.5,0.72
4123808,Santa Izabel do Oeste,PR,Sul,14462,14070,2321,134,514079,36537,321.182,43.81,0.696
4123824,Santa Lúcia,PR,Sul,3638,3644,4825,347,158188,43411,126.813,28.74,0.687
4123857,Santa Maria do Oeste,PR,Sul,9869,9934,3123,198,353046,35539,836.669,11.87,0.609
4123907,Santa Mariana,PR,Sul,10941,11066,2879,179,497961,44999,427.193,25.9,0.7
4123956,Santa Mônica,PR,Sul,3361,3356,4924,357,115471,34407,259.957,12.91,0.704
4124004,Santana do Itararé,PR,Sul,5646,5514,4093,285,184042,33377,251.269,21.94,0.687
4124020,Santa Tereza do Oeste,PR,Sul,13938,13174,2455,142,713315,54146,326.19,40.39,0.705
4124053,Santa Terezinha de Itaipu,PR,Sul,25300,24262,1393,78,765144,31537,268.258,90.44,0.738
4124103,Santo Antônio da Platina,PR,Sul,45628,44369,748,43,1837884,41423,721.472,61.5,0.718
4124202,Santo Antônio do Caiuá,PR,Sul,2474,2493,5297,384,70027,28089,219.068,11.38,0.696
4124301,Santo Antônio do Paraíso,PR,Sul,2088,2125,5428,394,114799,54023,167.014,12.72,0.716
4124400,Santo Antônio do Sudoeste,PR,Sul,24980,23673,1422,79,804866,33999,325.651,72.69,0.671
4124509,Santo Inácio,PR,Sul,6463,6181,3839,257,836727,135371,280.133,22.06,0.739
4124608,São Carlos do Ivaí,PR,Sul,6727,6587,3764,248,567836,86206,225.079,29.27,0.682
4124707,São Jerônimo da Serra,PR,Sul,10884,10830,2893,181,349306,32254,823.774,13.15,0.637
4124806,São João,PR,Sul,12297,11886,2650,164,1220178,102657,388.059,30.63,0.727
4124905,São João do Caiuá,PR,Sul,5607,5586,4107,286,191656,34310,304.413,18.35,0.664
4125001,São João do Ivaí,PR,Sul,10639,10667,2970,186,410617,38494,353.331,30.19,0.693
4125100,São João do Triunfo,PR,Sul,13899,13726,2466,143,875907,63814,720.407,19.05,0.629
4125209,São Jorge d'Oeste,PR,Sul,9587,9378,3163,203,531521,56677,379.545,24.71,0.722
4125308,São Jorge do Ivaí,PR,Sul,5170,5168,4230,294,417316,80750,315.088,16.4,0.743
4125357,São Jorge do Patrocínio,PR,Sul,6690,6504,3770,249,183232,28172,406.413,16,0.676
4125407,São José da Boa Vista,PR,Sul,6023,6040,3980,269,232641,38517,399.667,15.11,0.671
4125456,São José das Palmeiras,PR,Sul,4031,3957,4688,336,109674,27716,182.419,21.69,0.713
4125506,São José dos Pinhais,PR,Sul,349880,329628,83,6,33957964,103019,946.435,348.28,0.758
4125555,São Manoel do Paraná,PR,Sul,2176,2138,5393,391,83030,38835,95.381,22.42,0.725
4125605,São Mateus do Sul,PR,Sul,43490,42366,787,46,1934142,45653,1341.714,31.58,0.719
4125704,São Miguel do Iguaçu,PR,Sul,30416,29122,1176,68,1484412,50972,851.917,34.18,0.704
4125753,São Pedro do Iguaçu,PR,Sul,5730,5784,4064,280,267877,46313,308.324,18.76,0.683
4125803,São Pedro do Ivaí,PR,Sul,8514,8690,3348,218,453058,52136,322.692,26.93,0.717
4125902,São Pedro do Paraná,PR,Sul,2726,2661,5208,378,111291,41823,250.654,10.62,0.704
4126009,São Sebastião da Amoreira,PR,Sul,8063,8063,3441,226,277569,34425,226.872,35.54,0.715
4126108,São Tomé,PR,Sul,5282,5232,4196,291,221194,42277,218.623,23.93,0.725
4126207,Sapopema,PR,Sul,6778,6695,3749,245,183023,27337,677.609,9.88,0.655
4126256,Sarandi,PR,Sul,128106,118455,250,17,2398690,20250,103.501,1144.48,0.695
4126272,Saudade do Iguaçu,PR,Sul,6413,6108,3855,259,1143427,187202,152.084,40.16,0.699
4126306,Sengés,PR,Sul,17256,17270,2049,110,690924,40007,1441.333,11.98,0.663
4126355,Serranópolis do Iguaçu,PR,Sul,5161,5007,4232,295,272573,54438,482.394,10.38,0.762
4126405,Sertaneja,PR,Sul,5654,5616,4091,284,465712,82926,444.492,12.63,0.725
4126504,Sertanópolis,PR,Sul,16210,15930,2134,116,863931,54233,505.532,31.51,0.723
4126603,Siqueira Campos,PR,Sul,24031,22811,1502,84,851121,37312,278.035,82.04,0.704
4126652,Sulina,PR,Sul,3498,3440,4872,351,190979,55517,170.759,20.15,0.693
4126678,Tamarana,PR,Sul,10540,10707,3007,191,474596,44326,472.155,22.68,0.621
4126702,Tamboara,PR,Sul,4986,4880,4289,299,184145,37735,193.346,25.24,0.731
4126801,Tapejara,PR,Sul,16326,15869,2123,114,731143,46074,591.399,26.83,0.703
4126900,Tapira,PR,Sul,5807,5745,4039,277,187714,32674,434.371,13.23,0.697
4127007,Teixeira Soares,PR,Sul,9540,9547,3169,206,633083,66312,902.793,10.57,0.671
4127106,Telêmaco Borba,PR,Sul,77479,75042,444,28,6409425,85411,1382.86,54.27,0.734
4127205,Terra Boa,PR,Sul,18168,17568,1917,106,709922,40410,320.85,54.75,0.728
4127304,Terra Rica,PR,Sul,14961,14842,2251,127,539546,36353,700.599,21.18,0.71
4127403,Terra Roxa,PR,Sul,18636,18119,1868,103,921400,50853,800.807,22.63,0.714
4127502,Tibagi,PR,Sul,20374,19961,1726,93,1448624,72573,2977.933,6.7,0.664
4127601,Tijucas do Sul,PR,Sul,18458,17621,1889,105,554175,31450,671.889,26.23,0.636
4127700,Toledo,PR,Sul,160701,150470,201,12,9508572,63192,1198.049,125.6,0.768
4127809,Tomazina,PR,Sul,8523,8426,3346,217,350465,41593,591.438,14.25,0.699
4127858,Três Barras do Paraná,PR,Sul,11157,11135,2835,176,453550,40732,505.505,22.03,0.681
4127882,Tunas do Paraná,PR,Sul,6304,6219,3893,263,142467,22908,668.478,9.3,0.611
4127908,Tuneiras do Oeste,PR,Sul,8067,8067,3438,225,297521,36881,698.871,11.54,0.695
4127957,Tupãssi,PR,Sul,8208,8077,3411,221,520417,64432,299.769,26.94,0.73
4127965,Turvo,PR,Sul,14101,14231,2416,141,697870,49039,938.966,15.16,0.672
4128005,Ubiratã,PR,Sul,25732,24749,1368,76,2129922,86061,652.581,37.92,0.739
4128104,Umuarama,PR,Sul,123059,117095,262,21,5096996,43529,1234.537,94.85,0.761
4128203,União da Vitória,PR,Sul,56560,55033,605,34,2223373,40401,719.998,76.43,0.74
4128302,Uniflor,PR,Sul,2106,2136,5418,393,131665,61641,94.819,22.53,0.72
4128401,Uraí,PR,Sul,10308,10406,3061,193,395053,37964,237.81,43.76,0.721
4128500,Wenceslau Braz,PR,Sul,19398,19188,1799,99,767256,39986,397.916,48.22,0.687
4128534,Ventania,PR,Sul,9760,9681,3133,200,378784,39127,819.334,11.82,0.65
4128559,Vera Cruz do Oeste,PR,Sul,8178,8215,3413,222,335607,40853,327.09,25.12,0.699
4128609,Verê,PR,Sul,8077,7932,3434,224,606828,76504,311.801,25.44,0.72
4128625,Alto Paraíso,PR,Sul,3067,3055,5057,369,147760,48367,967.772,3.16,0.678
4128633,Doutor Ulysses,PR,Sul,5744,5697,4061,279,116147,20387,777.482,7.33,0.546
4128658,Virmond,PR,Sul,3828,3811,4760,342,241579,63390,249.094,15.3,0.722
4128708,Vitorino,PR,Sul,10549,9706,3001,190,631025,65014,308.218,31.49,0.702
4128807,Xambrê,PR,Sul,5835,5798,4030,273,138498,23887,359.712,16.12,0.706
4200051,Abdon Batista,SC,Sul,2629,2598,5250,264,115985,44644,237.517,10.94,0.694
4200101,Abelardo Luz,SC,Sul,17767,17392,1976,88,1085858,62434,953.992,18.23,0.696
4200200,Agrolândia,SC,Sul,11646,10990,2724,114,496110,45142,206.815,53.14,0.725
4200309,Agronômica,SC,Sul,6511,6055,3817,174,279406,46145,129.774,46.66,0.741
4200408,Água Doce,SC,Sul,6587,6508,3797,173,747812,114907,1319.137,4.93,0.698
4200507,Águas de Chapecó,SC,Sul,6123,6036,3958,185,240633,39866,139.511,43.27,0.713
4200556,Águas Frias,SC,Sul,3000,2839,5092,248,183332,64576,76.631,37.05,0.745
4200606,Águas Mornas,SC,Sul,7193,6743,3644,168,281792,41790,326.66,20.64,0.723
4200705,Alfredo Wagner,SC,Sul,10963,10481,2873,123,414787,39575,733.489,14.29,0.668
4200754,Alto Bela Vista,SC,Sul,1847,1856,5487,288,94012,50653,103.433,17.94,0.755
4200804,Anchieta,SC,Sul,5955,5943,4001,186,261385,43982,232.348,25.58,0.699
4200903,Angelina,SC,Sul,5484,5358,4140,193,192262,35883,499.998,10.72,0.687
4201000,Anita Garibaldi,SC,Sul,8339,8285,3379,152,251491,30355,589.812,14.05,0.688
4201109,Anitápolis,SC,Sul,3761,3593,4784,222,117403,32675,540.636,6.65,0.674
4201208,Antônio Carlos,SC,Sul,12464,11224,2625,111,1163092,103625,234.422,47.88,0.749
4201257,Apiúna,SC,Sul,10041,9811,3096,135,510610,52045,493.49,19.88,0.708
4201273,Arabutã,SC,Sul,4505,4378,4475,208,400561,91494,132.779,32.97,0.733
4201307,Araquari,SC,Sul,52079,45283,658,34,9900040,218626,386.693,117.1,0.703
4201406,Araranguá,SC,Sul,76611,71922,450,23,3023100,42033,301.819,238.3,0.76
4201505,Armazém,SC,Sul,9289,8834,3220,142,343668,38903,173.958,50.78,0.77
4201604,Arroio Trinta,SC,Sul,3634,3556,4826,226,154297,43391,93.53,38.02,0.764
4201653,Arvoredo,SC,Sul,2623,2510,5256,265,194588,77525,90.503,27.73,0.715
4201703,Ascurra,SC,Sul,8720,8319,3310,145,315202,37889,112.884,73.7,0.742
4201802,Atalanta,SC,Sul,3265,3227,4966,238,146755,45477,94.383,34.19,0.733
4201901,Aurora,SC,Sul,7241,6780,3630,167,468008,69028,207.045,32.75,0.733
4201950,Balneário Arroio do Silva,SC,Sul,17786,15820,1972,87,302101,19096,94.477,167.45,0.746
4202008,Balneário Camboriú,SC,Sul,151674,139155,210,12,9004373,64708,45.214,3077.7,0.845
4202057,Balneário Barra do Sul,SC,Sul,16953,14912,2078,91,321609,21567,108.914,136.92,0.716
4202073,Balneário Gaivota,SC,Sul,17986,15669,1940,85,308869,19712,146.834,106.71,0.728
4202081,Bandeirante,SC,Sul,3265,3144,4967,239,130220,41419,148.074,21.23,0.672
4202099,Barra Bonita,SC,Sul,1642,1668,5530,295,66206,39692,92.561,18.02,0.701
4202107,Barra Velha,SC,Sul,52860,45369,649,33,2468505,54410,138.947,326.52,0.738
4202131,Bela Vista do Toldo,SC,Sul,5939,5872,4005,188,277735,47298,535.682,10.96,0.675
4202156,Belmonte,SC,Sul,2712,2658,5218,260,86050,32374,93.852,28.32,0.705
4202206,Benedito Novo,SC,Sul,10757,10520,2929,126,496824,47227,388.291,27.09,0.74
4202305,Biguaçu,SC,Sul,83756,76773,408,19,3523318,45893,365.755,209.9,0.739
4202404,Blumenau,SC,Sul,385558,361261,70,3,24871920,68848,518.619,696.58,0.806
4202438,Bocaina do Sul,SC,Sul,3639,3515,4824,225,145084,41276,510.673,6.88,0.647
4202453,Bombinhas,SC,Sul,28738,25058,1237,58,1178868,47046,35.143,713.03,0.781
4202503,Bom Jardim da Serra,SC,Sul,3995,4026,4707,219,338788,84150,938.516,4.29,0.696
4202537,Bom Jesus,SC,Sul,2896,2777,5135,252,187852,67646,63.883,43.47,0.718
4202578,Bom Jesus do Oeste,SC,Sul,2240,2187,5373,277,103572,47358,67.777,32.27,0.712
4202602,Bom Retiro,SC,Sul,8422,8418,3363,150,454470,53988,1057.034,7.96,0.699
4202701,Botuverá,SC,Sul,5705,5363,4074,189,554189,103336,296.256,18.1,0.724
4202800,Braço do Norte,SC,Sul,35985,33773,961,45,2195935,65020,212.045,159.27,0.778
4202859,Braço do Trombudo,SC,Sul,4256,4026,4589,216,273816,68012,89.411,45.03,0.78
4202875,Brunópolis,SC,Sul,2433,2489,5306,272,143766,57761,336.439,7.4,0.661
4202909,Brusque,SC,Sul,155307,141385,205,11,11071535,78308,284.675,496.65,0.795
4203006,Caçador,SC,Sul,76298,73720,452,24,5375161,72913,983.424,74.96,0.735
4203105,Caibi,SC,Sul,6441,6304,3844,177,382027,60601,173.079,36.42,0.728
4203154,Calmon,SC,Sul,3519,3443,4865,232,135173,39260,636.208,5.41,0.622
4203204,Camboriú,SC,Sul,117324,103074,285,13,2703378,26228,210.568,489.5,0.726
4203253,Capão Alto,SC,Sul,2636,2625,5245,263,281798,107352,1331.962,1.97,0.654
4203303,Campo Alegre,SC,Sul,12886,12501,2575,110,872665,69808,499.216,25.04,0.714
4203402,Campo Belo do Sul,SC,Sul,7324,7257,3611,166,401476,55323,1025.638,7.08,0.641
4203501,Campo Erê,SC,Sul,9864,9623,3126,137,532119,55297,479.161,20.08,0.69
4203600,Campos Novos,SC,Sul,39049,36932,882,41,3456854,93601,1717.697,21.5,0.742
4203709,Canelinha,SC,Sul,13618,12821,2498,106,412708,32190,151.008,84.9,0.697
4203808,Canoinhas,SC,Sul,56948,55016,600,30,2759648,50161,1148.036,47.92,0.757
4203907,Capinzal,SC,Sul,24414,23314,1481,65,1482554,63591,244.057,95.53,0.752
4203956,Capivari de Baixo,SC,Sul,25015,23975,1417,63,689019,28739,53.222,450.47,0.767
4204004,Catanduvas,SC,Sul,11033,10566,2860,122,676611,64037,199.166,53.05,0.714
4204103,Caxambu do Sul,SC,Sul,4752,4614,4382,201,248344,53824,140.873,32.75,0.691
4204152,Celso Ramos,SC,Sul,2864,2805,5148,253,96487,34398,208.391,13.46,0.719
4204178,Cerro Negro,SC,Sul,3303,3317,4953,236,152293,45913,418.544,7.93,0.621
4204194,Chapadão do Lageado,SC,Sul,3053,2950,5068,246,147115,49869,124.866,23.63,0.704
4204202,Chapecó,SC,Sul,282648,254785,107,6,17619284,69154,624.846,407.76,0.79
4204251,Cocal do Sul,SC,Sul,18106,17240,1925,83,1084930,62931,70.965,242.94,0.78
4204301,Concórdia,SC,Sul,87206,81646,389,17,5510392,67491,799.194,102.16,0.8
4204350,Cordilheira Alta,SC,Sul,5192,4781,4219,194,529198,110688,83.556,57.22,0.747
4204400,Coronel Freitas,SC,Sul,10604,10388,2984,129,484593,46649,233.698,44.45,0.744
4204459,Coronel Martins,SC,Sul,1993,2065,5455,286,74761,36204,107.502,19.21,0.696
4204509,Corupá,SC,Sul,15912,15267,2155,93,1055553,69140,405.761,37.63,0.78
4204558,Correia Pinto,SC,Sul,16253,15727,2128,92,763282,48533,647.388,24.29,0.702
4204608,Criciúma,SC,Sul,227438,214493,144,8,12339548,57529,234.865,913.26,0.788
4204707,Cunha Porã,SC,Sul,11242,10953,2817,118,1090031,99519,220.099,49.76,0.742
4204756,Cunhataí,SC,Sul,2026,1968,5446,284,106831,54284,54.811,35.91,0.754
4204806,Curitibanos,SC,Sul,41741,40045,820,39,2003888,50041,949.865,42.16,0.721
4204905,Descanso,SC,Sul,8652,8530,3325,148,382121,44797,287.057,29.72,0.743
4205001,Dionísio Cerqueira,SC,Sul,15316,15008,2214,96,674813,44964,378.843,39.62,0.706
4205100,Dona Emma,SC,Sul,4435,4221,4518,211,184448,43698,178.157,23.69,0.742
4205159,Doutor Pedrinho,SC,Sul,3729,3637,4798,223,184032,50600,374.205,9.72,0.716
4205175,Entre Rios,SC,Sul,3561,3402,4851,230,75981,22334,103.888,32.75,0.657
4205191,Ermo,SC,Sul,2354,2269,5334,274,241247,106323,65.311,34.74,0.726
4205209,Erval Velho,SC,Sul,5137,4885,4242,195,253179,51828,208.841,23.39,0.723
4205308,Faxinal dos Guedes,SC,Sul,11537,11192,2740,116,845387,75535,340.07,32.91,0.758
4205357,Flor do Sertão,SC,Sul,1868,1783,5480,287,95653,53647,58.457,30.5,0.708
4205407,Florianópolis,SC,Sul,587486,537211,37,2,31190132,58059,674.844,796.05,0.847
4205431,Formosa do Sul,SC,Sul,2752,2682,5194,256,104803,39076,100.408,26.71,0.715
4205456,Forquilhinha,SC,Sul,34771,31431,994,47,1525924,48548,183.351,171.43,0.753
4205506,Fraiburgo,SC,Sul,34065,33481,1023,50,1596213,47675,549.188,60.96,0.731
4205555,Frei Rogério,SC,Sul,2437,2411,5305,271,114310,47412,158.775,15.19,0.682
4205605,Galvão,SC,Sul,3168,3210,5017,242,159894,49811,139.836,22.96,0.708
4205704,Garopaba,SC,Sul,34070,29959,1022,49,1005308,33556,114.773,261.03,0.753
4205803,Garuva,SC,Sul,19970,18545,1756,75,1982039,106877,503.595,36.83,0.725
4205902,Gaspar,SC,Sul,78344,72570,434,20,5058949,69711,386.616,187.71,0.765
4206009,Governador Celso Ramos,SC,Sul,18280,16915,1900,81,661697,39119,127.556,132.61,0.747
4206108,Grão-Pará,SC,Sul,6403,6277,3861,179,406387,64742,334.362,18.77,0.736
4206207,Gravatal,SC,Sul,13158,12435,2544,109,456981,36750,165.718,75.04,0.757
4206306,Guabiruba,SC,Sul,26645,24543,1321,61,1492565,60814,172.173,142.55,0.754
4206405,Guaraciaba,SC,Sul,11071,10796,2846,120,615278,56991,331.766,32.54,0.751
4206504,Guaramirim,SC,Sul,51009,46711,666,35,3136750,67152,267.514,174.61,0.751
4206603,Guarujá do Sul,SC,Sul,4893,4829,4326,198,262918,54446,100.63,47.99,0.73
4206652,Guatambú,SC,Sul,9611,8425,3158,139,617585,73304,206.196,40.86,0.717
4206702,Herval d'Oeste,SC,Sul,22222,21724,1596,68,723522,33305,216.581,100.3,0.758
4206751,Ibiam,SC,Sul,2061,2008,5433,283,90693,45166,146.009,13.75,0.725
4206801,Ibicaré,SC,Sul,3295,3269,4955,237,174344,53333,156.439,20.9,0.708
4206900,Ibirama,SC,Sul,20900,19862,1692,73,774395,38989,247.102,80.38,0.737
4207007,Içara,SC,Sul,63489,59035,541,25,4878274,82634,230.393,256.24,0.741
4207106,Ilhota,SC,Sul,18627,17046,1871,80,1190605,69847,253.024,67.37,0.738
4207205,Imaruí,SC,Sul,12150,11881,2665,113,320780,26999,542.238,21.91,0.667
4207304,Imbituba,SC,Sul,57256,52579,597,29,3250688,61825,181.577,289.57,0.765
4207403,Imbuia,SC,Sul,6166,5982,3939,183,319441,53400,119.113,50.22,0.713
4207502,Indaial,SC,Sul,77888,71549,442,21,4484718,62680,430.799,166.08,0.777
4207577,Iomerê,SC,Sul,2967,2877,5108,250,381384,132563,113.986,25.24,0.795
4207601,Ipira,SC,Sul,4622,4578,4429,204,134995,29488,155.651,29.41,0.736
4207650,Iporã do Oeste,SC,Sul,9759,9335,3135,138,486274,52091,200.96,46.45,0.759
4207684,Ipuaçu,SC,Sul,8133,7730,3421,154,435900,56391,261.081,29.61,0.66
4207700,Ipumirim,SC,Sul,8121,7816,3427,155,564808,72263,245.921,31.78,0.738
4207759,Iraceminha,SC,Sul,3981,3986,4714,220,258923,64958,165.147,24.14,0.722
4207809,Irani,SC,Sul,10560,10195,2997,130,339803,33330,325.862,31.29,0.742
4207858,Irati,SC,Sul,2098,2069,5420,282,78560,37970,77.912,26.56,0.707
4207908,Irineópolis,SC,Sul,10427,10285,3048,133,636426,61879,589.698,17.44,0.699
4208005,Itá,SC,Sul,7370,7067,3599,165,550222,77858,166.265,42.5,0.771
4208104,Itaiópolis,SC,Sul,22906,22051,1556,67,1404662,63701,1297.543,16.99,0.708
4208203,Itajaí,SC,Sul,294850,264054,101,5,48195909,182523,289.215,913,0.795
4208302,Itapema,SC,Sul,86116,75940,396,18,3799730,50036,58.21,1304.59,0.796
4208401,Itapiranga,SC,Sul,17268,16638,2046,90,1369949,82339,281.782,59.05,0.775
4208450,Itapoá,SC,Sul,36033,30750,960,44,1990651,64737,245.394,125.31,0.761
4208500,Ituporanga,SC,Sul,28461,26525,1244,59,1565743,59029,336.588,78.81,0.748
4208609,Jaborá,SC,Sul,4461,4310,4505,210,236970,54981,182.483,23.62,0.732
4208708,Jacinto Machado,SC,Sul,10818,10624,2911,124,733562,69048,430.704,24.67,0.716
4208807,Jaguaruna,SC,Sul,21570,20375,1640,71,887386,43553,326.362,62.43,0.721
4208906,Jaraguá do Sul,SC,Sul,199519,182660,159,9,15509263,84908,530.894,344.06,0.803
4208955,Jardinópolis,SC,Sul,1810,1776,5497,289,82849,46649,68.499,25.93,0.709
4209003,Joaçaba,SC,Sul,31809,30146,1127,52,2754514,91372,241.637,124.76,0.827
4209102,Joinville,SC,Sul,664541,616317,33,1,49815877,80828,1127.947,546.41,0.809
4209151,José Boiteux,SC,Sul,6415,5985,3852,178,171772,28700,405.552,14.76,0.694
4209177,Jupiá,SC,Sul,2713,2555,5217,259,109999,43052,91.448,27.94,0.719
4209201,Lacerdópolis,SC,Sul,2302,2248,5354,276,186584,83000,69.036,32.56,0.781
4209300,Lages,SC,Sul,172458,164981,182,10,8341650,50561,2637.66,62.55,0.77
4209409,Laguna,SC,Sul,44060,42785,773,38,1404150,32819,333.26,128.38,0.752
4209458,Lajeado Grande,SC,Sul,1791,1702,5501,291,108719,63877,65.348,26.05,0.771
4209508,Laurentino,SC,Sul,8605,7932,3333,149,536261,67607,79.333,99.98,0.749
4209607,Lauro Müller,SC,Sul,14628,14381,2298,98,481730,33498,271.852,52.9,0.735
4209706,Lebon Régis,SC,Sul,11575,11472,2734,115,466724,40684,941.64,12.18,0.649
4209805,Leoberto Leal,SC,Sul,3379,3330,4916,234,169622,50938,293.6,11.34,0.686
4209854,Lindóia do Sul,SC,Sul,4604,4549,4435,205,201026,44191,190.171,23.92,0.743
4209904,Lontras,SC,Sul,13829,12873,2474,104,579987,45055,197.586,65.15,0.704
4210001,Luiz Alves,SC,Sul,12246,11684,2655,112,1138042,97402,260.106,44.92,0.737
4210035,Luzerna,SC,Sul,5951,5794,4002,187,346309,59770,117.099,49.48,0.789
4210050,Macieira,SC,Sul,1796,1778,5500,290,70008,39375,261.208,6.81,0.662
4210100,Mafra,SC,Sul,57262,55286,596,28,3296812,59632,1404.084,39.38,0.777
4210209,Major Gercino,SC,Sul,3253,3214,4971,240,86474,26905,306.058,10.5,0.698
4210308,Major Vieira,SC,Sul,7543,7425,3558,163,417209,56190,520.816,14.26,0.69
4210407,Maracajá,SC,Sul,8344,7815,3374,151,355365,45472,62.902,124.24,0.768
4210506,Maravilha,SC,Sul,30743,28251,1157,55,2499223,88465,170.339,165.85,0.781
4210555,Marema,SC,Sul,2218,2184,5378,278,111255,50941,104.184,20.96,0.743
4210605,Massaranduba,SC,Sul,18122,17162,1923,82,1050211,61194,374.459,45.83,0.774
4210704,Matos Costa,SC,Sul,2789,2761,5184,255,77764,28165,435.391,6.34,0.657
4210803,Meleiro,SC,Sul,7128,7006,3663,169,469316,66988,186.439,37.58,0.738
4210852,Mirim Doce,SC,Sul,2554,2511,5276,267,106937,42587,337.991,7.43,0.708
4210902,Modelo,SC,Sul,4159,4080,4638,217,203356,49842,92.346,44.18,0.76
4211009,Mondaí,SC,Sul,10206,10066,3077,134,1249317,124113,200.276,50.26,0.748
4211058,Monte Carlo,SC,Sul,9218,9117,3232,144,325033,35651,191.278,47.66,0.643
4211108,Monte Castelo,SC,Sul,7747,7736,3504,158,285959,36965,560.743,13.8,0.675
4211207,Morro da Fumaça,SC,Sul,19490,18537,1789,77,1019641,55006,82.818,223.83,0.738
4211256,Morro Grande,SC,Sul,3097,3010,5046,243,194418,64591,260.143,11.57,0.701
4211306,Navegantes,SC,Sul,96046,86401,359,15,7939674,91893,111.377,775.75,0.736
4211405,Nova Erechim,SC,Sul,5490,5155,4135,192,266502,51698,65.087,79.2,0.765
4211454,Nova Itaberaba,SC,Sul,4672,4536,4414,203,191952,42317,137.388,33.02,0.736
4211504,Nova Trento,SC,Sul,14395,13727,2338,101,972888,70874,402.852,34.07,0.748
4211603,Nova Veneza,SC,Sul,14004,13664,2440,103,1333549,97596,295.061,46.31,0.768
4211652,Novo Horizonte,SC,Sul,2661,2643,5236,261,160908,60881,151.722,17.42,0.706
4211702,Orleans,SC,Sul,24686,23661,1452,64,1408944,59547,549.859,43.03,0.755
4211751,Otacílio Costa,SC,Sul,17873,17312,1958,86,1267788,73232,847.253,20.43,0.74
4211801,Ouro,SC,Sul,7062,7032,3684,170,307202,43686,213.543,32.93,0.774
4211850,Ouro Verde,SC,Sul,2195,2181,5385,280,170820,78322,188.568,11.57,0.695
4211876,Paial,SC,Sul,2007,1927,5452,285,73788,38292,86.048,22.39,0.718
4211892,Painel,SC,Sul,2216,2215,5379,279,111006,50116,738.331,3,0.664
4211900,Palhoça,SC,Sul,253469,222598,123,7,10294550,46247,394.85,563.75,0.757
4212007,Palma Sola,SC,Sul,7696,7605,3512,159,361215,47497,330.878,22.98,0.704
4212056,Palmeira,SC,Sul,2658,2561,5240,262,205053,80068,289.097,8.86,0.671
4212106,Palmitos,SC,Sul,15781,15626,2171,94,1211264,77516,351.051,44.51,0.737
4212205,Papanduva,SC,Sul,19769,19150,1768,76,1183058,61778,764.737,25.04,0.704
4212239,Paraíso,SC,Sul,4394,4267,4535,212,194244,45522,180.338,23.66,0.7
4212254,Passo de Torres,SC,Sul,14859,12897,2264,97,301934,23411,92.638,139.22,0.72
4212270,Passos Maia,SC,Sul,3997,4034,4706,218,218824,54245,617.092,6.54,0.659
4212304,Paulo Lopes,SC,Sul,9879,9063,3122,136,417795,46099,446.165,20.31,0.716
4212403,Pedras Grandes,SC,Sul,4355,4245,4551,214,305366,71935,159.891,26.55,0.728
4212502,Penha,SC,Sul,36995,33663,938,43,1340663,39826,57.752,582.89,0.743
4212601,Peritiba,SC,Sul,3040,2992,5072,247,166701,55716,96.168,31.11,0.766
4212650,Pescaria Brava,SC,Sul,10615,10190,2981,128,164483,16142,106.853,95.36,
4212700,Petrolândia,SC,Sul,6996,6716,3697,171,265682,39560,306.76,21.89,0.716
4212809,Balneário Piçarras,SC,Sul,30593,27127,1164,56,2097521,77322,99.355,273.03,0.756
4212908,Pinhalzinho,SC,Sul,23897,21972,1513,66,1941701,88372,128.726,170.69,0.783
4213005,Pinheiro Preto,SC,Sul,3631,3473,4829,227,323209,93063,61.011,56.92,0.777
4213104,Piratuba,SC,Sul,6144,5769,3948,184,953671,165310,146.088,39.49,0.758
4213153,Planalto Alegre,SC,Sul,3081,2946,5053,244,144007,48882,63.1,46.69,0.751
4213203,Pomerode,SC,Sul,37003,34289,937,42,3184672,92877,214.299,160.01,0.78
4213302,Ponte Alta,SC,Sul,4390,4437,4536,213,205504,46316,575.17,7.71,0.673
4213351,Ponte Alta do Norte,SC,Sul,3241,3210,4976,241,158355,49332,396.882,8.09,0.689
4213401,Ponte Serrada,SC,Sul,10732,10649,2935,127,390492,36669,560.731,18.99,0.693
4213500,Porto Belo,SC,Sul,31557,27688,1137,54,2090678,75508,93.673,295.58,0.76
4213609,Porto União,SC,Sul,33694,32970,1039,51,1314938,39883,848.779,38.84,0.786
4213708,Pouso Redondo,SC,Sul,18051,17123,1932,84,912670,53301,356.539,48.03,0.72
4213807,Praia Grande,SC,Sul,8696,8270,3315,147,312294,37762,284.36,29.08,0.718
4213906,Presidente Castello Branco,SC,Sul,1707,1689,5518,294,88879,52622,65.433,25.81,0.77
4214003,Presidente Getúlio,SC,Sul,21764,20010,1628,69,1091871,54566,297.16,67.34,0.759
4214102,Presidente Nereu,SC,Sul,2347,2301,5338,275,81283,35325,224.748,10.24,0.737
4214151,Princesa,SC,Sul,3073,2964,5055,245,134567,45400,85.598,34.63,0.706
4214201,Quilombo,SC,Sul,11433,11022,2766,117,670409,60825,278.983,39.51,0.73
4214300,Rancho Queimado,SC,Sul,3484,3279,4878,233,227902,69504,286.461,11.45,0.753
4214409,Rio das Antas,SC,Sul,6399,6253,3863,180,328940,52605,314.913,19.86,0.697
4214508,Rio do Campo,SC,Sul,6638,6452,3781,172,265323,41123,502.095,12.85,0.729
4214607,Rio do Oeste,SC,Sul,8071,7747,3436,156,348708,45012,245.057,31.61,0.754
4214706,Rio dos Cedros,SC,Sul,11218,10865,2823,119,565977,52092,555.473,19.56,0.729
4214805,Rio do Sul,SC,Sul,77451,72587,445,22,4621903,63674,260.817,278.31,0.802
4214904,Rio Fortuna,SC,Sul,5044,4847,4274,197,373208,76998,302.39,16.03,0.806
4215000,Rio Negrinho,SC,Sul,40132,39261,852,40,1731868,44112,907.42,43.27,0.738
4215059,Rio Rufino,SC,Sul,2429,2397,5308,273,96784,40377,282.571,8.48,0.653
4215075,Riqueza,SC,Sul,4828,4768,4349,199,198674,41668,191.061,24.96,0.714
4215109,Rodeio,SC,Sul,13491,12757,2512,108,456660,35797,129.001,98.89,0.754
4215208,Romelândia,SC,Sul,4684,4823,4409,202,132525,27478,223.333,21.6,0.692
4215307,Salete,SC,Sul,7656,7489,3524,160,383453,51202,177.887,42.1,0.744
4215356,Saltinho,SC,Sul,3604,3632,4838,228,115351,31760,156.568,23.2,0.654
4215406,Salto Veloso,SC,Sul,4495,4390,4486,209,347636,79188,104.531,42,0.784
4215455,Sangão,SC,Sul,13797,12882,2478,105,701076,54423,82.984,155.23,0.7
4215505,Santa Cecília,SC,Sul,15749,15546,2177,95,672250,43243,1145.845,13.57,0.698
4215554,Santa Helena,SC,Sul,2476,2425,5296,270,128409,52952,81.004,29.94,0.727
4215604,Santa Rosa de Lima,SC,Sul,2131,2088,5412,281,108834,52124,203.218,10.27,0.757
4215653,Santa Rosa do Sul,SC,Sul,10450,9792,3034,132,277594,28349,150.299,65.15,0.705
4215679,Santa Terezinha,SC,Sul,8015,8066,3450,157,342769,42496,715.551,11.27,0.669
4215687,Santa Terezinha do Progresso,SC,Sul,2534,2576,5282,269,89006,34552,119.653,21.53,0.682
4215695,Santiago do Sul,SC,Sul,1732,1651,5513,293,62417,37806,73.335,22.51,0.728
4215703,Santo Amaro da Imperatriz,SC,Sul,30099,27272,1184,57,1749916,64165,344.235,79.22,0.781
4215752,São Bernardino,SC,Sul,2715,2684,5216,258,110781,41275,149.891,17.91,0.677
4215802,São Bento do Sul,SC,Sul,87661,83277,386,16,5038223,60500,495.772,167.97,0.782
4215901,São Bonifácio,SC,Sul,2982,2946,5101,249,265330,90064,461.438,6.38,0.731
4216008,São Carlos,SC,Sul,10462,10282,3032,131,794990,77319,162.12,63.42,0.769
4216057,São Cristóvão do Sul,SC,Sul,6489,6084,3826,175,197299,32429,345.903,17.59,0.665
4216107,São Domingos,SC,Sul,9343,9226,3207,141,536174,58116,367.525,25.1,0.765
4216206,São Francisco do Sul,SC,Sul,56726,52674,604,31,7396332,140417,493.266,106.79,0.762
4216255,São João do Oeste,SC,Sul,6467,6295,3837,176,463168,73577,163.747,38.44,0.761
4216305,São João Batista,SC,Sul,35336,32687,977,46,1303724,39885,200.765,162.81,0.74
4216354,São João do Itaperiú,SC,Sul,4827,4463,4350,200,455830,102135,151.885,29.38,0.738
4216404,São João do Sul,SC,Sul,9278,8668,3222,143,434705,50151,184.375,47.01,0.695
4216503,São Joaquim,SC,Sul,26982,25939,1307,60,1484851,57244,1888.634,13.73,0.687
4216602,São José,SC,Sul,295658,270299,98,4,15575672,57624,150.499,1796.02,0.809
4216701,São José do Cedro,SC,Sul,14538,14167,2311,99,681891,48132,280.76,50.46,0.731
4216800,São José do Cerrito,SC,Sul,8706,8708,3313,146,355894,40870,948.714,9.18,0.636
4216909,São Lourenço do Oeste,SC,Sul,26056,24791,1352,62,1843473,74361,356.193,69.6,0.749
4217006,São Ludgero,SC,Sul,14444,13509,2325,100,1241478,91900,106.765,126.53,0.755
4217105,São Martinho,SC,Sul,3520,3405,4864,231,148541,43624,224.566,15.16,0.742
4217154,São Miguel da Boa Vista,SC,Sul,1777,1781,5505,292,73871,41477,72.755,24.48,0.71
4217204,São Miguel do Oeste,SC,Sul,47724,44330,714,37,3105098,70045,234.202,189.28,0.801
4217253,São Pedro de Alcântara,SC,Sul,6175,5776,3935,182,148311,25677,139.196,41.5,0.734
4217303,Saudades,SC,Sul,10799,10265,2918,125,718463,69992,205.781,49.88,0.755
4217402,Schroeder,SC,Sul,21710,20061,1632,70,906591,45192,165.237,121.41,0.769
4217501,Seara,SC,Sul,19399,18620,1798,78,1506648,80916,309.627,60.14,0.779
4217550,Serra Alta,SC,Sul,3370,3303,4919,235,147398,44625,90.564,36.47,0.773
4217600,Siderópolis,SC,Sul,14156,13714,2401,102,804482,58661,262.004,52.34,0.774
4217709,Sombrio,SC,Sul,31722,29991,1132,53,1304359,43492,143.457,209.06,0.728
4217758,Sul Brasil,SC,Sul,2900,2832,5134,251,123620,43651,113.125,25.03,0.707
4217808,Taió,SC,Sul,18909,18310,1835,79,1038273,56705,693.847,26.39,0.761
4217907,Tangará,SC,Sul,8144,8143,3418,153,760285,93367,390.044,20.88,0.737
4217956,Tigrinhos,SC,Sul,2535,2329,5281,268,88349,37934,56.962,40.89,0.717
4218004,Tijucas,SC,Sul,58695,51592,586,27,3687049,71466,279.159,184.81,0.76
4218103,Timbé do Sul,SC,Sul,5503,5386,4133,191,197892,36742,328.507,16.4,0.72
4218202,Timbó,SC,Sul,49768,46099,686,36,2737817,59390,128.313,359.27,0.784
4218251,Timbó Grande,SC,Sul,7521,7342,3564,164,304453,41467,596.344,12.31,0.659
4218301,Três Barras,SC,Sul,20525,19746,1711,74,2060110,104330,436.496,45.24,0.706
4218350,Treviso,SC,Sul,3920,3782,4730,221,198900,52591,156.61,24.15,0.774
4218400,Treze de Maio,SC,Sul,7633,7362,3528,161,255516,34707,159.833,46.06,0.729
4218509,Treze Tílias,SC,Sul,9531,8787,3174,140,1194854,135980,185.937,47.26,0.795
4218608,Trombudo Central,SC,Sul,7599,7274,3540,162,433330,59572,109.648,66.34,0.775
4218707,Tubarão,SC,Sul,116725,110088,287,14,6007108,54566,301.485,365.15,0.796
4218756,Tunápolis,SC,Sul,5081,4916,4259,196,229506,46686,132.939,36.98,0.752
4218806,Turvo,SC,Sul,13604,13043,2499,107,992639,76105,235.104,55.48,0.74
4218855,União do Oeste,SC,Sul,2791,2774,5181,254,116753,42088,92.857,29.87,0.705
4218905,Urubici,SC,Sul,11064,10834,2848,121,471776,43546,1021.371,10.61,0.694
4218954,Urupema,SC,Sul,2751,2656,5197,257,131850,49642,350.472,7.58,0.699
4219002,Urussanga,SC,Sul,21464,20919,1654,72,1222447,58437,254.954,82.05,0.772
4219101,Vargeão,SC,Sul,3726,3634,4801,224,301834,83058,166.685,21.8,0.686
4219150,Vargem,SC,Sul,2613,2627,5262,266,100064,38091,350.606,7.49,0.629
4219176,Vargem Bonita,SC,Sul,4597,4576,4437,206,661591,144578,299.807,15.26,0.718
4219200,Vidal Ramos,SC,Sul,6266,6189,3908,181,401953,64946,346.932,17.84,0.7
4219309,Videira,SC,Sul,59074,55466,583,26,4129523,74451,384.127,144.39,0.764
4219358,Vitor Meireles,SC,Sul,5507,5370,4131,190,193745,36079,370.414,14.5,0.673
4219408,Witmarsum,SC,Sul,4513,4255,4471,207,197839,46496,153.776,27.67,0.71
4219507,Xanxerê,SC,Sul,54891,51607,620,32,3145565,60952,377.426,136.73,0.775
4219606,Xavantina,SC,Sul,3583,3653,4842,229,249450,68286,218.032,16.75,0.749
4219705,Xaxim,SC,Sul,34485,31918,1003,48,1737477,54436,293.628,108.7,0.752
4219853,Zortéa,SC,Sul,4257,3930,4588,215,135060,34366,190.179,20.66,0.761
4220000,Balneário Rincão,SC,Sul,17697,15981,1986,89,420208,26294,63.42,251.99,
4300034,Aceguá,RS,Sul,4251,4170,4592,299,382340,91688,1551.339,2.69,0.687
4300059,Água Santa,RS,Sul,4003,3912,4698,308,418738,107039,291.503,13.42,0.75
4300109,Agudo,RS,Sul,16341,16041,2120,120,780152,48635,534.624,30,0.694
4300208,Ajuricaba,RS,Sul,6843,6720,3732,208,383525,57072,322.674,20.83,0.753
4300307,Alecrim,RS,Sul,6219,6123,3920,225,153719,25105,316.394,19.35,0.672
4300406,Alegrete,RS,Sul,74285,72409,470,29,3102028,42840,7800.428,9.28,0.74
4300455,Alegria,RS,Sul,3705,3651,4805,323,136099,37277,172.794,21.13,0.695
4300471,Almirante Tamandaré do Sul,RS,Sul,2007,1969,5453,457,223167,113340,265.042,7.43,0.74
4300505,Alpestre,RS,Sul,7235,7117,3634,198,302869,42556,325.979,21.83,0.671
4300554,Alto Alegre,RS,Sul,1837,1800,5489,467,72442,40246,115.335,15.61,0.747
4300570,Alto Feliz,RS,Sul,3145,3072,5027,357,203171,66136,78.175,39.3,0.734
4300604,Alvorada,RS,Sul,194062,187315,163,12,4129934,22048,71.7,2612.48,0.699
4300638,Amaral Ferrador,RS,Sul,5384,5310,4171,255,174054,32779,505.983,10.49,0.624
4300646,Ametista do Sul,RS,Sul,7826,7650,3482,183,203478,26598,93.704,81.64,0.682
4300661,André da Rocha,RS,Sul,1156,1135,5565,497,112013,98690,331.208,3.43,0.72
4300703,Anta Gorda,RS,Sul,6080,5957,3970,233,333257,55944,242.1,24.61,0.74
4300802,Antônio Prado,RS,Sul,13332,13045,2531,136,926443,71019,347.541,37.54,0.758
4300851,Arambaré,RS,Sul,4215,4112,4613,302,233582,56805,518.193,7.94,0.691
4300877,Araricá,RS,Sul,8831,8525,3297,175,322955,37883,35.391,240.88,0.679
4300901,Aratiba,RS,Sul,6618,6483,3789,213,1185217,182819,342.279,18.94,0.772
4301008,Arroio do Meio,RS,Sul,22523,21958,1579,99,1943138,88493,157.088,139.78,0.769
4301057,Arroio do Sal,RS,Sul,11418,11057,2775,148,353687,31988,119.16,92.79,0.74
4301073,Arroio do Padre,RS,Sul,2650,2599,5241,400,96551,37149,124.693,20.84,0.669
4301107,Arroio dos Ratos,RS,Sul,14934,14601,2256,127,404985,27737,425.791,34.29,0.698
4301206,Arroio do Tigre,RS,Sul,12291,12058,2651,145,472739,39205,315.132,38.26,0.707
4301305,Arroio Grande,RS,Sul,17879,17558,1954,113,965508,54990,2508.557,7,0.657
4301404,Arvorezinha,RS,Sul,10547,10322,3003,159,404652,39203,269.31,38.33,0.694
4301503,Augusto Pestana,RS,Sul,7303,7149,3617,195,350687,49054,348.231,20.53,0.743
4301552,Áurea,RS,Sul,3458,3396,4895,331,177756,52343,156.727,21.67,0.707
4301602,Bagé,RS,Sul,121928,117938,265,17,4414768,37433,4090.36,28.83,0.74
4301636,Balneário Pinhal,RS,Sul,15413,14955,2209,125,333149,22277,102.387,146.06,0.696
4301651,Barão,RS,Sul,6496,6461,3821,217,462911,71647,124.757,51.79,0.748
4301701,Barão de Cotegipe,RS,Sul,7320,7144,3612,194,324769,45460,260.505,27.42,0.719
4301750,Barão do Triunfo,RS,Sul,5972,5889,3997,237,142447,24189,436.101,13.5,0.61
4301800,Barracão,RS,Sul,4915,4831,4319,269,300015,62102,515.469,9.37,0.71
4301859,Barra do Guarita,RS,Sul,3231,3161,4986,347,63072,19953,62.801,50.33,0.734
4301875,Barra do Quaraí,RS,Sul,4340,4241,4559,297,332590,78423,1055.937,4.02,0.662
4301909,Barra do Ribeiro,RS,Sul,12473,12225,2623,142,581054,47530,729.316,16.76,0.67
4301925,Barra do Rio Azul,RS,Sul,1721,1696,5515,477,78571,46327,146.995,11.54,0.723
4301958,Barra Funda,RS,Sul,2557,2498,5275,411,167382,67006,60.437,41.33,0.763
4302006,Barros Cassal,RS,Sul,9425,9296,3191,171,274474,29526,647.994,14.35,0.65
4302055,Benjamin Constant do Sul,RS,Sul,2118,2082,5415,445,49986,24009,132.351,15.73,0.619
4302105,Bento Gonçalves,RS,Sul,127977,123151,251,16,9062598,73589,272.287,452.28,0.778
4302154,Boa Vista das Missões,RS,Sul,1968,1933,5462,459,173200,89602,196.064,9.86,0.676
4302204,Boa Vista do Buricá,RS,Sul,7129,6966,3662,201,354602,50905,109.541,63.59,0.762
4302220,Boa Vista do Cadeado,RS,Sul,2269,2229,5362,429,269991,121127,701.221,3.18,0.703
4302238,Boa Vista do Incra,RS,Sul,2314,2271,5349,425,196998,86745,504.114,4.5,0.731
4302253,Boa Vista do Sul,RS,Sul,2815,2779,5164,380,134912,48547,94.399,29.44,0.728
4302303,Bom Jesus,RS,Sul,11429,11202,2768,146,593403,52973,2622.837,4.27,0.666
4302352,Bom Princípio,RS,Sul,13665,13142,2493,135,951019,72365,88.66,148.23,0.746
4302378,Bom Progresso,RS,Sul,2132,2096,5409,442,73593,35111,89.206,23.5,0.723
4302402,Bom Retiro do Sul,RS,Sul,12587,12294,2607,140,509725,41461,102.54,119.89,0.739
4302451,Boqueirão do Leão,RS,Sul,6202,6247,3928,227,199040,31862,265.952,23.49,0.7
4302501,Bossoroca,RS,Sul,5978,5890,3996,236,250550,42538,1610.056,3.66,0.692
4302584,Bozano,RS,Sul,2195,2151,5386,435,119425,55521,200.497,10.73,0.745
4302600,Braga,RS,Sul,3322,3268,4944,337,109439,33488,132.044,24.75,0.674
4302659,Brochier,RS,Sul,5083,4966,4257,262,132265,26634,105.353,47.14,0.699
4302709,Butiá,RS,Sul,19421,19084,1795,108,567081,29715,752.187,25.37,0.689
4302808,Caçapava do Sul,RS,Sul,33501,32515,1044,68,1175802,36162,3048.147,10.67,0.704
4302907,Cacequi,RS,Sul,11300,11157,2802,150,566823,50804,2373.507,4.7,0.7
4303004,Cachoeira do Sul,RS,Sul,82222,80070,415,24,3371237,42104,3736.064,21.43,0.742
4303103,Cachoeirinha,RS,Sul,141503,136258,222,13,7781824,57111,43.778,3112.48,0.757
4303202,Cacique Doble,RS,Sul,4692,4603,4406,277,154022,33461,204.055,22.56,0.662
4303301,Caibaté,RS,Sul,4795,4704,4368,273,180412,38353,261.303,18,0.719
4303400,Caiçara,RS,Sul,4931,4836,4313,268,159894,33063,189.16,25.57,0.699
4303509,Camaquã,RS,Sul,63961,62200,537,36,3154677,50718,1680.168,37.02,0.697
4303558,Camargo,RS,Sul,3060,2981,5062,367,612435,205446,138.069,21.59,0.736
4303608,Cambará do Sul,RS,Sul,6490,6361,3825,218,275332,43284,1181.811,5.38,0.697
4303673,Campestre da Serra,RS,Sul,3311,3242,4950,341,236802,73042,538.487,6.02,0.706
4303707,Campina das Missões,RS,Sul,5999,5882,3989,234,203771,34643,224.801,26.17,0.738
4303806,Campinas do Sul,RS,Sul,5388,5284,4168,254,294875,55805,276.162,19.13,0.76
4303905,Campo Bom,RS,Sul,64719,62886,530,35,4528757,72015,60.579,1038.08,0.745
4304002,Campo Novo,RS,Sul,5063,4975,4266,264,287302,57749,220.719,22.54,0.703
4304101,Campos Borges,RS,Sul,3695,3613,4810,324,105020,29067,226.202,15.97,0.708
4304200,Candelária,RS,Sul,29775,28906,1193,76,1234677,42714,944.735,30.6,0.674
4304309,Cândido Godói,RS,Sul,6419,6294,3848,221,375022,59584,247.047,25.48,0.728
4304358,Candiota,RS,Sul,11012,10710,2862,152,1699384,158673,933.628,11.47,0.698
4304408,Canela,RS,Sul,50715,48946,671,45,1959719,40038,253.002,193.46,0.748
4304507,Canguçu,RS,Sul,50968,49680,667,44,1825528,36746,3526.253,14.09,0.65
4304606,Canoas,RS,Sul,359840,347657,81,3,29166697,83895,130.789,2658.15,0.75
4304614,Canudos do Vale,RS,Sul,1686,1656,5525,481,66953,40431,82.908,19.97,0.713
4304622,Capão Bonito do Sul,RS,Sul,1769,1733,5507,474,223071,128720,526.85,3.29,0.637
4304630,Capão da Canoa,RS,Sul,66234,63594,517,33,2588161,40698,98.383,646.39,0.743
4304655,Capão do Cipó,RS,Sul,3187,3119,5010,353,220126,70576,1007.796,3.09,0.672
4304663,Capão do Leão,RS,Sul,27416,26487,1289,81,854022,32243,783.196,33.82,0.637
4304671,Capivari do Sul,RS,Sul,4080,3991,4666,304,399405,100076,412.889,9.67,0.766
4304689,Capela de Santana,RS,Sul,11424,11159,2772,147,315947,28313,182.756,61.06,0.661
4304697,Capitão,RS,Sul,2994,2921,5096,370,88569,30321,73.967,39.49,0.746
4304705,Carazinho,RS,Sul,63670,61804,540,37,3744967,60594,666.694,92.7,0.766
4304713,Caraá,RS,Sul,7555,7394,3552,190,158174,21392,294.606,25.1,0.652
4304804,Carlos Barbosa,RS,Sul,31585,30420,1135,73,3815080,125414,230.061,132.23,0.796
4304853,Carlos Gomes,RS,Sul,1384,1368,5556,493,61763,45148,83.155,16.45,0.739
4304903,Casca,RS,Sul,9698,9465,3145,170,875949,92546,272.041,34.79,0.785
4304952,Caseiros,RS,Sul,3064,3000,5059,366,177158,59053,235.863,12.72,0.703
4305009,Catuípe,RS,Sul,8834,8674,3296,174,425026,49000,583.184,14.87,0.739
4305108,Caxias do Sul,RS,Sul,479599,463501,51,2,37860602,81684,1652.32,280.52,0.782
4305116,Centenário,RS,Sul,2777,2721,5189,387,123347,45331,134.23,20.27,0.701
4305124,Cerrito,RS,Sul,5910,5808,4013,239,131166,22584,451.699,12.86,0.649
4305132,Cerro Branco,RS,Sul,3859,3802,4750,314,104220,27412,158.025,24.06,0.661
4305157,Cerro Grande,RS,Sul,2428,2379,5309,420,61938,26035,73.438,32.39,0.674
4305173,Cerro Grande do Sul,RS,Sul,9333,9178,3211,173,251120,27361,324.908,28.25,0.66
4305207,Cerro Largo,RS,Sul,14014,13705,2438,133,807007,58884,176.643,77.59,0.764
4305306,Chapada,RS,Sul,9751,9540,3137,168,603053,63213,684.247,13.94,0.757
4305355,Charqueadas,RS,Sul,36110,35012,956,59,1857420,53051,217.362,161.08,0.747
4305371,Charrua,RS,Sul,2800,2768,5175,384,125647,45393,198.748,13.93,0.62
4305405,Chiapetta,RS,Sul,3991,3913,4709,310,265708,67904,397.179,9.85,0.732
4305439,Chuí,RS,Sul,6409,6262,3859,222,522360,83417,202.387,30.94,0.706
4305447,Chuvisca,RS,Sul,4682,4597,4410,279,163415,35548,220.471,20.85,0.616
4305454,Cidreira,RS,Sul,17583,17071,2007,115,406916,23837,243.419,70.13,0.729
4305504,Ciríaco,RS,Sul,4208,4149,4616,303,233410,56257,274.35,15.12,0.719
4305587,Colinas,RS,Sul,2474,2423,5298,416,90398,37308,60.732,39.9,0.765
4305603,Colorado,RS,Sul,3316,3258,4947,339,198977,61073,286.295,11.38,0.758
4305702,Condor,RS,Sul,6538,6406,3809,215,470592,73461,463.568,13.82,0.747
4305801,Constantina,RS,Sul,10631,10385,2974,156,471925,45443,203.614,51,0.754
4305835,Coqueiro Baixo,RS,Sul,1308,1290,5561,495,56011,43419,112.638,11.45,0.692
4305850,Coqueiros do Sul,RS,Sul,2248,2211,5371,432,139283,62995,277.147,7.98,0.746
4305871,Coronel Barros,RS,Sul,2896,2822,5136,375,143058,50694,163.684,17.24,0.744
4305900,Coronel Bicaco,RS,Sul,6214,6144,3923,226,397095,64631,492.303,12.48,0.665
4305934,Coronel Pilar,RS,Sul,1637,1607,5532,484,58153,36187,105.668,15.21,0.727
4305959,Cotiporã,RS,Sul,3926,3846,4728,312,205102,53329,173.207,22.2,0.741
4305975,Coxilha,RS,Sul,2718,2667,5212,393,349364,130995,422.101,6.32,0.706
4306007,Crissiumal,RS,Sul,13116,12886,2552,139,500660,38853,362.194,35.58,0.712
4306056,Cristal,RS,Sul,7455,7299,3577,192,300530,41174,682.138,10.7,0.644
4306072,Cristal do Sul,RS,Sul,2745,2692,5200,389,98787,36697,97.077,27.73,0.66
4306106,Cruz Alta,RS,Sul,60454,58913,569,39,4399886,74684,1360.548,43.3,0.75
4306130,Cruzaltense,RS,Sul,1650,1635,5529,483,104945,64187,166.883,9.8,0.719
4306205,Cruzeiro do Sul,RS,Sul,12574,11600,2611,141,685746,59116,155.058,74.81,0.723
4306304,David Canabarro,RS,Sul,4400,4321,4531,294,206880,47878,174.734,24.73,0.762
4306320,Derrubadas,RS,Sul,2793,2751,5180,385,117581,42741,360.851,7.62,0.707
4306353,Dezesseis de Novembro,RS,Sul,2540,2507,5279,413,51412,20507,217.363,11.53,0.654
4306379,Dilermando de Aguiar,RS,Sul,2856,2806,5152,377,202939,72323,600.518,4.67,0.648
4306403,Dois Irmãos,RS,Sul,31804,30709,1128,72,2639523,85953,66.114,464.49,0.743
4306429,Dois Irmãos das Missões,RS,Sul,2132,2090,5410,443,125757,60171,226.072,9.24,0.67
4306452,Dois Lajeados,RS,Sul,3156,3097,5024,355,166002,53601,133.535,23.19,0.757
4306502,Dom Feliciano,RS,Sul,13280,13051,2534,137,418179,32042,1355.195,9.63,0.587
4306551,Dom Pedro de Alcântara,RS,Sul,2617,2562,5260,404,83656,32653,78.219,32.75,0.691
4306601,Dom Pedrito,RS,Sul,38080,36981,910,56,2288172,61874,5194.051,7.12,0.708
4306700,Dona Francisca,RS,Sul,3133,3079,5035,360,112216,36446,114.149,26.97,0.697
4306734,Doutor Maurício Cardoso,RS,Sul,4534,4470,4464,287,228266,51066,255.731,17.48,0.706
4306759,Doutor Ricardo,RS,Sul,1924,1888,5469,463,89704,47513,107.96,17.49,0.724
4306767,Eldorado do Sul,RS,Sul,41012,39559,833,55,2623491,66318,509.614,77.63,0.717
4306809,Encantado,RS,Sul,23520,22962,1531,97,1411422,61468,140.006,164.01,0.767
4306908,Encruzilhada do Sul,RS,Sul,24275,23819,1490,93,1189528,49940,3347.861,7.11,0.657
4306924,Engenho Velho,RS,Sul,1315,1296,5560,494,50748,39157,71.191,18.2,0.717
4306932,Entre-Ijuís,RS,Sul,9367,9158,3202,172,478944,52298,552.986,16.56,0.68
4306957,Entre Rios do Sul,RS,Sul,2727,2685,5207,390,209711,78105,119.912,22.39,0.703
4306973,Erebango,RS,Sul,3122,3054,5040,362,152046,49786,152.793,19.99,0.712
4307005,Erechim,RS,Sul,109609,105705,305,19,8497106,80385,429.164,246.3,0.776
4307054,Ernestina,RS,Sul,3097,3034,5047,365,163434,53868,238.558,12.72,0.716
4307104,Herval,RS,Sul,6302,6191,3895,223,199383,32205,1759.717,3.52,0.687
4307203,Erval Grande,RS,Sul,5027,4930,4277,265,161672,32794,285.677,17.26,0.681
4307302,Erval Seco,RS,Sul,6892,6787,3722,206,299811,44174,357.181,19,0.685
4307401,Esmeralda,RS,Sul,3264,3195,4968,343,363781,113859,829.587,3.85,0.68
4307450,Esperança do Sul,RS,Sul,3293,3226,4956,342,101346,31415,148.909,21.66,0.661
4307500,Espumoso,RS,Sul,15478,15173,2204,124,861538,56781,783.642,19.36,0.765
4307559,Estação,RS,Sul,5685,5582,4081,243,397872,71278,99.757,55.96,0.753
4307609,Estância Velha,RS,Sul,49499,47924,691,47,2309196,48185,51.779,925.55,0.757
4307708,Esteio,RS,Sul,78144,76137,437,27,3998587,52518,27.676,2751.01,0.754
4307807,Estrela,RS,Sul,33263,32183,1056,69,2376913,73856,185.026,173.94,0.767
4307815,Estrela Velha,RS,Sul,3115,3070,5042,363,145289,47325,281.613,10.9,0.679
4307831,Eugênio de Castro,RS,Sul,2683,2633,5232,397,224862,85401,418.069,6.3,0.712
4307864,Fagundes Varela,RS,Sul,2620,2566,5257,402,189848,73986,134.295,19.11,0.763
4307906,Farroupilha,RS,Sul,72552,70286,481,30,4960621,70578,361.341,194.51,0.777
4308003,Faxinal do Soturno,RS,Sul,6846,6702,3731,207,298533,44544,169.514,39.54,0.72
4308052,Faxinalzinho,RS,Sul,2572,2520,5274,410,113640,45095,143.321,17.58,0.666
4308078,Fazenda Vilanova,RS,Sul,4405,4291,4528,293,145766,33970,84.794,50.6,0.698
4308102,Feliz,RS,Sul,13994,13764,2444,134,676581,49156,94.832,145.14,0.75
4308201,Flores da Cunha,RS,Sul,32015,30892,1117,70,3336288,107998,276.241,111.83,0.754
4308250,Floriano Peixoto,RS,Sul,1690,1668,5523,480,77406,46406,168.521,9.9,0.663
4308300,Fontoura Xavier,RS,Sul,9710,9550,3142,169,260495,27277,583.239,16.37,0.661
4308409,Formigueiro,RS,Sul,6527,6413,3813,216,263216,41044,578.875,11.08,0.682
4308433,Forquetinha,RS,Sul,2441,2393,5303,419,64513,26959,93.275,25.66,0.683
4308458,Fortaleza dos Valos,RS,Sul,4569,4477,4448,283,330898,73911,650.512,6.88,0.756
4308508,Frederico Westphalen,RS,Sul,33726,32627,1036,67,1792336,54934,265.181,123.04,0.76
4308607,Garibaldi,RS,Sul,35563,34335,970,62,3565442,103843,168.492,203.78,0.786
4308656,Garruchos,RS,Sul,2724,2688,5211,392,134739,50126,803.737,3.34,0.671
4308706,Gaurama,RS,Sul,5779,5665,4049,241,349016,61609,204.428,27.71,0.738
4308805,General Câmara,RS,Sul,7743,7612,3505,185,234058,30749,510.01,14.93,0.686
4308854,Gentil,RS,Sul,1784,1744,5503,471,152256,87303,184.715,9.44,0.733
4308904,Getúlio Vargas,RS,Sul,16955,16602,2077,117,879960,53003,287.466,57.75,0.746
4309001,Giruá,RS,Sul,16273,16013,2126,121,1017468,63540,857.059,18.68,0.721
4309050,Glorinha,RS,Sul,7851,7658,3477,182,595369,77745,323.955,23.64,0.714
4309100,Gramado,RS,Sul,41705,40134,822,54,3565830,88848,239.341,167.69,0.764
4309126,Gramado dos Loureiros,RS,Sul,2047,2014,5438,452,87589,43490,131.396,15.33,0.685
4309159,Gramado Xavier,RS,Sul,3350,3304,4932,335,124280,37615,217.515,15.19,0.634
4309209,Gravataí,RS,Sul,275430,265074,111,6,15545558,58646,468.288,566.05,0.736
4309258,Guabiju,RS,Sul,1441,1417,5550,491,107684,75994,146.925,9.64,0.758
4309308,Guaíba,RS,Sul,95946,92924,361,21,9001785,96873,376.166,247.03,0.73
4309407,Guaporé,RS,Sul,26168,25268,1345,86,1264537,50045,297.545,84.92,0.765
4309506,Guarani das Missões,RS,Sul,7547,7415,3557,191,295743,39884,290.7,25.51,0.737
4309555,Harmonia,RS,Sul,5535,5378,4126,248,306941,57073,48.557,110.76,0.749
4309571,Herveiras,RS,Sul,2604,2565,5268,407,88439,34479,118.261,21.69,0.616
4309605,Horizontina,RS,Sul,19252,18851,1804,109,1828050,96974,229.694,82.07,0.783
4309654,Hulha Negra,RS,Sul,6102,5976,3962,231,228860,38297,822.608,7.26,0.643
4309704,Humaitá,RS,Sul,4772,4681,4378,275,218021,46576,135.01,34.67,0.738
4309753,Ibarama,RS,Sul,3787,3732,4775,319,105469,28261,195.426,19.1,0.652
4309803,Ibiaçá,RS,Sul,4617,4527,4431,281,298761,65995,348.778,12.98,0.739
4309902,Ibiraiaras,RS,Sul,6827,6776,3737,210,380199,56110,292.16,23.19,0.724
4309951,Ibirapuitã,RS,Sul,3789,3723,4774,318,188102,50524,307.164,12.12,0.638
4310009,Ibirubá,RS,Sul,22106,21583,1607,101,1708042,79138,607.185,35.55,0.765
4310108,Igrejinha,RS,Sul,34776,32808,993,64,2656127,80960,138.303,237.22,0.721
4310207,Ijuí,RS,Sul,87848,84780,384,22,6105244,72013,688.982,123.05,0.781
4310306,Ilópolis,RS,Sul,4245,4157,4601,301,164900,39668,123.602,33.63,0.73
4310330,Imbé,RS,Sul,28027,26824,1271,79,762866,28440,39.766,674.55,0.764
4310363,Imigrante,RS,Sul,3149,3080,5025,356,590476,191713,71.716,42.95,0.743
4310405,Independência,RS,Sul,6557,6427,3802,214,443606,69022,358.283,17.94,0.693
4310413,Inhacorá,RS,Sul,2047,2014,5439,453,76396,37932,113.749,17.71,0.673
4310439,Ipê,RS,Sul,5490,5399,4136,249,392922,72777,599.032,9.01,0.728
4310462,Ipiranga do Sul,RS,Sul,1748,1720,5510,476,122376,71149,158.71,10.84,0.791
4310504,Iraí,RS,Sul,7619,7482,3534,188,255785,34187,181.579,41.21,0.691
4310538,Itaara,RS,Sul,5712,5572,4070,242,304167,54588,172.801,32.25,0.76
4310553,Itacurubi,RS,Sul,3038,2995,5074,369,114342,38178,1120.874,2.67,0.657
4310579,Itapuca,RS,Sul,1963,1937,5463,460,93881,48467,184.673,10.49,0.664
4310603,Itaqui,RS,Sul,36811,35768,943,58,2068939,57843,3406.606,10.5,0.713
4310652,Itati,RS,Sul,2696,2638,5226,396,103483,39228,205.06,12.86,0.669
4310702,Itatiba do Sul,RS,Sul,3240,3208,4977,345,85113,26531,212.669,15.08,0.681
4310751,Ivorá,RS,Sul,1962,1929,5465,461,53952,27969,122.93,15.69,0.724
4310801,Ivoti,RS,Sul,23566,22983,1528,96,1538878,66957,63.092,364.28,0.784
4310850,Jaboticaba,RS,Sul,3847,3779,4754,315,106763,28252,127.589,29.62,0.658
4310876,Jacuizinho,RS,Sul,2066,2040,5431,450,125146,61346,339.399,6.01,0.662
4310900,Jacutinga,RS,Sul,3398,3338,4911,333,188689,56528,178.009,18.75,0.726
4311007,Jaguarão,RS,Sul,27396,26603,1290,82,1034802,38898,2051.845,12.97,0.707
4311106,Jaguari,RS,Sul,10771,10579,2924,154,328937,31093,675.314,15.67,0.712
4311122,Jaquirana,RS,Sul,3751,3690,4786,320,101810,27591,908.879,4.06,0.614
4311130,Jari,RS,Sul,3412,3349,4908,332,211635,63193,853.08,3.93,0.631
4311155,Jóia,RS,Sul,7294,7184,3618,196,345894,48148,1238.918,5.8,0.686
4311205,Júlio de Castilhos,RS,Sul,18545,18226,1880,110,1306882,71704,1929.544,9.45,0.716
4311239,Lagoa Bonita do Sul,RS,Sul,2283,2251,5359,428,84224,37416,109.758,20.51,0.67
4311254,Lagoão,RS,Sul,5421,5341,4162,253,149771,28042,387.486,13.78,0.643
4311270,Lagoa dos Três Cantos,RS,Sul,1781,1738,5504,472,81864,47102,138.602,12.54,0.789
4311304,Lagoa Vermelha,RS,Sul,28622,27659,1241,77,1608163,58142,1260.227,21.95,0.738
4311403,Lajeado,RS,Sul,96879,93646,353,20,6705227,71602,91.231,1026.47,0.778
4311429,Lajeado do Bugre,RS,Sul,2661,2601,5237,398,65433,25157,67.947,38.28,0.613
4311502,Lavras do Sul,RS,Sul,7290,7157,3620,197,369845,51676,2600.969,2.75,0.699
4311601,Liberato Salzano,RS,Sul,4845,4781,4343,271,152571,31912,245.627,19.46,0.685
4311627,Lindolfo Collor,RS,Sul,6420,6248,3847,220,353109,56516,33.351,187.34,0.712
4311643,Linha Nova,RS,Sul,1721,1683,5516,478,76154,45249,63.502,26.5,0.749
4311700,Machadinho,RS,Sul,5867,5735,4022,240,260895,45492,335.198,17.11,0.692
4311718,Maçambará,RS,Sul,4485,4425,4497,290,367963,83155,1682.82,2.63,0.684
4311734,Mampituba,RS,Sul,3203,3131,5002,351,101220,32328,156.653,19.99,0.649
4311759,Manoel Viana,RS,Sul,6915,6801,3716,205,303342,44603,1390.696,4.89,0.655
4311775,Maquiné,RS,Sul,7593,7418,3545,189,228748,30837,613.58,12.09,0.682
4311791,Maratá,RS,Sul,2521,2470,5286,415,104147,42165,82.063,30.1,0.697
4311809,Marau,RS,Sul,46748,45124,732,49,3738295,82845,649.77,69.45,0.774
4311908,Marcelino Ramos,RS,Sul,4382,4320,4539,295,192535,44568,229.759,18.8,0.724
4311981,Mariana Pimentel,RS,Sul,4005,3916,4694,307,117787,30078,338.45,11.57,0.701
4312005,Mariano Moro,RS,Sul,1884,1858,5475,464,71583,38527,98.727,18.82,0.73
4312054,Marques de Souza,RS,Sul,4050,3969,4679,305,137495,34642,125.714,31.57,0.687
4312104,Mata,RS,Sul,4782,4698,4373,274,174006,37038,316.121,14.86,0.656
4312138,Mato Castelhano,RS,Sul,2611,2553,5263,405,128502,50334,238.268,10.71,0.727
4312153,Mato Leitão,RS,Sul,5001,4859,4285,266,295044,60721,46.799,103.83,0.746
4312179,Mato Queimado,RS,Sul,1833,1795,5491,468,61648,34344,114.653,15.66,0.717
4312203,Maximiliano de Almeida,RS,Sul,4251,4191,4593,300,159588,38079,208.439,20.11,0.699
4312252,Minas do Leão,RS,Sul,7661,7505,3523,186,291061,38782,424.339,17.69,0.681
4312302,Miraguaí,RS,Sul,4501,4427,4482,289,200597,45312,131.236,33.73,0.725
4312351,Montauri,RS,Sul,1530,1499,5544,489,73733,49188,82.23,18.23,0.764
4312377,Monte Alegre dos Campos,RS,Sul,3251,3180,4972,344,117051,36808,549.455,5.79,0.65
4312385,Monte Belo do Sul,RS,Sul,2608,2557,5265,406,126816,49596,69.726,36.67,0.752
4312401,Montenegro,RS,Sul,66352,64322,515,32,5259437,81767,425.023,151.34,0.755
4312427,Mormaço,RS,Sul,2815,2756,5165,381,102289,37115,146.191,18.85,0.714
4312443,Morrinhos do Sul,RS,Sul,3133,3071,5036,361,103248,33620,166.224,18.48,0.711
4312450,Morro Redondo,RS,Sul,6168,6046,3937,228,153226,25343,244.645,24.71,0.702
4312476,Morro Reuter,RS,Sul,6167,6029,3938,229,304040,50430,89.412,67.43,0.743
4312500,Mostardas,RS,Sul,12347,12090,2641,143,494341,40888,1977.442,6.11,0.664
4312609,Muçum,RS,Sul,4692,4601,4407,278,273363,59414,111.247,41.36,0.746
4312617,Muitos Capões,RS,Sul,2937,2879,5119,373,950302,330081,1193.23,2.41,0.702
4312625,Muliterno,RS,Sul,1754,1721,5508,475,71170,41354,111.132,15.49,0.689
4312658,Não-Me-Toque,RS,Sul,18335,17898,1895,111,2951960,164932,361.689,49.48,0.765
4312674,Nicolau Vergueiro,RS,Sul,1982,1932,5460,458,101823,52703,154.995,12.46,0.753
4312708,Nonoai,RS,Sul,14074,13719,2420,132,539374,39316,468.962,29.25,0.702
4312757,Nova Alvorada,RS,Sul,3229,3163,4989,348,201942,63845,148.861,21.25,0.74
4312807,Nova Araçá,RS,Sul,5098,4954,4252,261,474775,95837,75.514,65.6,0.785
4312906,Nova Bassano,RS,Sul,9867,9649,3124,167,765058,79289,211.611,45.6,0.747
4312955,Nova Boa Vista,RS,Sul,2089,2042,5426,447,137786,67476,93.733,21.79,0.768
4313003,Nova Bréscia,RS,Sul,3104,3044,5044,364,153973,50582,102.994,29.56,0.778
4313011,Nova Candelária,RS,Sul,3138,3061,5033,359,225892,73797,97.579,31.37,0.759
4313037,Nova Esperança do Sul,RS,Sul,4976,4865,4294,267,197238,40542,191,25.47,0.735
4313060,Nova Hartz,RS,Sul,20558,20088,1707,106,1054362,52487,62.319,322.34,0.689
4313086,Nova Pádua,RS,Sul,2389,2343,5323,423,115884,49460,102.643,22.83,0.761
4313102,Nova Palma,RS,Sul,5676,5586,4085,244,306852,54932,314.613,17.76,0.744
4313201,Nova Petrópolis,RS,Sul,23934,23300,1510,95,1103618,47366,290.164,80.3,0.78
4313300,Nova Prata,RS,Sul,26637,25692,1322,83,1559276,60691,259.941,98.84,0.766
4313334,Nova Ramada,RS,Sul,2198,2163,5384,434,204997,94774,255.264,8.47,0.742
4313359,Nova Roma do Sul,RS,Sul,3545,3466,4858,328,206674,59629,149.767,23.14,0.741
4313375,Nova Santa Rita,RS,Sul,30189,29024,1180,75,3229383,111266,218.153,133.04,0.718
4313391,Novo Cabrais,RS,Sul,3633,3568,4827,326,131684,36907,192.998,18.49,0.688
4313409,Novo Hamburgo,RS,Sul,235802,227646,139,7,11936582,52435,222.536,1022.96,0.747
4313425,Novo Machado,RS,Sul,3239,3198,4979,346,140899,44058,218.836,14.61,0.663
4313441,Novo Tiradentes,RS,Sul,2187,2146,5392,438,73353,34181,75.428,28.45,0.676
4313466,Novo Xingu,RS,Sul,1677,1646,5526,482,67741,41155,79.851,20.61,0.767
4313490,Novo Barreiro,RS,Sul,4375,4272,4542,296,120313,28163,123.344,34.63,0.706
4313508,Osório,RS,Sul,48999,47396,698,48,2141950,45193,663.878,71.39,0.751
4313607,Paim Filho,RS,Sul,3685,3629,4813,325,162821,44867,182.115,19.93,0.706
4313656,Palmares do Sul,RS,Sul,13189,12844,2539,138,739855,57603,949.201,13.53,0.715
4313706,Palmeira das Missões,RS,Sul,34227,33216,1015,65,1708324,51431,1421.101,23.37,0.737
4313805,Palmitinho,RS,Sul,8042,7839,3445,181,265325,33847,144.181,54.37,0.72
4313904,Panambi,RS,Sul,45102,43515,758,50,4011216,92180,491.57,88.52,0.761
4313953,Pantano Grande,RS,Sul,10443,10212,3040,161,576614,56464,841.225,12.14,0.661
4314001,Paraí,RS,Sul,7362,7194,3601,193,488256,67870,121.745,59.09,0.773
4314027,Paraíso do Sul,RS,Sul,6627,6519,3785,212,230034,35287,337.534,19.31,0.676
4314035,Pareci Novo,RS,Sul,4441,4319,4514,291,159254,36873,57.485,75.13,0.749
4314050,Parobé,RS,Sul,53569,52058,638,43,1725746,33150,108.707,478.88,0.704
4314068,Passa Sete,RS,Sul,4024,3983,4691,306,144618,36309,304.266,13.09,0.622
4314076,Passo do Sobrado,RS,Sul,6155,6025,3944,230,281871,46784,265.133,22.72,0.698
4314100,Passo Fundo,RS,Sul,214811,206215,152,10,14069540,68228,784.407,262.89,0.776
4314134,Paulo Bento,RS,Sul,2188,2144,5390,437,238558,111268,149.669,14.32,0.71
4314159,Paverama,RS,Sul,8146,7978,3416,180,301262,37762,171.863,46.42,0.683
4314175,Pedras Altas,RS,Sul,2099,2061,5419,446,172852,83868,1373.985,1.5,0.64
4314209,Pedro Osório,RS,Sul,7631,7484,3529,187,242415,32391,603.757,12.4,0.678
4314308,Pejuçara,RS,Sul,3817,3745,4763,316,293084,78260,414.106,9.04,0.741
4314407,Pelotas,RS,Sul,336150,325685,87,4,12480919,38322,1608.78,202.44,0.739
4314423,Picada Café,RS,Sul,5473,5351,4148,250,393452,73529,84.28,63.49,0.758
4314456,Pinhal,RS,Sul,3039,2959,5073,368,154127,52088,68.222,43.37,0.72
4314464,Pinhal da Serra,RS,Sul,2300,2248,5355,427,249016,110772,438.11,5.13,0.65
4314472,Pinhal Grande,RS,Sul,3861,3805,4749,313,500998,131668,478.11,7.96,0.678
4314498,Pinheirinho do Vale,RS,Sul,4638,4540,4425,280,140566,30962,105.385,43.08,0.71
4314506,Pinheiro Machado,RS,Sul,11395,11214,2778,149,357896,31915,2249.176,4.99,0.661
4314548,Pinto Bandeira,RS,Sul,2785,2723,5186,386,93134,34203,104.801,25.98,
4314555,Pirapó,RS,Sul,2255,2260,5365,430,72016,31865,293.723,7.69,0.669
4314605,Piratini,RS,Sul,17770,17504,1975,114,744361,42525,3538.3,4.95,0.658
4314704,Planalto,RS,Sul,10624,10406,2977,157,325778,31307,228.552,45.53,0.687
4314753,Poço das Antas,RS,Sul,2224,2171,5375,433,100774,46418,67.618,32.11,0.744
4314779,Pontão,RS,Sul,3345,3296,4933,336,271978,82518,502.709,6.56,0.725
4314787,Ponte Preta,RS,Sul,1602,1575,5537,486,78317,49725,99.504,15.83,0.725
4314803,Portão,RS,Sul,35273,34071,979,63,1816677,53320,159.298,213.88,0.713
4314902,Porto Alegre,RS,Sul,1388794,1332845,12,1,104743272,78586,495.39,2690.5,0.805
4315008,Porto Lucena,RS,Sul,4414,4360,4524,292,128972,29581,250.876,17.38,0.693
4315057,Porto Mauá,RS,Sul,2173,2142,5394,439,79557,37141,105.811,20.24,0.698
4315073,Porto Vera Cruz,RS,Sul,1582,1560,5539,487,48373,31008,114.284,13.65,0.69
4315107,Porto Xavier,RS,Sul,10127,9938,3082,163,230082,23152,281.497,35.3,0.723
4315131,Pouso Novo,RS,Sul,1771,1739,5506,473,57904,33297,105.338,16.51,0.715
4315149,Presidente Lucena,RS,Sul,3166,3077,5018,354,371734,120811,49.628,62,0.757
4315156,Progresso,RS,Sul,5423,5340,4161,252,181523,33993,256.039,20.86,0.683
4315172,Protásio Alves,RS,Sul,2070,2025,5430,449,93358,46103,171.994,11.77,0.733
4315206,Putinga,RS,Sul,3809,3747,4767,317,153758,41035,216.159,17.33,0.715
4315305,Quaraí,RS,Sul,23995,23500,1505,94,720057,30641,3139.995,7.48,0.704
4315313,Quatro Irmãos,RS,Sul,1577,1552,5540,488,136523,87966,268.971,5.77,0.689
4315321,Quevedos,RS,Sul,2553,2507,5277,412,156253,62327,543.359,4.61,0.665
4315354,Quinze de Novembro,RS,Sul,4003,3910,4699,309,172891,44218,223.072,17.53,0.756
4315404,Redentora,RS,Sul,9931,9738,3111,166,207604,21319,303.705,32.06,0.631
4315453,Relvado,RS,Sul,1826,1796,5494,469,75597,42092,108.188,16.6,0.731
4315503,Restinga Sêca,RS,Sul,15205,14939,2225,126,643230,43057,968.62,15.42,0.683
4315552,Rio dos Índios,RS,Sul,2866,2835,5146,376,116660,41150,235.854,12.02,0.656
4315602,Rio Grande,RS,Sul,198935,191900,160,11,14106680,73511,2682.867,71.53,0.744
4315701,Rio Pardo,RS,Sul,35641,34654,968,61,1248019,36014,2051.112,16.9,0.693
4315750,Riozinho,RS,Sul,4574,4473,4446,282,165772,37061,239.09,18.71,0.661
4315800,Roca Sales,RS,Sul,10646,10418,2966,155,626611,60147,208.108,50.06,0.729
4315909,Rodeio Bonito,RS,Sul,6831,6654,3735,209,301150,45258,83.278,79.9,0.732
4315958,Rolador,RS,Sul,2330,2291,5342,424,91405,39897,295.326,7.76,0.689
4316006,Rolante,RS,Sul,21752,21253,1630,102,951008,44747,296.09,71.78,0.688
4316105,Ronda Alta,RS,Sul,9969,9777,3107,165,402816,41200,418.675,23.35,0.724
4316204,Rondinha,RS,Sul,5078,4991,4261,263,227716,45625,252.454,19.77,0.764
4316303,Roque Gonzales,RS,Sul,6693,6576,3768,211,396753,60333,349.074,18.84,0.688
4316402,Rosário do Sul,RS,Sul,37674,36630,918,57,1498313,40904,4343.656,8.43,0.699
4316428,Sagrada Família,RS,Sul,2528,2480,5283,414,67102,27057,77.889,31.84,0.678
4316436,Saldanha Marinho,RS,Sul,2619,2575,5258,403,170089,66054,221.554,11.62,0.762
4316451,Salto do Jacuí,RS,Sul,10357,10203,3052,162,594921,58308,507.698,20.1,0.687
4316477,Salvador das Missões,RS,Sul,2955,2877,5112,372,162260,56399,94.312,30.51,0.753
4316501,Salvador do Sul,RS,Sul,7184,6879,3648,200,395636,57514,99.156,69.38,0.74
4316600,Sananduva,RS,Sul,16770,16399,2089,119,877957,53537,504.438,32.51,0.747
4316709,Santa Bárbara do Sul,RS,Sul,8269,8122,3389,178,875561,107801,975.799,8.32,0.725
4316733,Santa Cecília do Sul,RS,Sul,1710,1674,5517,479,91361,54576,200.056,8.37,0.725
4316758,Santa Clara do Sul,RS,Sul,7079,6887,3676,203,427744,62109,86.442,79.67,0.74
4316808,Santa Cruz do Sul,RS,Sul,138270,133230,231,14,13396618,100553,733.898,181.54,0.773
4316907,Santa Maria,RS,Sul,282395,271735,108,5,10932024,40230,1780.194,152.64,0.784
4316956,Santa Maria do Herval,RS,Sul,6486,6340,3829,219,271501,42824,140.437,45.14,0.676
4316972,Santa Margarida do Sul,RS,Sul,2661,2596,5238,399,278310,107207,955.299,2.72,0.663
4317004,Santana da Boa Vista,RS,Sul,7128,7024,3664,202,237629,33831,1418.805,4.95,0.633
4317103,Sant'Ana do Livramento,RS,Sul,87329,84421,388,23,3143614,37237,6946.407,12.15,0.727
4317202,Santa Rosa,RS,Sul,79488,76963,427,25,4530356,58864,489.38,157.27,0.769
4317251,Santa Tereza,RS,Sul,1529,1505,5545,490,53742,35709,73.669,20.43,0.746
4317301,Santa Vitória do Palmar,RS,Sul,31965,30983,1118,71,1990739,64253,5206.977,5.95,0.712
4317400,Santiago,RS,Sul,50336,48938,674,46,1861691,38042,2414.195,20.27,0.766
4317509,Santo Ângelo,RS,Sul,79146,76917,430,26,3379818,43941,679.34,113.22,0.772
4317558,Santo Antônio do Palma,RS,Sul,2134,2091,5408,441,112425,53766,126.094,16.58,0.764
4317608,Santo Antônio da Patrulha,RS,Sul,44431,42947,770,51,2178831,50733,1049.583,40.92,0.717
4317707,Santo Antônio das Missões,RS,Sul,10485,10300,3021,160,433323,42070,1710.869,6.02,0.686
4317756,Santo Antônio do Planalto,RS,Sul,2138,2089,5407,440,166647,79774,203.44,10.27,0.759
4317806,Santo Augusto,RS,Sul,14196,13902,2391,131,728450,52399,467.775,29.72,0.739
4317905,Santo Cristo,RS,Sul,15667,15320,2187,123,766616,50040,367.202,41.72,0.738
4317954,Santo Expedito do Sul,RS,Sul,2395,2349,5322,422,105537,44928,125.595,18.7,0.732
4318002,São Borja,RS,Sul,61311,59676,564,38,2550388,42737,3616.69,16.5,0.736
4318051,São Domingos do Sul,RS,Sul,2806,2754,5171,383,130564,47409,78.67,35.01,0.763
4318101,São Francisco de Assis,RS,Sul,17934,17618,1948,112,592569,33634,2506.975,7.03,0.675
4318200,São Francisco de Paula,RS,Sul,22388,21893,1589,100,1202082,54907,3317.794,6.6,0.685
4318309,São Gabriel,RS,Sul,60090,58487,572,40,2682926,45872,5053.46,11.57,0.699
4318408,São Jerônimo,RS,Sul,21412,21028,1660,105,712278,33873,935.596,22.48,0.696
4318424,São João da Urtiga,RS,Sul,4547,4461,4458,286,198261,44443,171.029,26.08,0.694
4318432,São João do Polêsine,RS,Sul,2708,2649,5223,395,117973,44535,78.32,33.82,0.748
4318440,São Jorge,RS,Sul,2976,2912,5103,371,113154,38858,125.62,23.18,0.732
4318457,São José das Missões,RS,Sul,2399,2362,5320,421,76281,32295,98.125,24.07,0.651
4318465,São José do Herval,RS,Sul,1931,1902,5468,462,55694,29282,102.912,18.48,0.717
4318481,São José do Hortêncio,RS,Sul,4555,4447,4454,285,149146,33539,63.709,69.8,0.707
4318499,São José do Inhacorá,RS,Sul,2466,2406,5299,417,214097,88985,77.732,30.95,0.747
4318507,São José do Norte,RS,Sul,26248,25443,1341,85,1273464,50052,1071.824,23.74,0.623
4318606,São José do Ouro,RS,Sul,6978,6834,3701,204,426238,62370,335.287,20.38,0.755
4318614,São José do Sul,RS,Sul,2443,2380,5302,418,111514,46855,54.764,43.46,0.725
4318622,São José dos Ausentes,RS,Sul,4295,4172,4573,298,177177,42468,1173.907,3.55,0.663
4318705,São Leopoldo,RS,Sul,225737,217409,145,9,11740913,54004,103.009,2110.58,0.739
4318804,São Lourenço do Sul,RS,Sul,43278,41989,789,53,1719596,40953,2036.125,20.62,0.687
4318903,São Luiz Gonzaga,RS,Sul,35865,34752,964,60,1712990,49292,1295.522,26.82,0.741
4319000,São Marcos,RS,Sul,21549,21084,1644,104,1488757,70611,256.159,82.31,0.768
4319109,São Martinho,RS,Sul,5587,5481,4115,247,304939,55636,171.245,32.01,0.726
4319125,São Martinho da Serra,RS,Sul,2908,2860,5127,374,211210,73850,669.547,4.27,0.652
4319158,São Miguel das Missões,RS,Sul,7193,7056,3645,199,517182,73297,1228.447,5.74,0.667
4319208,São Nicolau,RS,Sul,5243,5118,4204,257,178749,34926,485.588,10.54,0.645
4319307,São Paulo das Missões,RS,Sul,5943,5846,4003,238,214703,36726,223.942,26.1,0.692
4319356,São Pedro da Serra,RS,Sul,3618,3548,4830,327,122651,34569,35.207,100.78,0.739
4319364,São Pedro das Missões,RS,Sul,1790,1757,5502,470,72911,41497,79.894,21.99,0.664
4319372,São Pedro do Butiá,RS,Sul,3142,3070,5029,358,139485,45435,107.559,28.54,0.763
4319406,São Pedro do Sul,RS,Sul,15863,15577,2159,122,505803,32471,873.394,17.84,0.709
4319505,São Sebastião do Caí,RS,Sul,24898,24428,1432,90,1123568,45995,114.293,213.73,0.739
4319604,São Sepé,RS,Sul,21551,21219,1643,103,1059509,49932,2204.779,9.62,0.708
4319703,São Valentim,RS,Sul,3320,3264,4945,338,124878,38259,154.45,21.13,0.72
4319711,São Valentim do Sul,RS,Sul,2255,2207,5366,431,84857,38449,91.898,24.02,0.764
4319737,São Valério do Sul,RS,Sul,2593,2543,5270,409,67841,26678,107.402,23.68,0.642
4319752,São Vendelino,RS,Sul,2309,2251,5352,426,105311,46784,31.935,70.49,0.754
4319802,São Vicente do Sul,RS,Sul,8257,8097,3392,179,469886,58032,1174.822,6.89,0.685
4319901,Sapiranga,RS,Sul,77935,75648,440,28,4674054,61787,136.473,554.31,0.711
4320008,Sapucaia do Sul,RS,Sul,136572,132107,235,15,4729408,35800,58.247,2268.05,0.726
4320107,Sarandi,RS,Sul,23374,22851,1536,98,1427661,62477,351.717,64.97,0.777
4320206,Seberi,RS,Sul,12325,11950,2645,144,827496,69247,300.827,39.72,0.723
4320230,Sede Nova,RS,Sul,2750,2704,5198,388,122595,45338,119.312,22.66,0.712
4320263,Segredo,RS,Sul,6098,6009,3963,232,181686,30236,245.17,24.51,0.659
4320305,Selbach,RS,Sul,5222,5107,4210,258,286810,56160,176.471,28.94,0.777
4320321,Senador Salgado Filho,RS,Sul,2725,2673,5209,391,93393,34939,147.068,18.18,0.693
4320354,Sentinela do Sul,RS,Sul,5424,5306,4160,251,179897,33904,282.13,18.81,0.671
4320404,Serafina Corrêa,RS,Sul,17407,16961,2032,116,988516,58282,163.31,103.86,0.76
4320453,Sério,RS,Sul,2089,1941,5427,448,70329,36233,98.131,19.78,0.652
4320503,Sertão,RS,Sul,5630,5541,4099,246,389514,70297,440.631,12.58,0.751
4320552,Sertão Santana,RS,Sul,5989,5863,3992,235,344571,58770,252.013,23.26,0.689
4320578,Sete de Setembro,RS,Sul,1881,1830,5477,465,77186,42178,129.238,14.16,0.683
4320602,Severiano de Almeida,RS,Sul,3463,3406,4892,330,142412,41812,167.598,20.32,0.752
4320651,Silveira Martins,RS,Sul,2056,2028,5436,451,72204,35604,119.285,17,0.742
4320677,Sinimbu,RS,Sul,8685,8578,3319,176,248267,28942,510.213,16.81,0.631
4320701,Sobradinho,RS,Sul,14512,14226,2314,130,523240,36781,128.823,110.43,0.743
4320800,Soledade,RS,Sul,30939,29991,1152,74,1312842,43775,1215.056,24.68,0.731
4320859,Tabaí,RS,Sul,4569,4461,4449,284,176254,39510,94.754,47.08,0.701
4320909,Tapejara,RS,Sul,25256,24557,1400,89,1870497,76170,238.082,103.15,0.76
4321006,Tapera,RS,Sul,10824,10592,2908,153,584149,55150,179.935,58.87,0.747
4321105,Tapes,RS,Sul,14920,14695,2258,128,634090,43150,805.452,18.24,0.695
4321204,Taquara,RS,Sul,54353,53242,625,42,1815775,34104,452.572,117.64,0.727
4321303,Taquari,RS,Sul,25963,25198,1357,87,1123745,44597,349.967,72,0.733
4321329,Taquaruçu do Sul,RS,Sul,3192,3119,5006,352,188337,60384,76.917,40.55,0.739
4321352,Tavares,RS,Sul,5319,5212,4185,256,135924,26079,610.106,8.54,0.656
4321402,Tenente Portela,RS,Sul,14820,14497,2272,129,614914,42417,337.495,42.95,0.708
4321436,Terra de Areia,RS,Sul,10575,10334,2993,158,342570,33150,142.304,72.62,0.689
4321451,Teutônia,RS,Sul,34023,32797,1025,66,2003351,61083,177.795,184.47,0.747
4321469,Tio Hugo,RS,Sul,3358,3267,4928,334,173559,53125,113.944,28.67,0.742
4321477,Tiradentes do Sul,RS,Sul,5188,5129,4221,259,162975,31775,236.653,21.67,0.689
4321493,Toropi,RS,Sul,2594,2554,5269,408,82304,32226,198.316,12.88,0.683
4321501,Torres,RS,Sul,43344,41751,788,52,1835529,43964,161.627,258.32,0.762
4321600,Tramandaí,RS,Sul,56430,54387,607,41,1579725,29046,142.878,380.65,0.719
4321626,Travesseiro,RS,Sul,2192,2152,5387,436,86078,39999,80.681,26.67,0.701
4321634,Três Arroios,RS,Sul,2636,2591,5246,401,134291,51830,148.601,17.44,0.791
4321667,Três Cachoeiras,RS,Sul,11224,10962,2820,151,372783,34007,251.483,43.59,0.718
4321709,Três Coroas,RS,Sul,24428,24425,1478,92,1046073,42828,165.285,147.78,0.71
4321808,Três de Maio,RS,Sul,25466,24916,1381,88,1525082,61209,421.461,59.12,0.759
4321832,Três Forquilhas,RS,Sul,2813,2760,5168,382,79197,28695,217.386,12.7,0.662
4321857,Três Palmeiras,RS,Sul,4829,4716,4348,272,165901,35178,180.599,26.11,0.703
4321907,Três Passos,RS,Sul,26304,25436,1338,84,1228032,48279,268.902,94.59,0.768
4321956,Trindade do Sul,RS,Sul,7785,7556,3493,184,403531,53405,268.417,28.15,0.687
4322004,Triunfo,RS,Sul,28435,27498,1247,78,7571335,275341,817.625,33.63,0.733
4322103,Tucunduva,RS,Sul,5646,5542,4094,245,231162,41711,181.198,30.59,0.747
4322152,Tunas,RS,Sul,3732,3681,4796,322,94250,25604,217.302,16.94,0.657
4322186,Tupanci do Sul,RS,Sul,1396,1374,5555,492,79798,58077,135.243,10.16,0.694
4322202,Tupanciretã,RS,Sul,20324,20005,1732,107,1275254,63747,2253.234,8.88,0.709
4322251,Tupandi,RS,Sul,5172,5029,4227,260,604244,120152,59.447,84.6,0.718
4322301,Tuparendi,RS,Sul,8535,8363,3344,177,375006,44841,307.71,27.18,0.728
4322327,Turuçu,RS,Sul,3488,3419,4876,329,161326,47185,253.635,13.48,0.629
4322343,Ubiretama,RS,Sul,2025,1994,5447,456,73526,36874,125.876,15.84,0.7
4322350,União da Serra,RS,Sul,1183,1170,5564,496,64313,54968,131.154,8.92,0.733
4322376,Unistalda,RS,Sul,2047,1995,5440,454,71038,35608,602.387,3.31,0.649
4322400,Uruguaiana,RS,Sul,120819,117210,271,18,3915554,33406,5702.098,20.56,0.744
4322509,Vacaria,RS,Sul,66146,64197,518,34,3701333,57656,2124.492,30.22,0.721
4322525,Vale Verde,RS,Sul,3213,3150,4996,350,156860,49797,329.727,9.55,0.646
4322533,Vale do Sol,RS,Sul,10069,9897,3092,164,380489,38445,328.275,30.15,0.624
4322541,Vale Real,RS,Sul,6223,6058,3919,224,298091,49206,45.085,134.37,0.737
4322558,Vanini,RS,Sul,2047,2004,5441,455,81724,40780,64.905,30.88,0.757
4322608,Venâncio Aires,RS,Sul,70842,68763,486,31,4683134,68105,772.588,89,0.712
4322707,Vera Cruz,RS,Sul,27670,26710,1281,80,1126736,42184,309.621,86.27,0.737
4322806,Veranópolis,RS,Sul,24554,24021,1465,91,2395417,99722,289.397,83,0.773
4322855,Vespasiano Corrêa,RS,Sul,1851,1818,5486,466,104348,57397,113.622,16,0.723
4322905,Viadutos,RS,Sul,4847,4769,4341,270,191223,40097,268.072,17.79,0.702
4323002,Viamão,RS,Sul,231996,224112,142,8,5545184,24743,1496.506,149.76,0.717
4323101,Vicente Dutra,RS,Sul,4741,4665,4387,276,147864,31696,193.025,24.17,0.638
4323200,Victor Graeff,RS,Sul,2829,2780,5160,379,235754,84804,238.133,11.67,0.777
4323309,Vila Flores,RS,Sul,3741,3646,4792,321,376709,103321,107.703,33.85,0.742
4323358,Vila Lângaro,RS,Sul,2121,2079,5414,444,155271,74685,151.695,13.71,0.705
4323408,Vila Maria,RS,Sul,4515,4413,4469,288,393600,89191,181.061,24.37,0.761
4323457,Vila Nova do Sul,RS,Sul,3932,3863,4727,311,217498,56303,508.278,7.6,0.662
4323507,Vista Alegre,RS,Sul,2710,2660,5221,394,137185,51573,77.63,34.27,0.739
4323606,Vista Alegre do Prata,RS,Sul,1624,1590,5535,485,76367,48030,119.327,13.32,0.78
4323705,Vista Gaúcha,RS,Sul,2843,2783,5157,378,94256,33868,90.022,30.91,0.757
4323754,Vitória das Missões,RS,Sul,3316,3260,4948,340,89071,27322,258.312,12.62,0.655
4323770,Westfália,RS,Sul,3223,3098,4991,349,234678,75751,63.665,48.66,0.752
4323804,Xangri-lá,RS,Sul,16949,16463,2079,118,914704,55561,60.756,270.97,0.735
5000203,Água Clara,MS,Centro-Oeste,17901,16741,1952,37,1544633,92266,7781.558,2.15,0.67
5000252,Alcinópolis,MS,Centro-Oeste,4649,4537,4423,76,384368,84719,4397.518,1.03,0.711
5000609,Amambai,MS,Centro-Oeste,41751,39325,819,12,2426261,61698,4193.742,9.38,0.673
5000708,Anastácio,MS,Centro-Oeste,24781,24114,1445,24,783841,32506,2913.177,8.28,0.663
5000807,Anaurilândia,MS,Centro-Oeste,7688,7653,3515,62,623710,81499,3415.657,2.24,0.67
5000856,Angélica,MS,Centro-Oeste,11308,10729,2798,50,1243471,115898,1283.627,8.36,0.697
5000906,Antônio João,MS,Centro-Oeste,9717,9303,3141,56,851781,91560,1142.895,8.14,0.643
5001003,Aparecida do Taboado,MS,Centro-Oeste,29826,27674,1191,19,2189222,79108,2751.485,10.06,0.697
5001102,Aquidauana,MS,Centro-Oeste,48689,46803,703,9,1437451,30713,17087.021,2.74,0.688
5001243,Aral Moreira,MS,Centro-Oeste,11125,10748,2838,52,1348752,125489,1653.86,6.5,0.633
5001508,Bandeirantes,MS,Centro-Oeste,8342,7940,3375,61,1001346,126114,3357.926,2.36,0.681
5001904,Bataguassu,MS,Centro-Oeste,24222,23031,1493,26,1841917,79976,2392.476,9.63,0.71
5002001,Batayporã,MS,Centro-Oeste,10947,10712,2878,53,784829,73266,1826.578,5.86,0.684
5002100,Bela Vista,MS,Centro-Oeste,21881,21613,1620,30,1176300,54426,4899.44,4.41,0.698
5002159,Bodoquena,MS,Centro-Oeste,8887,8567,3288,57,386420,45106,2591.933,3.31,0.666
5002209,Bonito,MS,Centro-Oeste,25034,23659,1416,23,1586577,67060,5373.016,4.4,0.67
5002308,Brasilândia,MS,Centro-Oeste,11833,11579,2703,46,1159417,100131,5803.542,2,0.701
5002407,Caarapó,MS,Centro-Oeste,32748,30612,1077,16,2553085,83401,2115.73,14.47,0.692
5002605,Camapuã,MS,Centro-Oeste,13928,13583,2460,42,872276,64218,6238.127,2.18,0.703
5002704,Campo Grande,MS,Centro-Oeste,962883,898100,17,1,42269768,47066,8082.978,111.11,0.784
5002803,Caracol,MS,Centro-Oeste,5096,5036,4254,72,251148,49871,2943.206,1.71,0.647
5002902,Cassilândia,MS,Centro-Oeste,21565,20988,1641,31,1059973,50504,3658.252,5.74,0.727
5002951,Chapadão do Sul,MS,Centro-Oeste,34606,30993,997,14,3329527,107428,3252.327,9.53,0.754
5003108,Corguinho,MS,Centro-Oeste,4892,4783,4327,74,172551,36076,2639.657,1.81,0.671
5003157,Coronel Sapucaia,MS,Centro-Oeste,14685,14289,2289,39,388241,27171,1023.727,13.96,0.589
5003207,Corumbá,MS,Centro-Oeste,98751,96268,342,4,4187429,43498,64432.45,1.49,0.7
5003256,Costa Rica,MS,Centro-Oeste,28740,26037,1236,20,3341491,128336,4159.384,6.26,0.706
5003306,Coxim,MS,Centro-Oeste,33440,32151,1047,15,1400833,43570,6391.486,5.03,0.703
5003454,Deodápolis,MS,Centro-Oeste,14317,13663,2361,40,712633,52158,828.533,16.49,0.694
5003488,Dois Irmãos do Buriti,MS,Centro-Oeste,11521,11100,2746,48,456777,41151,2431.609,4.56,0.639
5003504,Douradina,MS,Centro-Oeste,5768,5578,4050,70,259999,46612,280.457,19.89,0.699
5003702,Dourados,MS,Centro-Oeste,264017,243367,117,2,20257953,83240,4062.236,59.91,0.747
5003751,Eldorado,MS,Centro-Oeste,11622,11386,2726,47,704592,61882,1012.796,11.24,0.684
5003801,Fátima do Sul,MS,Centro-Oeste,21504,20609,1648,32,769333,37330,315.333,65.36,0.714
5003900,Figueirão,MS,Centro-Oeste,3751,3539,4787,77,186835,52793,4879.932,0.73,0.66
5004007,Glória de Dourados,MS,Centro-Oeste,10817,10444,2912,54,449930,43080,493.434,21.17,0.721
5004106,Guia Lopes da Laguna,MS,Centro-Oeste,10116,9940,3084,55,477600,48048,1225.426,8.11,0.675
5004304,Iguatemi,MS,Centro-Oeste,13960,13808,2450,41,962593,69713,2957.41,4.67,0.662
5004403,Inocência,MS,Centro-Oeste,8764,8404,3305,58,946307,112602,5761.19,1.46,0.681
5004502,Itaporã,MS,Centro-Oeste,25263,24137,1399,22,1525654,63208,1342.764,17.98,0.654
5004601,Itaquiraí,MS,Centro-Oeste,20060,19423,1750,35,1546553,79625,2063.717,9.41,0.62
5004700,Ivinhema,MS,Centro-Oeste,30001,27821,1187,18,2005469,72085,2003.43,13.89,0.72
5004809,Japorã,MS,Centro-Oeste,8441,8148,3358,60,242175,29722,416.605,19.56,0.526
5004908,Jaraguari,MS,Centro-Oeste,7480,7139,3569,63,717701,100532,2912.836,2.45,0.664
5005004,Jardim,MS,Centro-Oeste,24504,23981,1470,25,1130237,47131,2126.133,11.28,0.712
5005103,Jateí,MS,Centro-Oeste,3596,3586,4841,79,729978,203563,1933.316,1.85,0.708
5005152,Juti,MS,Centro-Oeste,7067,6729,3680,65,517930,76970,1569.176,4.29,0.623
5005202,Ladário,MS,Centro-Oeste,22425,21522,1586,29,420685,19547,354.255,60.75,0.704
5005251,Laguna Carapã,MS,Centro-Oeste,7037,6799,3691,66,1257650,184976,1725.78,3.94,0.672
5005400,Maracaju,MS,Centro-Oeste,48073,45047,709,10,5921262,131446,5396.905,8.35,0.736
5005608,Miranda,MS,Centro-Oeste,26512,25536,1330,21,782435,30640,5471.436,4.67,0.632
5005681,Mundo Novo,MS,Centro-Oeste,20087,19193,1748,34,1018195,53050,478.38,40.12,0.686
5005707,Naviraí,MS,Centro-Oeste,53014,50457,648,6,3670207,72739,3189.667,15.82,0.7
5005806,Nioaque,MS,Centro-Oeste,13354,13220,2528,44,618784,46807,3909.44,3.38,0.639
5006002,Nova Alvorada do Sul,MS,Centro-Oeste,23409,21822,1534,28,2592615,118807,4025.012,5.42,0.694
5006200,Nova Andradina,MS,Centro-Oeste,50848,48563,669,7,3568745,73487,4770.685,10.18,0.721
5006259,Novo Horizonte do Sul,MS,Centro-Oeste,4801,4721,4365,75,450886,95506,849.19,5.56,0.649
5006275,Paraíso das Águas,MS,Centro-Oeste,5842,5510,4028,69,1389706,252215,5061.433,1.09,
5006309,Paranaíba,MS,Centro-Oeste,42638,40957,802,11,2012106,49127,5405.48,7.58,0.721
5006358,Paranhos,MS,Centro-Oeste,13368,12921,2526,43,371183,28727,1307.092,9.89,0.588
5006408,Pedro Gomes,MS,Centro-Oeste,6910,6941,3717,67,460934,66407,3553.782,1.95,0.671
5006606,Ponta Porã,MS,Centro-Oeste,98598,92017,343,5,6069790,65964,5359.354,17.17,0.701
5006903,Porto Murtinho,MS,Centro-Oeste,12721,12859,2592,45,571511,44444,17505.2,0.73,0.666
5007109,Ribas do Rio Pardo,MS,Centro-Oeste,24152,23150,1498,27,3353286,144850,17315.283,1.34,0.664
5007208,Rio Brilhante,MS,Centro-Oeste,40419,37601,845,13,3833911,101963,3983.562,9.44,0.715
5007307,Rio Negro,MS,Centro-Oeste,4921,4841,4318,73,170386,35196,1828.8,2.65,0.709
5007406,Rio Verde de Mato Grosso,MS,Centro-Oeste,20454,19818,1718,33,926597,46755,8173.868,2.42,0.673
5007505,Rochedo,MS,Centro-Oeste,5451,5199,4152,71,352337,67770,1309.574,3.97,0.651
5007554,Santa Rita do Pardo,MS,Centro-Oeste,7165,7027,3651,64,642967,91500,6142.001,1.14,0.642
5007695,São Gabriel do Oeste,MS,Centro-Oeste,32207,29579,1103,17,2883850,97497,3849.875,7.68,0.729
5007703,Sete Quedas,MS,Centro-Oeste,11322,10994,2796,49,493949,44929,839.117,13.1,0.614
5007802,Selvíria,MS,Centro-Oeste,8716,8142,3312,59,2691218,330535,3254.917,2.5,0.682
5007901,Sidrolândia,MS,Centro-Oeste,49735,47118,687,8,4102346,87065,5265.695,8.95,0.686
5007935,Sonora,MS,Centro-Oeste,14813,14516,2273,38,1489093,102583,4185.528,3.47,0.681
5007950,Tacuru,MS,Centro-Oeste,11205,10808,2828,51,378151,34988,1784.207,6.06,0.593
5007976,Taquarussu,MS,Centro-Oeste,3740,3625,4793,78,215369,59412,1052.232,3.45,0.651
5008008,Terenos,MS,Centro-Oeste,18182,17652,1915,36,1348544,76396,2845.723,6.2,0.658
5008305,Três Lagoas,MS,Centro-Oeste,143523,132152,219,3,14761816,111703,10217.071,12.93,0.744
5008404,Vicentina,MS,Centro-Oeste,6505,6336,3820,68,384734,60722,312.429,20.28,0.711
5100102,Acorizal,MT,Centro-Oeste,4948,5014,4307,107,169373,33780,850.763,5.89,0.628
5100201,Água Boa,MT,Centro-Oeste,32099,29219,1112,21,2479715,84867,7549.308,3.87,0.729
5100250,Alta Floresta,MT,Centro-Oeste,62158,58613,557,12,3034593,51773,8955.41,6.54,0.714
5100300,Alto Araguaia,MT,Centro-Oeste,17751,17193,1978,41,2036609,118456,5402.308,3.18,0.704
5100359,Alto Boa Vista,MT,Centro-Oeste,5920,5715,4011,99,307732,53846,2248.414,2.54,0.651
5100409,Alto Garças,MT,Centro-Oeste,13956,13052,2451,55,1233308,94492,3858.153,3.38,0.701
5100508,Alto Paraguai,MT,Centro-Oeste,7525,8009,3563,87,171251,21382,1847.354,4.34,0.638
5100607,Alto Taquari,MT,Centro-Oeste,11877,10904,2699,59,1194826,109577,1436.582,7.59,0.705
5100805,Apiacás,MT,Centro-Oeste,8693,8590,3316,79,291453,33929,20489.024,0.42,0.675
5101001,Araguaiana,MT,Centro-Oeste,4005,3795,4695,117,169005,44534,6380.7,0.59,0.687
5101209,Araguainha,MT,Centro-Oeste,997,1010,5568,142,31097,30789,675.231,1.5,0.701
5101258,Araputanga,MT,Centro-Oeste,14805,14786,2275,51,864362,58458,1639.733,9.02,0.725
5101308,Arenápolis,MT,Centro-Oeste,10769,10576,2926,64,325467,30774,417.337,25.34,0.704
5101407,Aripuanã,MT,Centro-Oeste,26558,24626,1326,31,1451936,58959,24678.135,1,0.675
5101605,Barão de Melgaço,MT,Centro-Oeste,7137,7253,3659,92,143657,19807,11374.872,0.64,0.6
5101704,Barra do Bugres,MT,Centro-Oeste,29406,29403,1208,27,1774198,60341,5976.864,4.92,0.693
5101803,Barra do Garças,MT,Centro-Oeste,73878,69210,472,10,3537696,51115,8363.149,8.28,0.748
5101837,Boa Esperança do Norte,MT,Centro-Oeste,5877,,4020,101,,,,,
5101852,Bom Jesus do Araguaia,MT,Centro-Oeste,7912,7280,3467,83,1001994,137637,4266.636,1.71,0.661
5101902,Brasnorte,MT,Centro-Oeste,17645,17004,1994,43,2668091,156910,15968.355,1.06,0.696
5102504,Cáceres,MT,Centro-Oeste,91767,89681,372,9,2795729,31174,24495.51,3.66,0.708
5102603,Campinápolis,MT,Centro-Oeste,15808,15347,2168,47,614856,40064,5978.985,2.57,0.538
5102637,Campo Novo do Parecis,MT,Centro-Oeste,51722,45899,661,14,7917233,172492,9428.586,4.87,0.734
5102678,Campo Verde,MT,Centro-Oeste,49053,44585,696,15,5099105,114368,4770.631,9.35,0.75
5102686,Campos de Júlio,MT,Centro-Oeste,9946,8822,3109,74,2905079,329299,6792.808,1.3,0.744
5102694,Canabrava do Norte,MT,Centro-Oeste,4451,4485,4510,112,299035,66674,3449.037,1.3,0.667
5102702,Canarana,MT,Centro-Oeste,28324,25858,1257,29,3000654,116044,10855.181,2.38,0.693
5102793,Carlinda,MT,Centro-Oeste,10260,10332,3069,69,423098,40950,2421.788,4.27,0.665
5102850,Castanheira,MT,Centro-Oeste,7392,7506,3594,90,261557,34846,3713.466,2.02,0.665
5103007,Chapada dos Guimarães,MT,Centro-Oeste,19458,18990,1792,38,1817596,95713,6603.252,2.88,0.688
5103056,Cláudia,MT,Centro-Oeste,9301,9593,3218,78,1192573,124317,3843.561,2.5,0.699
5103106,Cocalinho,MT,Centro-Oeste,6495,6220,3822,95,363690,58471,16563.136,0.38,0.66
5103205,Colíder,MT,Centro-Oeste,32054,31370,1115,22,1958222,62423,3112.091,10.08,0.713
5103254,Colniza,MT,Centro-Oeste,26026,25766,1354,32,852175,33074,27960.237,0.92,0.611
5103304,Comodoro,MT,Centro-Oeste,18469,18238,1888,40,1088026,59657,21485.018,0.85,0.689
5103353,Confresa,MT,Centro-Oeste,38460,35075,898,17,1967776,56102,5802.314,6.05,0.668
5103361,Conquista D'Oeste,MT,Centro-Oeste,3908,3760,4734,118,179152,47647,2684.676,1.4,0.718
5103379,Cotriguaçu,MT,Centro-Oeste,10030,11011,3098,73,327751,29766,9469.957,1.16,0.601
5103403,Cuiabá,MT,Centro-Oeste,691875,650877,31,1,39050753,59997,4327.448,150.41,0.785
5103437,Curvelândia,MT,Centro-Oeste,4970,4903,4297,106,135779,27693,357.128,13.73,0.69
5103452,Denise,MT,Centro-Oeste,6675,7014,3776,94,777254,110815,1273.178,5.51,0.683
5103502,Diamantino,MT,Centro-Oeste,22623,21941,1568,35,5741878,261696,8263.397,2.66,0.718
5103601,Dom Aquino,MT,Centro-Oeste,7890,7872,3470,84,724834,92077,2183.603,3.61,0.69
5103700,Feliz Natal,MT,Centro-Oeste,10523,10521,3012,68,1151311,109430,11661.514,0.9,0.692
5103809,Figueirópolis D'Oeste,MT,Centro-Oeste,3056,3187,5065,128,112557,35318,891.448,3.58,0.679
5103858,Gaúcha do Norte,MT,Centro-Oeste,9397,8642,3196,77,1385921,160370,16908.375,0.51,0.615
5103908,General Carneiro,MT,Centro-Oeste,6319,6037,3889,97,506493,83898,4514.917,1.34,0.67
5103957,Glória D'Oeste,MT,Centro-Oeste,2878,2905,5141,132,115168,39645,833.13,3.49,0.71
5104104,Guarantã do Norte,MT,Centro-Oeste,31209,31024,1144,23,1286329,41462,4725.281,6.57,0.703
5104203,Guiratinga,MT,Centro-Oeste,10252,10966,3073,70,706016,64382,5043.899,2.17,0.705
5104500,Indiavaí,MT,Centro-Oeste,2172,2213,5395,137,109660,49553,592.495,3.74,0.661
5104526,Ipiranga do Norte,MT,Centro-Oeste,8658,7815,3322,80,2175037,278316,3422.016,2.28,0.727
5104542,Itanhangá,MT,Centro-Oeste,8257,7539,3393,82,856166,113565,2909.745,2.59,0.71
5104559,Itaúba,MT,Centro-Oeste,5201,5020,4214,105,666707,132810,4521.79,1.11,0.69
5104609,Itiquira,MT,Centro-Oeste,12587,12236,2608,57,2049319,167483,8698.814,1.41,0.693
5104807,Jaciara,MT,Centro-Oeste,29803,28569,1192,26,1711568,59910,2429.678,11.76,0.735
5104906,Jangada,MT,Centro-Oeste,7413,7426,3589,89,210301,28320,1114.302,6.66,0.63
5105002,Jauru,MT,Centro-Oeste,7881,8367,3473,85,371424,44392,1345.411,6.22,0.673
5105101,Juara,MT,Centro-Oeste,36089,34906,958,18,1859025,53258,22632.713,1.54,0.682
5105150,Juína,MT,Centro-Oeste,48396,45869,707,16,1845536,40235,26397.173,1.74,0.716
5105176,Juruena,MT,Centro-Oeste,10057,10213,3094,72,386051,37800,3207.837,3.18,0.662
5105200,Juscimeira,MT,Centro-Oeste,11622,11480,2727,62,555049,48349,2291.307,5.01,0.714
5105234,Lambari D'Oeste,MT,Centro-Oeste,4662,4790,4420,108,284219,59336,1810.547,2.65,0.627
5105259,Lucas do Rio Verde,MT,Centro-Oeste,95792,83798,362,8,8238966,98319,3674.596,22.8,0.768
5105309,Luciara,MT,Centro-Oeste,2616,2509,5261,135,95374,38013,4282.733,0.59,0.676
5105507,Vila Bela da Santíssima Trindade,MT,Centro-Oeste,17592,16774,2002,44,946663,56436,13484.71,1.24,0.645
5105580,Marcelândia,MT,Centro-Oeste,11355,11396,2787,63,1029292,90320,12285.486,0.93,0.701
5105606,Matupá,MT,Centro-Oeste,21959,20091,1613,36,1790694,89129,5228.272,3.84,0.716
5105622,Mirassol d'Oeste,MT,Centro-Oeste,27637,26785,1283,30,1163379,43434,1085.486,24.68,0.704
5105903,Nobres,MT,Centro-Oeste,15796,15492,2170,48,1492553,96343,3908.739,3.96,0.699
5106000,Nortelândia,MT,Centro-Oeste,5890,5956,4019,100,399399,67058,1336.754,4.46,0.702
5106109,Nossa Senhora do Livramento,MT,Centro-Oeste,11658,12940,2721,61,433626,33511,5537.413,2.34,0.638
5106158,Nova Bandeirantes,MT,Centro-Oeste,14340,13635,2353,54,506046,37114,9556.661,1.43,0.65
5106174,Nova Nazaré,MT,Centro-Oeste,4575,4200,4443,109,183702,43739,4034.539,1.04,0.595
5106182,Nova Lacerda,MT,Centro-Oeste,7072,6670,3678,93,486837,72989,4780.426,1.4,0.636
5106190,Nova Santa Helena,MT,Centro-Oeste,4502,4239,4480,111,483791,114129,2385.611,1.78,0.714
5106208,Nova Brasilândia,MT,Centro-Oeste,3791,3932,4773,120,216720,55117,3290.032,1.2,0.651
5106216,Nova Canaã do Norte,MT,Centro-Oeste,11734,11707,2709,60,1057942,90368,5953.099,1.97,0.686
5106224,Nova Mutum,MT,Centro-Oeste,63455,55839,542,11,7647129,136950,9536.814,5.86,0.758
5106232,Nova Olímpia,MT,Centro-Oeste,16204,16352,2135,46,771964,47209,1327.266,12.32,0.682
5106240,Nova Ubiratã,MT,Centro-Oeste,9760,11530,3134,76,3184847,276223,12460.736,0.93,0.669
5106257,Nova Xavantina,MT,Centro-Oeste,25915,24345,1359,33,1185192,48683,5491.972,4.43,0.704
5106265,Novo Mundo,MT,Centro-Oeste,6368,6520,3870,96,626984,96163,5800.759,1.12,0.674
5106273,Novo Horizonte do Norte,MT,Centro-Oeste,3267,3349,4964,126,132646,39608,920.048,3.64,0.664
5106281,Novo São Joaquim,MT,Centro-Oeste,7239,6919,3632,91,930872,134539,5225.595,1.32,0.649
5106299,Paranaíta,MT,Centro-Oeste,12079,11671,2673,58,833109,71383,4814.149,2.42,0.672
5106307,Paranatinga,MT,Centro-Oeste,28870,26423,1229,28,2920746,110538,24166.632,1.09,0.667
5106315,Novo Santo Antônio,MT,Centro-Oeste,2041,2015,5442,139,71503,35485,4394.78,0.46,0.653
5106372,Pedra Preta,MT,Centro-Oeste,18946,18066,1832,39,1490775,82518,3841.672,4.7,0.679
5106422,Peixoto de Azevedo,MT,Centro-Oeste,33754,32714,1034,19,1146389,35043,14433.775,2.27,0.649
5106455,Planalto da Serra,MT,Centro-Oeste,3328,3166,4942,125,296060,93512,2437.59,1.3,0.656
5106505,Poconé,MT,Centro-Oeste,31203,31217,1145,24,861874,27609,17156.759,1.82,0.652
5106653,Pontal do Araguaia,MT,Centro-Oeste,7441,6932,3583,88,244682,35297,2742.482,2.53,0.734
5106703,Ponte Branca,MT,Centro-Oeste,2098,2008,5421,138,49856,24829,701.138,2.86,0.686
5106752,Pontes e Lacerda,MT,Centro-Oeste,55762,52018,613,13,2856805,54920,8545.292,6.09,0.703
5106778,Porto Alegre do Norte,MT,Centro-Oeste,12649,12127,2600,56,558330,46040,3971.721,3.05,0.673
5106802,Porto dos Gaúchos,MT,Centro-Oeste,5705,5593,4075,103,1444695,258304,6846.668,0.82,0.685
5106828,Porto Esperidião,MT,Centro-Oeste,10088,10204,3090,71,323734,31726,5835.278,1.75,0.652
5106851,Porto Estrela,MT,Centro-Oeste,3141,3224,5031,127,99847,30970,2045.467,1.58,0.599
5107008,Poxoréu,MT,Centro-Oeste,25103,23283,1409,34,1242007,53344,6915.298,3.37,0.678
5107040,Primavera do Leste,MT,Centro-Oeste,96006,85146,360,7,8571209,100665,5470.383,15.56,0.752
5107065,Querência,MT,Centro-Oeste,31100,26769,1148,25,3771292,140883,17799.989,1.5,0.692
5107107,São José dos Quatro Marcos,MT,Centro-Oeste,17721,17849,1983,42,550358,30834,1282.763,13.91,0.719
5107156,Reserva do Cabaçal,MT,Centro-Oeste,2020,2122,5449,140,54024,25459,1331.677,1.59,0.676
5107180,Ribeirão Cascalheira,MT,Centro-Oeste,10541,10089,3006,67,814506,80732,11354.555,0.89,0.67
5107198,Ribeirãozinho,MT,Centro-Oeste,2733,2593,5204,133,192864,74379,624.997,4.15,0.692
5107206,Rio Branco,MT,Centro-Oeste,4440,4535,4515,113,129895,28643,539.287,8.41,0.707
5107248,Santa Carmem,MT,Centro-Oeste,5795,5374,4045,102,1133113,210851,3812.09,1.41,0.715
5107263,Santo Afonso,MT,Centro-Oeste,2416,2519,5315,136,193731,76908,1166.382,2.16,0.689
5107297,São José do Povo,MT,Centro-Oeste,2716,2875,5214,134,70176,24409,489.737,5.87,0.661
5107305,São José do Rio Claro,MT,Centro-Oeste,14455,14911,2323,53,1683036,112872,4525.304,3.3,0.682
5107354,São José do Xingu,MT,Centro-Oeste,6234,5964,3915,98,843182,141379,7465.563,0.8,0.657
5107404,São Pedro da Cipa,MT,Centro-Oeste,4250,4191,4594,114,81085,19347,344.33,12.17,0.66
5107578,Rondolândia,MT,Centro-Oeste,3518,3505,4866,124,135694,38714,12658.341,0.28,0.64
5107602,Rondonópolis,MT,Centro-Oeste,263708,244911,118,3,16568250,67650,4824.02,50.77,0.755
5107701,Rosário Oeste,MT,Centro-Oeste,15041,15453,2242,50,650377,42087,7339.443,2.11,0.65
5107743,Santa Cruz do Xingu,MT,Centro-Oeste,2904,2661,5130,130,601239,225945,5623.39,0.47,0.684
5107750,Salto do Céu,MT,Centro-Oeste,3657,3679,4821,122,120131,32653,1753.378,2.1,0.666
5107768,Santa Rita do Trivelato,MT,Centro-Oeste,3536,3276,4861,123,1341337,409444,4747.042,0.69,0.735
5107776,Santa Terezinha,MT,Centro-Oeste,7737,7596,3508,86,306137,40302,6466.223,1.17,0.609
5107792,Santo Antônio do Leste,MT,Centro-Oeste,4244,4099,4602,115,1313632,320476,3403.593,1.2,0.655
5107800,Santo Antônio de Leverger,MT,Centro-Oeste,16839,15246,2084,45,743717,48781,9469.139,1.61,0.656
5107859,São Félix do Araguaia,MT,Centro-Oeste,14604,13621,2300,52,2351792,172659,16682.473,0.82,0.668
5107875,Sapezal,MT,Centro-Oeste,32514,28944,1089,20,6410247,221471,13614.552,2.13,0.732
5107883,Serra Nova Dourada,MT,Centro-Oeste,1941,1800,5467,141,160052,88918,1490.793,1.21,0.664
5107909,Sinop,MT,Centro-Oeste,223780,196312,146,4,11736047,59783,3990.87,49.19,0.754
5107925,Sorriso,MT,Centro-Oeste,124665,110635,257,5,13748757,124271,9293.629,11.9,0.744
5107941,Tabaporã,MT,Centro-Oeste,9895,9818,3119,75,1540339,156889,8439.05,1.16,0.695
5107958,Tangará da Serra,MT,Centro-Oeste,114603,106434,292,6,5602200,52635,11636.825,9.15,0.729
5108006,Tapurah,MT,Centro-Oeste,15638,14370,2192,49,2467467,171710,4492.539,3.2,0.714
5108055,Terra Nova do Norte,MT,Centro-Oeste,10591,10616,2989,66,571448,53829,2399.736,4.42,0.698
5108105,Tesouro,MT,Centro-Oeste,2935,3025,5120,129,326968,108089,4244.073,0.71,0.655
5108204,Torixoréu,MT,Centro-Oeste,4238,4164,4604,116,241589,58018,2398.383,1.74,0.716
5108303,União do Sul,MT,Centro-Oeste,3904,3838,4735,119,601637,156758,4590.628,0.84,0.665
5108352,Vale de São Domingos,MT,Centro-Oeste,2892,2904,5137,131,81318,28002,1901.545,1.53,0.656
5108402,Várzea Grande,MT,Centro-Oeste,318922,300078,93,2,13984218,46602,724.279,414.31,0.734
5108501,Vera,MT,Centro-Oeste,10758,12800,2928,65,1504304,117524,3058.364,4.19,0.68
5108600,Vila Rica,MT,Centro-Oeste,19686,19888,1773,37,920621,46290,7436.383,2.67,0.688
5108808,Nova Guarita,MT,Centro-Oeste,4546,4590,4460,110,236922,51617,1121.928,4.09,0.688
5108857,Nova Marilândia,MT,Centro-Oeste,3731,3529,4797,121,551799,156361,1905.744,1.85,0.704
5108907,Nova Maringá,MT,Centro-Oeste,5705,5846,4076,104,1490869,255024,11553.479,0.51,0.663
5108956,Nova Monte Verde,MT,Centro-Oeste,8470,8313,3352,81,441951,53164,5139.307,1.62,0.691
5200050,Abadia de Goiás,GO,Centro-Oeste,22052,19128,1610,54,477983,24989,143.357,133.43,0.708
5200100,Abadiânia,GO,Centro-Oeste,17738,17232,1980,65,633025,36735,1044.555,16.5,0.689
5200134,Acreúna,GO,Centro-Oeste,22079,21568,1608,53,1188179,55090,1566.742,13.77,0.686
5200159,Adelândia,GO,Centro-Oeste,2282,2297,5360,230,59486,25897,115.385,19.91,0.702
5200175,Água Fria de Goiás,GO,Centro-Oeste,4979,4954,4292,147,476288,96142,2023.636,2.45,0.671
5200209,Água Limpa,GO,Centro-Oeste,1843,1858,5488,241,74935,40331,458.836,4.05,0.722
5200258,Águas Lindas de Goiás,GO,Centro-Oeste,245352,225693,129,4,3062185,13568,191.817,1176.61,0.686
5200308,Alexânia,GO,Centro-Oeste,28244,27008,1259,42,1832281,67842,846.876,31.89,0.682
5200506,Aloândia,GO,Centro-Oeste,1977,1973,5461,239,66408,33658,102.094,19.33,0.697
5200555,Alto Horizonte,GO,Centro-Oeste,6487,6072,3827,131,623006,102603,500.342,12.14,0.719
5200605,Alto Paraíso de Goiás,GO,Centro-Oeste,11182,10306,2832,86,408322,39620,2594.998,3.97,0.713
5200803,Alvorada do Norte,GO,Centro-Oeste,8619,8446,3331,106,223109,26416,1268.347,6.66,0.66
5200829,Amaralina,GO,Centro-Oeste,3267,3268,4965,193,124601,38128,1343.742,2.43,0.609
5200852,Americano do Brasil,GO,Centro-Oeste,5260,5259,4198,143,106099,20175,133.834,39.29,0.7
5200902,Amorinópolis,GO,Centro-Oeste,2906,3007,5129,213,130845,43513,406.93,7.39,0.681
5201108,Anápolis,GO,Centro-Oeste,420300,398869,62,3,20432109,51225,935.672,426.29,0.737
5201207,Anhanguera,GO,Centro-Oeste,913,924,5570,246,26738,28937,55.569,16.63,0.725
5201306,Anicuns,GO,Centro-Oeste,18306,18503,1896,62,730524,39481,976.038,18.96,0.714
5201405,Aparecida de Goiânia,GO,Centro-Oeste,556021,527796,41,2,20888937,39578,279.954,1885.3,0.718
5201454,Aparecida do Rio Doce,GO,Centro-Oeste,3045,2907,5069,202,151337,52060,603.254,4.82,0.693
5201504,Aporé,GO,Centro-Oeste,4488,4325,4496,155,518582,119903,2899.237,1.49,0.693
5201603,Araçu,GO,Centro-Oeste,3840,3799,4756,176,87232,22962,149.776,25.36,0.693
5201702,Aragarças,GO,Centro-Oeste,18601,18390,1874,61,360573,19607,661.677,27.79,0.732
5201801,Aragoiânia,GO,Centro-Oeste,12806,11890,2584,81,237889,20007,218.125,54.51,0.684
5202155,Araguapaz,GO,Centro-Oeste,7152,7153,3655,127,252818,35344,2188.1,3.27,0.674
5202353,Arenópolis,GO,Centro-Oeste,2904,2946,5131,214,268947,91292,1075.535,2.74,0.687
5202502,Aruanã,GO,Centro-Oeste,8570,8300,3339,108,379921,45774,3054.773,2.72,0.675
5202601,Aurilândia,GO,Centro-Oeste,3237,3284,4981,194,111363,33911,565.514,5.81,0.7
5202809,Avelinópolis,GO,Centro-Oeste,2993,2868,5097,206,83608,29152,170.228,16.85,0.66
5203104,Baliza,GO,Centro-Oeste,3306,3351,4951,191,175462,52361,1780.173,1.88,0.655
5203203,Barro Alto,GO,Centro-Oeste,10853,10371,2899,89,1686187,162587,1080.268,9.6,0.742
5203302,Bela Vista de Goiás,GO,Centro-Oeste,37305,34445,927,31,1983166,57575,1274.034,27.04,0.716
5203401,Bom Jardim de Goiás,GO,Centro-Oeste,7775,7826,3497,119,418166,53433,1901.137,4.12,0.67
5203500,Bom Jesus de Goiás,GO,Centro-Oeste,24925,23958,1427,49,1512295,63123,1405.605,17.04,0.701
5203559,Bonfinópolis,GO,Centro-Oeste,11025,10296,2861,87,158520,15396,121.915,84.45,0.683
5203575,Bonópolis,GO,Centro-Oeste,3289,3299,4958,192,282294,85570,1635.319,2.02,0.63
5203609,Brazabrantes,GO,Centro-Oeste,4201,3992,4620,162,106412,26656,125.326,31.85,0.701
5203807,Britânia,GO,Centro-Oeste,5798,5695,4044,139,305497,53643,1458.459,3.9,0.672
5203906,Buriti Alegre,GO,Centro-Oeste,10930,10495,2883,88,561621,53513,901.932,11.64,0.71
5203939,Buriti de Goiás,GO,Centro-Oeste,2800,2732,5176,217,78971,28906,202.576,13.49,0.687
5203962,Buritinópolis,GO,Centro-Oeste,3140,3145,5032,198,68010,21625,246.075,12.78,0.704
5204003,Cabeceiras,GO,Centro-Oeste,7689,7560,3514,121,484328,64065,1126.434,6.71,0.668
5204102,Cachoeira Alta,GO,Centro-Oeste,11854,11513,2701,85,365150,31716,1657.226,6.95,0.71
5204201,Cachoeira de Goiás,GO,Centro-Oeste,1417,1405,5554,245,45522,32400,424.49,3.31,0.727
5204250,Cachoeira Dourada,GO,Centro-Oeste,7762,7782,3500,120,890576,114441,528.281,14.73,0.698
5204300,Caçu,GO,Centro-Oeste,14034,13774,2435,76,1219984,88572,2254.34,6.11,0.73
5204409,Caiapônia,GO,Centro-Oeste,16628,16513,2099,69,1456338,88193,8627.961,1.91,0.693
5204508,Caldas Novas,GO,Centro-Oeste,106820,98622,317,16,3782024,38349,1608.523,61.31,0.733
5204557,Caldazinha,GO,Centro-Oeste,4819,4507,4355,151,103502,22965,251.72,17.9,0.685
5204607,Campestre de Goiás,GO,Centro-Oeste,3879,3755,4742,175,78260,20842,272.734,13.77,0.653
5204656,Campinaçu,GO,Centro-Oeste,3760,3708,4785,179,135965,36668,1978.386,1.87,0.631
5204706,Campinorte,GO,Centro-Oeste,12983,12510,2565,80,422671,33787,1064.541,11.75,0.688
5204805,Campo Alegre de Goiás,GO,Centro-Oeste,7807,7422,3487,118,964885,130003,2450.111,3.03,0.694
5204854,Campo Limpo de Goiás,GO,Centro-Oeste,8579,8081,3337,107,237751,29421,156.113,51.76,0.661
5204904,Campos Belos,GO,Centro-Oeste,18227,18108,1907,63,404844,22357,735.126,24.63,0.692
5204953,Campos Verdes,GO,Centro-Oeste,3822,4005,4761,177,80964,20216,443.125,9.04,0.654
5205000,Carmo do Rio Verde,GO,Centro-Oeste,9988,9710,3103,97,543627,55986,419.821,23.13,0.713
5205059,Castelândia,GO,Centro-Oeste,2871,2985,5143,215,140321,47009,299.228,9.98,0.701
5205109,Catalão,GO,Centro-Oeste,122760,114427,264,10,10345993,90416,3826.37,29.9,0.766
5205208,Caturaí,GO,Centro-Oeste,5352,5184,4177,142,126676,24436,205.065,25.28,0.664
5205307,Cavalcante,GO,Centro-Oeste,9730,9583,3140,99,373219,38946,6948.78,1.38,0.584
5205406,Ceres,GO,Centro-Oeste,22570,22046,1573,52,986057,44727,213.07,103.47,0.775
5205455,Cezarina,GO,Centro-Oeste,8301,8090,3384,113,533170,65905,417.08,19.4,0.711
5205471,Chapadão do Céu,GO,Centro-Oeste,14321,12870,2358,74,2486006,193163,2184.076,5.89,0.742
5205497,Cidade Ocidental,GO,Centro-Oeste,101570,91767,334,17,1351013,14722,389.984,235.31,0.717
5205513,Cocalzinho de Goiás,GO,Centro-Oeste,27196,25016,1296,44,530183,21194,1785.339,14.01,0.657
5205521,Colinas do Sul,GO,Centro-Oeste,4188,4030,4624,163,87397,21687,1707.519,2.36,0.658
5205703,Córrego do Ouro,GO,Centro-Oeste,2441,2454,5304,227,87370,35603,458.077,5.36,0.686
5205802,Corumbá de Goiás,GO,Centro-Oeste,10724,10562,2937,93,340461,32235,1064.833,9.92,0.68
5205901,Corumbaíba,GO,Centro-Oeste,9484,9164,3184,101,1081678,118036,1864.277,4.92,0.698
5206206,Cristalina,GO,Centro-Oeste,66827,62337,513,22,5707718,91562,6153.921,10.13,0.699
5206305,Cristianópolis,GO,Centro-Oeste,3670,3504,4819,184,134732,38451,221.624,15.81,0.688
5206404,Crixás,GO,Centro-Oeste,17532,17065,2017,66,611859,35855,4673.039,3.65,0.708
5206503,Cromínia,GO,Centro-Oeste,3999,3883,4702,171,140959,36302,364.918,10.64,0.706
5206602,Cumari,GO,Centro-Oeste,2951,2927,5113,210,115381,39420,568.365,5.15,0.737
5206701,Damianópolis,GO,Centro-Oeste,3917,3770,4732,173,59529,15790,417.625,9.03,0.654
5206800,Damolândia,GO,Centro-Oeste,2753,2724,5193,219,60604,22248,86.057,31.65,0.697
5206909,Davinópolis,GO,Centro-Oeste,1889,1902,5472,240,496504,261043,482.857,3.94,0.716
5207105,Diorama,GO,Centro-Oeste,1991,2062,5456,238,121731,59035,685.382,3.01,0.729
5207253,Doverlândia,GO,Centro-Oeste,6823,6956,3739,128,682108,98060,3227.558,2.16,0.668
5207352,Edealina,GO,Centro-Oeste,4104,4001,4659,167,516263,129033,598.218,6.69,0.702
5207402,Edéia,GO,Centro-Oeste,11982,11747,2683,83,1196283,101837,1469.099,8,0.739
5207501,Estrela do Norte,GO,Centro-Oeste,3214,3205,4994,195,113691,35473,301.139,10.64,0.707
5207535,Faina,GO,Centro-Oeste,7167,7070,3650,126,211347,29893,1949.685,3.63,0.65
5207600,Fazenda Nova,GO,Centro-Oeste,5842,5877,4029,138,248809,42336,1279.107,4.59,0.685
5207808,Firminópolis,GO,Centro-Oeste,10274,10419,3067,95,351013,33690,422.34,24.67,0.732
5207907,Flores de Goiás,GO,Centro-Oeste,14273,13744,2372,75,287569,20923,3695.106,3.72,0.597
5208004,Formosa,GO,Centro-Oeste,121559,115901,267,11,3918239,33807,5804.292,19.97,0.744
5208103,Formoso,GO,Centro-Oeste,4662,4660,4421,153,133520,28652,843.42,5.53,0.715
5208152,Gameleira de Goiás,GO,Centro-Oeste,3563,3456,4850,186,244382,70712,588.328,5.87,0.659
5208301,Divinópolis de Goiás,GO,Centro-Oeste,4405,4457,4529,157,113665,25503,828.874,5.38,0.653
5208400,Goianápolis,GO,Centro-Oeste,14758,13967,2280,73,396359,28378,166.642,83.81,0.703
5208509,Goiandira,GO,Centro-Oeste,4962,4973,4303,148,210732,42375,569.917,8.73,0.76
5208608,Goianésia,GO,Centro-Oeste,78009,73707,439,19,2691742,36519,1547.319,47.64,0.727
5208707,Goiânia,GO,Centro-Oeste,1503256,1437366,10,1,75780846,52722,729.296,1970.9,0.799
5208806,Goianira,GO,Centro-Oeste,81495,71916,417,18,1604687,22313,213.772,336.41,0.694
5208905,Goiás,GO,Centro-Oeste,24172,24071,1497,50,793947,32984,3108.423,7.74,0.709
5209101,Goiatuba,GO,Centro-Oeste,36984,35664,939,34,2725200,76413,2479.591,14.38,0.725
5209150,Gouvelândia,GO,Centro-Oeste,4313,4390,4562,158,338160,77030,827.373,5.31,0.674
5209200,Guapó,GO,Centro-Oeste,20985,19545,1685,57,497334,25446,514.178,38.01,0.697
5209291,Guaraíta,GO,Centro-Oeste,2170,2188,5398,234,60565,27681,205.533,10.65,0.687
5209408,Guarani de Goiás,GO,Centro-Oeste,4091,4085,4662,168,100115,24508,1221.054,3.35,0.637
5209457,Guarinos,GO,Centro-Oeste,2154,2161,5405,235,73547,34034,593.188,3.64,0.652
5209606,Heitoraí,GO,Centro-Oeste,3342,3354,4936,190,96557,28789,228.615,14.67,0.694
5209705,Hidrolândia,GO,Centro-Oeste,30587,27742,1165,41,1528149,55084,952.122,29.14,0.706
5209804,Hidrolina,GO,Centro-Oeste,3477,3545,4884,189,110997,31311,583.756,6.07,0.677
5209903,Iaciara,GO,Centro-Oeste,10289,10584,3062,94,265592,25094,1547.183,6.84,0.644
5209937,Inaciolândia,GO,Centro-Oeste,6076,5954,3972,136,373361,62708,689.201,8.64,0.692
5209952,Indiara,GO,Centro-Oeste,17985,17061,1942,64,754047,44197,955.419,17.86,0.701
5210000,Inhumas,GO,Centro-Oeste,53884,52204,636,24,1880643,36025,614.887,84.9,0.72
5210109,Ipameri,GO,Centro-Oeste,26223,25548,1342,47,2797965,109518,4382.863,5.83,0.701
5210158,Ipiranga de Goiás,GO,Centro-Oeste,2968,2919,5107,209,95822,32827,244.209,11.95,0.696
5210208,Iporá,GO,Centro-Oeste,37283,35684,928,32,1227631,34403,1027.249,34.74,0.743
5210307,Israelândia,GO,Centro-Oeste,2515,2560,5288,225,90980,35539,579.19,4.42,0.711
5210406,Itaberaí,GO,Centro-Oeste,47603,44734,717,26,2305609,51540,1461.916,30.6,0.719
5210562,Itaguari,GO,Centro-Oeste,5120,4963,4246,145,126630,25515,142.652,34.79,0.693
5210604,Itaguaru,GO,Centro-Oeste,4837,4904,4346,150,119889,24447,241.029,20.35,0.718
5210802,Itajá,GO,Centro-Oeste,4276,4380,4581,160,188306,42992,2082.736,2.1,0.691
5210901,Itapaci,GO,Centro-Oeste,21891,21087,1619,56,599908,28449,952.998,22.13,0.725
5211008,Itapirapuã,GO,Centro-Oeste,8133,8007,3422,115,300251,37499,2047.874,3.91,0.677
5211206,Itapuranga,GO,Centro-Oeste,26553,26113,1327,46,734913,28144,1281.404,20.38,0.726
5211305,Itarumã,GO,Centro-Oeste,6124,6101,3956,135,412359,67589,3437.367,1.77,0.693
5211404,Itauçu,GO,Centro-Oeste,7636,7736,3527,123,359651,46491,383.066,20.19,0.718
5211503,Itumbiara,GO,Centro-Oeste,113322,107970,295,12,6555376,60715,2447.014,44.12,0.752
5211602,Ivolândia,GO,Centro-Oeste,2731,2693,5205,220,145722,54111,1260.841,2.14,0.704
5211701,Jandaia,GO,Centro-Oeste,6365,6272,3871,132,446723,71225,863.087,7.27,0.707
5211800,Jaraguá,GO,Centro-Oeste,46633,45223,734,27,1205296,26652,1848.947,24.46,0.699
5211909,Jataí,GO,Centro-Oeste,111634,105729,298,14,10026117,94828,7178.792,14.73,0.757
5212006,Jaupaci,GO,Centro-Oeste,2939,2924,5118,212,112607,38511,528.783,5.53,0.689
5212055,Jesúpolis,GO,Centro-Oeste,2112,2123,5416,237,51232,24132,115.211,18.43,0.649
5212105,Joviânia,GO,Centro-Oeste,7247,7159,3628,125,423165,59110,446.258,16.04,0.706
5212204,Jussara,GO,Centro-Oeste,19926,19620,1759,59,884366,45075,4092.34,4.79,0.743
5212253,Lagoa Santa,GO,Centro-Oeste,1435,1390,5551,244,67251,48382,463.289,3,0.74
5212303,Leopoldo de Bulhões,GO,Centro-Oeste,9123,8745,3251,104,452342,51726,476.137,18.37,0.659
5212501,Luziânia,GO,Centro-Oeste,221262,209129,147,6,6264671,29956,3962.107,52.78,0.701
5212600,Mairipotaba,GO,Centro-Oeste,2631,2561,5249,222,101348,39574,468.029,5.47,0.745
5212709,Mambaí,GO,Centro-Oeste,8493,8124,3351,109,139650,17190,858.27,9.47,0.626
5212808,Mara Rosa,GO,Centro-Oeste,10806,10700,2915,91,411528,38461,1695.463,6.31,0.691
5212907,Marzagão,GO,Centro-Oeste,2942,2758,5117,211,76281,27658,225.518,12.23,0.699
5212956,Matrinchã,GO,Centro-Oeste,4004,4042,4697,170,225035,55674,1150.503,3.51,0.679
5213004,Maurilândia,GO,Centro-Oeste,10145,10304,3080,96,327508,31785,389.959,26.42,0.677
5213053,Mimoso de Goiás,GO,Centro-Oeste,2626,2614,5251,223,179168,68542,1380.701,1.89,0.665
5213087,Minaçu,GO,Centro-Oeste,26616,27075,1323,45,1286497,47516,2854.137,9.49,0.707
5213103,Mineiros,GO,Centro-Oeste,74999,70081,465,21,4536325,64730,9042.844,7.75,0.718
5213400,Moiporá,GO,Centro-Oeste,1687,1685,5524,243,73136,43404,452.314,3.73,0.696
5213509,Monte Alegre de Goiás,GO,Centro-Oeste,6534,6692,3810,129,141790,21188,3119.86,2.14,0.615
5213707,Montes Claros de Goiás,GO,Centro-Oeste,9024,8756,3264,105,818049,93427,2900.397,3.02,0.707
5213756,Montividiu,GO,Centro-Oeste,13094,12521,2556,79,1619839,129370,1869.581,6.7,0.733
5213772,Montividiu do Norte,GO,Centro-Oeste,3743,3779,4790,181,124015,32817,1337.232,2.83,0.613
5213806,Morrinhos,GO,Centro-Oeste,54326,51351,626,23,2524023,49152,2846.299,18.04,0.734
5213855,Morro Agudo de Goiás,GO,Centro-Oeste,2505,2456,5290,226,68988,28090,282.333,8.7,0.695
5213905,Mossâmedes,GO,Centro-Oeste,4626,4654,4428,154,170963,36735,684.882,6.8,0.706
5214002,Mozarlândia,GO,Centro-Oeste,15199,14750,2226,71,1366986,92677,1738.516,8.48,0.683
5214051,Mundo Novo,GO,Centro-Oeste,6202,6189,3929,134,319880,51685,2141.534,2.89,0.634
5214101,Mutunópolis,GO,Centro-Oeste,3540,3564,4860,188,105711,29661,955.069,3.73,0.68
5214408,Nazário,GO,Centro-Oeste,8349,8189,3373,111,313258,38254,281.147,29.13,0.71
5214507,Nerópolis,GO,Centro-Oeste,34273,31932,1011,38,1548492,48493,204.713,155.98,0.721
5214606,Niquelândia,GO,Centro-Oeste,33890,34964,1028,39,1516123,43362,9846.293,3.55,0.715
5214705,Nova América,GO,Centro-Oeste,2380,2337,5326,229,60721,25982,209.432,11.16,0.678
5214804,Nova Aurora,GO,Centro-Oeste,2132,2101,5411,236,71369,33969,307.335,6.84,0.747
5214838,Nova Crixás,GO,Centro-Oeste,13153,12815,2545,78,932185,72742,7308.681,1.75,0.643
5214861,Nova Glória,GO,Centro-Oeste,8356,8310,3370,110,196168,23606,411.753,20.18,0.681
5214879,Nova Iguaçu de Goiás,GO,Centro-Oeste,3084,3010,5051,200,72975,24244,625.625,4.81,0.655
5214903,Nova Roma,GO,Centro-Oeste,3022,3076,5084,203,80910,26304,2136.725,1.44,0.634
5215009,Nova Veneza,GO,Centro-Oeste,9883,9481,3121,98,261701,27603,122.354,77.49,0.718
5215207,Novo Brasil,GO,Centro-Oeste,3567,3527,4849,185,105687,29965,649.349,5.43,0.699
5215231,Novo Gama,GO,Centro-Oeste,107663,103804,313,15,1349983,13005,192.285,539.84,0.684
5215256,Novo Planalto,GO,Centro-Oeste,3703,3716,4806,182,190862,51362,1254.491,2.96,0.658
5215306,Orizona,GO,Centro-Oeste,17035,16399,2068,68,1147584,69979,1971.265,8.32,0.715
5215405,Ouro Verde de Goiás,GO,Centro-Oeste,4109,4057,4656,166,217326,53568,208.804,19.43,0.719
5215504,Ouvidor,GO,Centro-Oeste,7665,7200,3520,122,486717,67600,411.318,17.5,0.747
5215603,Padre Bernardo,GO,Centro-Oeste,37207,34967,929,33,1036141,29632,3142.615,11.13,0.651
5215652,Palestina de Goiás,GO,Centro-Oeste,3113,3132,5043,199,259528,82863,1318.047,2.38,0.713
5215702,Palmeiras de Goiás,GO,Centro-Oeste,34375,31858,1006,37,2083486,65399,1537.196,20.72,0.698
5215801,Palmelo,GO,Centro-Oeste,2266,2259,5363,231,58941,26092,59.809,37.77,0.73
5215900,Palminópolis,GO,Centro-Oeste,3959,3851,4721,172,233772,60704,393.326,9.79,0.722
5216007,Panamá,GO,Centro-Oeste,2432,2455,5307,228,207977,84716,432.204,5.68,0.686
5216304,Paranaiguara,GO,Centro-Oeste,7356,7607,3603,124,317830,41781,1153.415,6.6,0.711
5216403,Paraúna,GO,Centro-Oeste,10727,10659,2936,92,1824836,171201,3786.578,2.81,0.672
5216452,Perolândia,GO,Centro-Oeste,2999,2964,5093,205,790811,266805,1033.657,2.87,0.676
5216809,Petrolina de Goiás,GO,Centro-Oeste,9519,9573,3177,100,244843,25576,530.49,18.05,0.712
5216908,Pilar de Goiás,GO,Centro-Oeste,2254,2328,5368,232,121147,52039,906.048,2.57,0.684
5217104,Piracanjuba,GO,Centro-Oeste,25373,24883,1386,48,1311747,52717,2374.232,10.48,0.721
5217203,Piranhas,GO,Centro-Oeste,11940,11712,2690,84,953112,81379,2045.088,5.73,0.721
5217302,Pirenópolis,GO,Centro-Oeste,28028,26690,1270,43,830089,31101,2200.369,12.13,0.693
5217401,Pires do Rio,GO,Centro-Oeste,33736,32373,1035,40,1928362,59567,1077.641,30.04,0.744
5217609,Planaltina,GO,Centro-Oeste,112304,105031,296,13,1939904,18470,2558.924,41.04,0.669
5217708,Pontalina,GO,Centro-Oeste,18763,18309,1854,60,840052,45882,1434.289,12.77,0.687
5218003,Porangatu,GO,Centro-Oeste,45512,44317,751,28,2072827,46773,4825.287,9.18,0.727
5218052,Porteirão,GO,Centro-Oeste,4276,4070,4582,161,388339,95415,606.262,6.71,0.684
5218102,Portelândia,GO,Centro-Oeste,3191,3280,5008,196,305584,93166,553.411,5.93,0.654
5218300,Posse,GO,Centro-Oeste,36291,34914,950,35,938125,26870,2076.99,16.81,0.659
5218391,Professor Jamil,GO,Centro-Oeste,3750,3649,4788,180,86823,23794,356.292,10.24,0.684
5218508,Quirinópolis,GO,Centro-Oeste,50329,48447,675,25,3123504,64473,3786.026,12.8,0.74
5218607,Rialma,GO,Centro-Oeste,12665,12165,2599,82,410814,33770,268.291,45.34,0.727
5218706,Rianápolis,GO,Centro-Oeste,3893,3980,4739,174,125402,31508,157.379,25.29,0.693
5218789,Rio Quente,GO,Centro-Oeste,4033,3864,4686,169,579154,149885,244.655,15.79,0.731
5218805,Rio Verde,GO,Centro-Oeste,241494,225696,135,5,22310032,98850,8374.255,26.95,0.754
5218904,Rubiataba,GO,Centro-Oeste,20186,19788,1741,58,767419,38782,750.659,26.36,0.719
5219001,Sanclerlândia,GO,Centro-Oeste,8085,7918,3432,116,279278,35271,509.402,15.54,0.736
5219100,Santa Bárbara de Goiás,GO,Centro-Oeste,6306,6149,3892,133,183431,29831,140.957,43.62,0.706
5219209,Santa Cruz de Goiás,GO,Centro-Oeste,3004,3002,5090,204,293229,97678,1109.007,2.71,0.688
5219258,Santa Fé de Goiás,GO,Centro-Oeste,5047,4951,4271,146,350881,70871,1164.186,4.25,0.713
5219308,Santa Helena de Goiás,GO,Centro-Oeste,39601,38492,867,30,1995752,51848,1142.337,33.7,0.724
5219357,Santa Isabel,GO,Centro-Oeste,3543,3538,4859,187,147694,41745,812.756,4.35,0.683
5219407,Santa Rita do Araguaia,GO,Centro-Oeste,5765,5924,4052,140,216189,36494,1357.197,4.36,0.714
5219456,Santa Rita do Novo Destino,GO,Centro-Oeste,2611,2689,5264,224,179620,66798,970.448,2.77,0.634
5219506,Santa Rosa de Goiás,GO,Centro-Oeste,2828,2820,5161,216,100777,35737,166.44,16.94,0.701
5219605,Santa Tereza de Goiás,GO,Centro-Oeste,3172,3293,5015,197,105474,32030,789.544,4.17,0.665
5219704,Santa Terezinha de Goiás,GO,Centro-Oeste,10837,10645,2906,90,259907,24416,1206.6,8.82,0.701
5219712,Santo Antônio da Barra,GO,Centro-Oeste,4279,4267,4580,159,329277,77168,450.336,9.48,0.691
5219738,Santo Antônio de Goiás,GO,Centro-Oeste,8066,7386,3439,117,200106,27093,135.022,54.7,0.723
5219753,Santo Antônio do Descoberto,GO,Centro-Oeste,75221,72127,462,20,972899,13489,943.948,76.41,0.665
5219803,São Domingos,GO,Centro-Oeste,9457,9711,3190,102,276813,28505,3335.999,2.91,0.597
5219902,São Francisco de Goiás,GO,Centro-Oeste,6507,6378,3818,130,173869,27261,416.535,15.31,0.651
5220009,São João d'Aliança,GO,Centro-Oeste,15026,14041,2244,72,597270,42538,3334.455,4.21,0.685
5220058,São João da Paraúna,GO,Centro-Oeste,1812,1774,5496,242,148707,83826,286.979,6.18,0.724
5220108,São Luís de Montes Belos,GO,Centro-Oeste,35288,33852,978,36,2008425,59330,829.62,40.8,0.731
5220157,São Luiz do Norte,GO,Centro-Oeste,4939,4837,4310,149,221723,45839,583.832,8.28,0.669
5220207,São Miguel do Araguaia,GO,Centro-Oeste,22040,21900,1611,55,880802,40219,6150.179,3.56,0.664
5220264,São Miguel do Passa Quatro,GO,Centro-Oeste,4671,4464,4415,152,337469,75598,537.347,8.31,0.697
5220280,São Patrício,GO,Centro-Oeste,2200,2143,5383,233,66124,30856,172.763,12.4,0.693
5220405,São Simão,GO,Centro-Oeste,17181,17020,2057,67,2537275,149076,415.015,41.01,0.72
5220454,Senador Canedo,GO,Centro-Oeste,175042,155635,179,8,5495055,35307,247.005,630.09,0.701
5220504,Serranópolis,GO,Centro-Oeste,8237,8027,3403,114,819680,102115,5521.774,1.45,0.681
5220603,Silvânia,GO,Centro-Oeste,23150,22245,1544,51,1594191,71665,2349.924,9.47,0.709
5220686,Simolândia,GO,Centro-Oeste,5634,5742,4096,141,233339,40637,346.811,16.56,0.645
5220702,Sítio d'Abadia,GO,Centro-Oeste,2978,2927,5102,207,104248,35616,1611.851,1.82,0.617
5221007,Taquaral de Goiás,GO,Centro-Oeste,4180,4026,4628,164,97090,24116,205.665,19.58,0.716
5221080,Teresina de Goiás,GO,Centro-Oeste,2660,2701,5239,221,47499,17586,784.793,3.44,0.661
5221197,Terezópolis de Goiás,GO,Centro-Oeste,8340,7944,3377,112,258448,32534,107.407,73.96,0.685
5221304,Três Ranchos,GO,Centro-Oeste,2976,2921,5104,208,96756,33124,284.034,10.28,0.745
5221403,Trindade,GO,Centro-Oeste,153560,142431,207,9,3631624,25497,712.69,199.85,0.699
5221452,Trombas,GO,Centro-Oeste,3080,3120,5054,201,82138,26326,802.905,3.89,0.653
5221502,Turvânia,GO,Centro-Oeste,4449,4480,4511,156,359274,80195,482.317,9.29,0.697
5221551,Turvelândia,GO,Centro-Oeste,5171,4985,4229,144,757326,151921,935.659,5.33,0.691
5221577,Uirapuru,GO,Centro-Oeste,2798,2798,5177,218,86672,30976,1154.305,2.42,0.67
5221601,Uruaçu,GO,Centro-Oeste,44533,42546,766,29,1637352,38484,2142.484,19.86,0.737
5221700,Uruana,GO,Centro-Oeste,13857,13729,2472,77,405664,29548,522.904,26.26,0.703
5221809,Urutaí,GO,Centro-Oeste,3700,3553,4807,183,152304,42866,623.821,5.7,0.732
5221858,Valparaíso de Goiás,GO,Centro-Oeste,218416,198861,149,7,3621840,18213,61.488,3234.14,0.746
5221908,Varjão,GO,Centro-Oeste,3770,3716,4781,178,122376,32932,517.402,7.18,0.687
5222005,Vianópolis,GO,Centro-Oeste,15644,14956,2190,70,914943,61176,954.115,15.68,0.712
5222054,Vicentinópolis,GO,Centro-Oeste,9175,8768,3238,103,677600,77281,733.794,11.95,0.684
5222203,Vila Boa,GO,Centro-Oeste,4145,4215,4641,165,201846,47888,1052.593,4,0.647
5222302,Vila Propício,GO,Centro-Oeste,6028,5815,3977,137,444209,76390,2181.593,2.67,0.634
5300108,Brasília,DF,Centro-Oeste,2996899,2817381,3,1,365669108,129790,5760.784,489.06,0.824
